STRUCTURE,STRUCTURE_ID,STRUCTURE_NAME,ACTION,REF_AREA,Reference area,FREQ,Frequency of observation,MEASURE,Measure,UNIT_MEASURE,Unit of measure,FINANCING_SCHEME,Financing scheme,FINANCING_SCHEME_REV,Revenues of financing schemes,FUNCTION,Health function,MODE_PROVISION,Mode of provision,PROVIDER,Healthcare provider,FACTOR_PROVISION,Factor of provision,ASSET_TYPE,Asset type,PRICE_BASE,Price base,TIME_PERIOD,Time period,OBS_VALUE,Observation value,BASE_PER,Base period,CURRENCY,Currency,OBS_STATUS,Observation status,OBS_STATUS2,Observation status 2,OBS_STATUS3,Observation status 3,UNIT_MULT,Unit multiplier,DECIMALS,Decimals
DATAFLOW,OECD.ELS.HD:DSD_SHA@DF_SHA(1.1),Health expenditure and financing,I,GBR,United Kingdom,A,Annual,EXP_HEALTH,Expenditure,USD_PPP_PS,"US dollars per person, PPP converted",HF3,Household out-of-pocket payments,_Z,Not application,_T,Total,_T,Total,_T,Total,_Z,Not applicable,_Z,Not applicable,Q,Constant prices,2015,,746.55,,2020,,,,,,,,,,0,Units,1,One
DATAFLOW,OECD.ELS.HD:DSD_SHA@DF_SHA(1.1),Health expenditure and financing,I,GBR,United Kingdom,A,Annual,EXP_HEALTH,Expenditure,USD_PPP_PS,"US dollars per person, PPP converted",HF21,Voluntary health insurance schemes,_Z,Not application,_T,Total,_T,Total,_T,Total,_Z,Not applicable,_Z,Not applicable,Q,Constant prices,2015,,149.128,,2020,,,,,,,,,,0,Units,1,One
DATAFLOW,OECD.ELS.HD:DSD_SHA@DF_SHA(1.1),Health expenditure and financing,I,GBR,United Kingdom,A,Annual,EXP_HEALTH,Expenditure,USD_PPP_PS,"US dollars per person, PPP converted",HF2HF3,Voluntary schemes/household out-of-pocket payments,_Z,Not application,_T,Total,_T,Total,_T,Total,_Z,Not applicable,_Z,Not applicable,Q,Constant prices,2015,,987.713,,2020,,,,,,,,,,0,Units,1,One
DATAFLOW,OECD.ELS.HD:DSD_SHA@DF_SHA(1.1),Health expenditure and financing,I,GBR,United Kingdom,A,Annual,EXP_HEALTH,Expenditure,USD_PPP_PS,"US dollars per person, PPP converted",HF2,Voluntary healthcare payment schemes,_Z,Not application,_T,Total,_T,Total,_T,Total,_Z,Not applicable,_Z,Not applicable,Q,Constant prices,2015,,241.163,,2020,,,,,,,,,,0,Units,1,One
DATAFLOW,OECD.ELS.HD:DSD_SHA@DF_SHA(1.1),Health expenditure and financing,I,GBR,United Kingdom,A,Annual,EXP_HEALTH,Expenditure,USD_PPP_PS,"US dollars per person, PPP converted",HF11,Government schemes,_Z,Not application,_T,Total,_T,Total,_T,Total,_Z,Not applicable,_Z,Not applicable,Q,Constant prices,2015,,3643.709,,2020,,,,,,,,,,0,Units,1,One
DATAFLOW,OECD.ELS.HD:DSD_SHA@DF_SHA(1.1),Health expenditure and financing,I,GBR,United Kingdom,A,Annual,EXP_HEALTH,Expenditure,USD_PPP_PS,"US dollars per person, PPP converted",HF23,Enterprise financing schemes,_Z,Not application,_T,Total,_T,Total,_T,Total,_Z,Not applicable,_Z,Not applicable,Q,Constant prices,2015,,15.026,,2020,,,,,,,,,,0,Units,1,One
DATAFLOW,OECD.ELS.HD:DSD_SHA@DF_SHA(1.1),Health expenditure and financing,I,GBR,United Kingdom,A,Annual,EXP_HEALTH,Expenditure,USD_PPP_PS,"US dollars per person, PPP converted",HF22,NPISH financing schemes,_Z,Not application,_T,Total,_T,Total,_T,Total,_Z,Not applicable,_Z,Not applicable,Q,Constant prices,2015,,77.009,,2020,,,,,,,,,,0,Units,1,One
DATAFLOW,OECD.ELS.HD:DSD_SHA@DF_SHA(1.1),Health expenditure and financing,I,GBR,United Kingdom,A,Annual,EXP_HEALTH,Expenditure,USD_PPP_PS,"US dollars per person, PPP converted",HF22,NPISH financing schemes,_Z,Not application,_T,Total,_T,Total,_T,Total,_Z,Not applicable,_Z,Not applicable,Q,Constant prices,2016,,85.325,,2020,,,,,,,,,,0,Units,1,One
DATAFLOW,OECD.ELS.HD:DSD_SHA@DF_SHA(1.1),Health expenditure and financing,I,GBR,United Kingdom,A,Annual,EXP_HEALTH,Expenditure,USD_PPP_PS,"US dollars per person, PPP converted",HF23,Enterprise financing schemes,_Z,Not application,_T,Total,_T,Total,_T,Total,_Z,Not applicable,_Z,Not applicable,Q,Constant prices,2016,,14.392,,2020,,,,,,,,,,0,Units,1,One
DATAFLOW,OECD.ELS.HD:DSD_SHA@DF_SHA(1.1),Health expenditure and financing,I,GBR,United Kingdom,A,Annual,EXP_HEALTH,Expenditure,USD_PPP_PS,"US dollars per person, PPP converted",HF11,Government schemes,_Z,Not application,_T,Total,_T,Total,_T,Total,_Z,Not applicable,_Z,Not applicable,Q,Constant prices,2016,,3707.808,,2020,,,,,,,,,,0,Units,1,One
DATAFLOW,OECD.ELS.HD:DSD_SHA@DF_SHA(1.1),Health expenditure and financing,I,GBR,United Kingdom,A,Annual,EXP_HEALTH,Expenditure,USD_PPP_PS,"US dollars per person, PPP converted",HF2,Voluntary healthcare payment schemes,_Z,Not application,_T,Total,_T,Total,_T,Total,_Z,Not applicable,_Z,Not applicable,Q,Constant prices,2016,,229.222,,2020,,,,,,,,,,0,Units,1,One
DATAFLOW,OECD.ELS.HD:DSD_SHA@DF_SHA(1.1),Health expenditure and financing,I,GBR,United Kingdom,A,Annual,EXP_HEALTH,Expenditure,USD_PPP_PS,"US dollars per person, PPP converted",HF2HF3,Voluntary schemes/household out-of-pocket payments,_Z,Not application,_T,Total,_T,Total,_T,Total,_Z,Not applicable,_Z,Not applicable,Q,Constant prices,2016,,983.631,,2020,,,,,,,,,,0,Units,1,One
DATAFLOW,OECD.ELS.HD:DSD_SHA@DF_SHA(1.1),Health expenditure and financing,I,GBR,United Kingdom,A,Annual,EXP_HEALTH,Expenditure,USD_PPP_PS,"US dollars per person, PPP converted",HF21,Voluntary health insurance schemes,_Z,Not application,_T,Total,_T,Total,_T,Total,_Z,Not applicable,_Z,Not applicable,Q,Constant prices,2016,,129.506,,2020,,,,,,,,,,0,Units,1,One
DATAFLOW,OECD.ELS.HD:DSD_SHA@DF_SHA(1.1),Health expenditure and financing,I,GBR,United Kingdom,A,Annual,EXP_HEALTH,Expenditure,USD_PPP_PS,"US dollars per person, PPP converted",HF3,Household out-of-pocket payments,_Z,Not application,_T,Total,_T,Total,_T,Total,_Z,Not applicable,_Z,Not applicable,Q,Constant prices,2016,,754.409,,2020,,,,,,,,,,0,Units,1,One
DATAFLOW,OECD.ELS.HD:DSD_SHA@DF_SHA(1.1),Health expenditure and financing,I,GBR,United Kingdom,A,Annual,EXP_HEALTH,Expenditure,USD_PPP_PS,"US dollars per person, PPP converted",HF3,Household out-of-pocket payments,_Z,Not application,_T,Total,_T,Total,_T,Total,_Z,Not applicable,_Z,Not applicable,Q,Constant prices,2017,,772.174,,2020,,,,,,,,,,0,Units,1,One
DATAFLOW,OECD.ELS.HD:DSD_SHA@DF_SHA(1.1),Health expenditure and financing,I,GBR,United Kingdom,A,Annual,EXP_HEALTH,Expenditure,USD_PPP_PS,"US dollars per person, PPP converted",HF21,Voluntary health insurance schemes,_Z,Not application,_T,Total,_T,Total,_T,Total,_Z,Not applicable,_Z,Not applicable,Q,Constant prices,2017,,138.938,,2020,,,,,,,,,,0,Units,1,One
DATAFLOW,OECD.ELS.HD:DSD_SHA@DF_SHA(1.1),Health expenditure and financing,I,GBR,United Kingdom,A,Annual,EXP_HEALTH,Expenditure,USD_PPP_PS,"US dollars per person, PPP converted",HF2HF3,Voluntary schemes/household out-of-pocket payments,_Z,Not application,_T,Total,_T,Total,_T,Total,_Z,Not applicable,_Z,Not applicable,Q,Constant prices,2017,,1021.966,,2020,,,,,,,,,,0,Units,1,One
DATAFLOW,OECD.ELS.HD:DSD_SHA@DF_SHA(1.1),Health expenditure and financing,I,GBR,United Kingdom,A,Annual,EXP_HEALTH,Expenditure,USD_PPP_PS,"US dollars per person, PPP converted",HF2,Voluntary healthcare payment schemes,_Z,Not application,_T,Total,_T,Total,_T,Total,_Z,Not applicable,_Z,Not applicable,Q,Constant prices,2017,,249.791,,2020,,,,,,,,,,0,Units,1,One
DATAFLOW,OECD.ELS.HD:DSD_SHA@DF_SHA(1.1),Health expenditure and financing,I,GBR,United Kingdom,A,Annual,EXP_HEALTH,Expenditure,USD_PPP_PS,"US dollars per person, PPP converted",HF11,Government schemes,_Z,Not application,_T,Total,_T,Total,_T,Total,_Z,Not applicable,_Z,Not applicable,Q,Constant prices,2017,,3712.285,,2020,,,,,,,,,,0,Units,1,One
DATAFLOW,OECD.ELS.HD:DSD_SHA@DF_SHA(1.1),Health expenditure and financing,I,GBR,United Kingdom,A,Annual,EXP_HEALTH,Expenditure,USD_PPP_PS,"US dollars per person, PPP converted",HF23,Enterprise financing schemes,_Z,Not application,_T,Total,_T,Total,_T,Total,_Z,Not applicable,_Z,Not applicable,Q,Constant prices,2017,,14.159,,2020,,,,,,,,,,0,Units,1,One
DATAFLOW,OECD.ELS.HD:DSD_SHA@DF_SHA(1.1),Health expenditure and financing,I,GBR,United Kingdom,A,Annual,EXP_HEALTH,Expenditure,USD_PPP_PS,"US dollars per person, PPP converted",HF22,NPISH financing schemes,_Z,Not application,_T,Total,_T,Total,_T,Total,_Z,Not applicable,_Z,Not applicable,Q,Constant prices,2017,,96.694,,2020,,,,,,,,,,0,Units,1,One
DATAFLOW,OECD.ELS.HD:DSD_SHA@DF_SHA(1.1),Health expenditure and financing,I,GBR,United Kingdom,A,Annual,EXP_HEALTH,Expenditure,USD_PPP_PS,"US dollars per person, PPP converted",HF22,NPISH financing schemes,_Z,Not application,_T,Total,_T,Total,_T,Total,_Z,Not applicable,_Z,Not applicable,Q,Constant prices,2018,,92.902,,2020,,,,,,,,,,0,Units,1,One
DATAFLOW,OECD.ELS.HD:DSD_SHA@DF_SHA(1.1),Health expenditure and financing,I,GBR,United Kingdom,A,Annual,EXP_HEALTH,Expenditure,USD_PPP_PS,"US dollars per person, PPP converted",HF23,Enterprise financing schemes,_Z,Not application,_T,Total,_T,Total,_T,Total,_Z,Not applicable,_Z,Not applicable,Q,Constant prices,2018,,13.925,,2020,,,,,,,,,,0,Units,1,One
DATAFLOW,OECD.ELS.HD:DSD_SHA@DF_SHA(1.1),Health expenditure and financing,I,GBR,United Kingdom,A,Annual,EXP_HEALTH,Expenditure,USD_PPP_PS,"US dollars per person, PPP converted",HF11,Government schemes,_Z,Not application,_T,Total,_T,Total,_T,Total,_Z,Not applicable,_Z,Not applicable,Q,Constant prices,2018,,3769.804,,2020,,,,,,,,,,0,Units,1,One
DATAFLOW,OECD.ELS.HD:DSD_SHA@DF_SHA(1.1),Health expenditure and financing,I,GBR,United Kingdom,A,Annual,EXP_HEALTH,Expenditure,USD_PPP_PS,"US dollars per person, PPP converted",HF2,Voluntary healthcare payment schemes,_Z,Not application,_T,Total,_T,Total,_T,Total,_Z,Not applicable,_Z,Not applicable,Q,Constant prices,2018,,245.426,,2020,,,,,,,,,,0,Units,1,One
DATAFLOW,OECD.ELS.HD:DSD_SHA@DF_SHA(1.1),Health expenditure and financing,I,GBR,United Kingdom,A,Annual,EXP_HEALTH,Expenditure,USD_PPP_PS,"US dollars per person, PPP converted",HF2HF3,Voluntary schemes/household out-of-pocket payments,_Z,Not application,_T,Total,_T,Total,_T,Total,_Z,Not applicable,_Z,Not applicable,Q,Constant prices,2018,,1035.726,,2020,,,,,,,,,,0,Units,1,One
DATAFLOW,OECD.ELS.HD:DSD_SHA@DF_SHA(1.1),Health expenditure and financing,I,GBR,United Kingdom,A,Annual,EXP_HEALTH,Expenditure,USD_PPP_PS,"US dollars per person, PPP converted",HF21,Voluntary health insurance schemes,_Z,Not application,_T,Total,_T,Total,_T,Total,_Z,Not applicable,_Z,Not applicable,Q,Constant prices,2018,,138.599,,2020,,,,,,,,,,0,Units,1,One
DATAFLOW,OECD.ELS.HD:DSD_SHA@DF_SHA(1.1),Health expenditure and financing,I,GBR,United Kingdom,A,Annual,EXP_HEALTH,Expenditure,USD_PPP_PS,"US dollars per person, PPP converted",HF3,Household out-of-pocket payments,_Z,Not application,_T,Total,_T,Total,_T,Total,_Z,Not applicable,_Z,Not applicable,Q,Constant prices,2018,,790.299,,2020,,,,,,,,,,0,Units,1,One
DATAFLOW,OECD.ELS.HD:DSD_SHA@DF_SHA(1.1),Health expenditure and financing,I,GBR,United Kingdom,A,Annual,EXP_HEALTH,Expenditure,USD_PPP_PS,"US dollars per person, PPP converted",HF3,Household out-of-pocket payments,_Z,Not application,_T,Total,_T,Total,_T,Total,_Z,Not applicable,_Z,Not applicable,Q,Constant prices,2019,,801.618,,2020,,,,,,,,,,0,Units,1,One
DATAFLOW,OECD.ELS.HD:DSD_SHA@DF_SHA(1.1),Health expenditure and financing,I,GBR,United Kingdom,A,Annual,EXP_HEALTH,Expenditure,USD_PPP_PS,"US dollars per person, PPP converted",HF21,Voluntary health insurance schemes,_Z,Not application,_T,Total,_T,Total,_T,Total,_Z,Not applicable,_Z,Not applicable,Q,Constant prices,2019,,140.454,,2020,,,,,,,,,,0,Units,1,One
DATAFLOW,OECD.ELS.HD:DSD_SHA@DF_SHA(1.1),Health expenditure and financing,I,GBR,United Kingdom,A,Annual,EXP_HEALTH,Expenditure,USD_PPP_PS,"US dollars per person, PPP converted",HF2HF3,Voluntary schemes/household out-of-pocket payments,_Z,Not application,_T,Total,_T,Total,_T,Total,_Z,Not applicable,_Z,Not applicable,Q,Constant prices,2019,,1045.233,,2020,,,,,,,,,,0,Units,1,One
DATAFLOW,OECD.ELS.HD:DSD_SHA@DF_SHA(1.1),Health expenditure and financing,I,GBR,United Kingdom,A,Annual,EXP_HEALTH,Expenditure,USD_PPP_PS,"US dollars per person, PPP converted",HF2,Voluntary healthcare payment schemes,_Z,Not application,_T,Total,_T,Total,_T,Total,_Z,Not applicable,_Z,Not applicable,Q,Constant prices,2019,,243.615,,2020,,,,,,,,,,0,Units,1,One
DATAFLOW,OECD.ELS.HD:DSD_SHA@DF_SHA(1.1),Health expenditure and financing,I,GBR,United Kingdom,A,Annual,EXP_HEALTH,Expenditure,USD_PPP_PS,"US dollars per person, PPP converted",HF11,Government schemes,_Z,Not application,_T,Total,_T,Total,_T,Total,_Z,Not applicable,_Z,Not applicable,Q,Constant prices,2019,,3905.257,,2020,,,,,,,,,,0,Units,1,One
DATAFLOW,OECD.ELS.HD:DSD_SHA@DF_SHA(1.1),Health expenditure and financing,I,GBR,United Kingdom,A,Annual,EXP_HEALTH,Expenditure,USD_PPP_PS,"US dollars per person, PPP converted",HF23,Enterprise financing schemes,_Z,Not application,_T,Total,_T,Total,_T,Total,_Z,Not applicable,_Z,Not applicable,Q,Constant prices,2019,,13.78,,2020,,,,,,,,,,0,Units,1,One
DATAFLOW,OECD.ELS.HD:DSD_SHA@DF_SHA(1.1),Health expenditure and financing,I,GBR,United Kingdom,A,Annual,EXP_HEALTH,Expenditure,USD_PPP_PS,"US dollars per person, PPP converted",HF22,NPISH financing schemes,_Z,Not application,_T,Total,_T,Total,_T,Total,_Z,Not applicable,_Z,Not applicable,Q,Constant prices,2019,,89.381,,2020,,,,,,,,,,0,Units,1,One
DATAFLOW,OECD.ELS.HD:DSD_SHA@DF_SHA(1.1),Health expenditure and financing,I,GBR,United Kingdom,A,Annual,EXP_HEALTH,Expenditure,USD_PPP_PS,"US dollars per person, PPP converted",HF22,NPISH financing schemes,_Z,Not application,_T,Total,_T,Total,_T,Total,_Z,Not applicable,_Z,Not applicable,Q,Constant prices,2020,,83.016,,2020,,,,,,,,,,0,Units,1,One
DATAFLOW,OECD.ELS.HD:DSD_SHA@DF_SHA(1.1),Health expenditure and financing,I,GBR,United Kingdom,A,Annual,EXP_HEALTH,Expenditure,USD_PPP_PS,"US dollars per person, PPP converted",HF23,Enterprise financing schemes,_Z,Not application,_T,Total,_T,Total,_T,Total,_Z,Not applicable,_Z,Not applicable,Q,Constant prices,2020,,9.659,,2020,,,,,,,,,,0,Units,1,One
DATAFLOW,OECD.ELS.HD:DSD_SHA@DF_SHA(1.1),Health expenditure and financing,I,GBR,United Kingdom,A,Annual,EXP_HEALTH,Expenditure,USD_PPP_PS,"US dollars per person, PPP converted",HF11,Government schemes,_Z,Not application,_T,Total,_T,Total,_T,Total,_Z,Not applicable,_Z,Not applicable,Q,Constant prices,2020,,4486.974,,2020,,,,,,,,,,0,Units,1,One
DATAFLOW,OECD.ELS.HD:DSD_SHA@DF_SHA(1.1),Health expenditure and financing,I,GBR,United Kingdom,A,Annual,EXP_HEALTH,Expenditure,USD_PPP_PS,"US dollars per person, PPP converted",HF2,Voluntary healthcare payment schemes,_Z,Not application,_T,Total,_T,Total,_T,Total,_Z,Not applicable,_Z,Not applicable,Q,Constant prices,2020,,219.539,,2020,,,,,,,,,,0,Units,1,One
DATAFLOW,OECD.ELS.HD:DSD_SHA@DF_SHA(1.1),Health expenditure and financing,I,GBR,United Kingdom,A,Annual,EXP_HEALTH,Expenditure,USD_PPP_PS,"US dollars per person, PPP converted",HF2HF3,Voluntary schemes/household out-of-pocket payments,_Z,Not application,_T,Total,_T,Total,_T,Total,_Z,Not applicable,_Z,Not applicable,Q,Constant prices,2020,,921.545,,2020,,,,,,,,,,0,Units,1,One
DATAFLOW,OECD.ELS.HD:DSD_SHA@DF_SHA(1.1),Health expenditure and financing,I,GBR,United Kingdom,A,Annual,EXP_HEALTH,Expenditure,USD_PPP_PS,"US dollars per person, PPP converted",HF21,Voluntary health insurance schemes,_Z,Not application,_T,Total,_T,Total,_T,Total,_Z,Not applicable,_Z,Not applicable,Q,Constant prices,2020,,126.863,,2020,,,,,,,,,,0,Units,1,One
DATAFLOW,OECD.ELS.HD:DSD_SHA@DF_SHA(1.1),Health expenditure and financing,I,GBR,United Kingdom,A,Annual,EXP_HEALTH,Expenditure,USD_PPP_PS,"US dollars per person, PPP converted",HF3,Household out-of-pocket payments,_Z,Not application,_T,Total,_T,Total,_T,Total,_Z,Not applicable,_Z,Not applicable,Q,Constant prices,2020,,702.006,,2020,,,,,,,,,,0,Units,1,One
DATAFLOW,OECD.ELS.HD:DSD_SHA@DF_SHA(1.1),Health expenditure and financing,I,GBR,United Kingdom,A,Annual,EXP_HEALTH,Expenditure,USD_PPP_PS,"US dollars per person, PPP converted",HF3,Household out-of-pocket payments,_Z,Not application,_T,Total,_T,Total,_T,Total,_Z,Not applicable,_Z,Not applicable,Q,Constant prices,2021,,786.422,,2020,,,,,,,,,,0,Units,1,One
DATAFLOW,OECD.ELS.HD:DSD_SHA@DF_SHA(1.1),Health expenditure and financing,I,GBR,United Kingdom,A,Annual,EXP_HEALTH,Expenditure,USD_PPP_PS,"US dollars per person, PPP converted",HF21,Voluntary health insurance schemes,_Z,Not application,_T,Total,_T,Total,_T,Total,_Z,Not applicable,_Z,Not applicable,Q,Constant prices,2021,,128.635,,2020,,,,,,,,,,0,Units,1,One
DATAFLOW,OECD.ELS.HD:DSD_SHA@DF_SHA(1.1),Health expenditure and financing,I,GBR,United Kingdom,A,Annual,EXP_HEALTH,Expenditure,USD_PPP_PS,"US dollars per person, PPP converted",HF2HF3,Voluntary schemes/household out-of-pocket payments,_Z,Not application,_T,Total,_T,Total,_T,Total,_Z,Not applicable,_Z,Not applicable,Q,Constant prices,2021,,1014.836,,2020,,,,,,,,,,0,Units,1,One
DATAFLOW,OECD.ELS.HD:DSD_SHA@DF_SHA(1.1),Health expenditure and financing,I,GBR,United Kingdom,A,Annual,EXP_HEALTH,Expenditure,USD_PPP_PS,"US dollars per person, PPP converted",HF2,Voluntary healthcare payment schemes,_Z,Not application,_T,Total,_T,Total,_T,Total,_Z,Not applicable,_Z,Not applicable,Q,Constant prices,2021,,228.414,,2020,,,,,,,,,,0,Units,1,One
DATAFLOW,OECD.ELS.HD:DSD_SHA@DF_SHA(1.1),Health expenditure and financing,I,GBR,United Kingdom,A,Annual,EXP_HEALTH,Expenditure,USD_PPP_PS,"US dollars per person, PPP converted",HF11,Government schemes,_Z,Not application,_T,Total,_T,Total,_T,Total,_Z,Not applicable,_Z,Not applicable,Q,Constant prices,2021,,4821.685,,2020,,,,,,,,,,0,Units,1,One
DATAFLOW,OECD.ELS.HD:DSD_SHA@DF_SHA(1.1),Health expenditure and financing,I,GBR,United Kingdom,A,Annual,EXP_HEALTH,Expenditure,USD_PPP_PS,"US dollars per person, PPP converted",HF23,Enterprise financing schemes,_Z,Not application,_T,Total,_T,Total,_T,Total,_Z,Not applicable,_Z,Not applicable,Q,Constant prices,2021,,8.608,,2020,,,,,,,,,,0,Units,1,One
DATAFLOW,OECD.ELS.HD:DSD_SHA@DF_SHA(1.1),Health expenditure and financing,I,GBR,United Kingdom,A,Annual,EXP_HEALTH,Expenditure,USD_PPP_PS,"US dollars per person, PPP converted",HF22,NPISH financing schemes,_Z,Not application,_T,Total,_T,Total,_T,Total,_Z,Not applicable,_Z,Not applicable,Q,Constant prices,2021,,91.171,,2020,,,,,,,,,,0,Units,1,One
DATAFLOW,OECD.ELS.HD:DSD_SHA@DF_SHA(1.1),Health expenditure and financing,I,GBR,United Kingdom,A,Annual,EXP_HEALTH,Expenditure,USD_PPP_PS,"US dollars per person, PPP converted",HF22,NPISH financing schemes,_Z,Not application,_T,Total,_T,Total,_T,Total,_Z,Not applicable,_Z,Not applicable,Q,Constant prices,2022,,93.288,,2020,,,,,,,,,,0,Units,1,One
DATAFLOW,OECD.ELS.HD:DSD_SHA@DF_SHA(1.1),Health expenditure and financing,I,GBR,United Kingdom,A,Annual,EXP_HEALTH,Expenditure,USD_PPP_PS,"US dollars per person, PPP converted",HF23,Enterprise financing schemes,_Z,Not application,_T,Total,_T,Total,_T,Total,_Z,Not applicable,_Z,Not applicable,Q,Constant prices,2022,,8.016,,2020,,,,,,,,,,0,Units,1,One
DATAFLOW,OECD.ELS.HD:DSD_SHA@DF_SHA(1.1),Health expenditure and financing,I,GBR,United Kingdom,A,Annual,EXP_HEALTH,Expenditure,USD_PPP_PS,"US dollars per person, PPP converted",HF11,Government schemes,_Z,Not application,_T,Total,_T,Total,_T,Total,_Z,Not applicable,_Z,Not applicable,Q,Constant prices,2022,,4409.316,,2020,,,,,,,,,,0,Units,1,One
DATAFLOW,OECD.ELS.HD:DSD_SHA@DF_SHA(1.1),Health expenditure and financing,I,GBR,United Kingdom,A,Annual,EXP_HEALTH,Expenditure,USD_PPP_PS,"US dollars per person, PPP converted",HF2,Voluntary healthcare payment schemes,_Z,Not application,_T,Total,_T,Total,_T,Total,_Z,Not applicable,_Z,Not applicable,Q,Constant prices,2022,,238.101,,2020,,,,,,,,,,0,Units,1,One
DATAFLOW,OECD.ELS.HD:DSD_SHA@DF_SHA(1.1),Health expenditure and financing,I,GBR,United Kingdom,A,Annual,EXP_HEALTH,Expenditure,USD_PPP_PS,"US dollars per person, PPP converted",HF2HF3,Voluntary schemes/household out-of-pocket payments,_Z,Not application,_T,Total,_T,Total,_T,Total,_Z,Not applicable,_Z,Not applicable,Q,Constant prices,2022,,1044.004,,2020,,,,,,,,,,0,Units,1,One
DATAFLOW,OECD.ELS.HD:DSD_SHA@DF_SHA(1.1),Health expenditure and financing,I,GBR,United Kingdom,A,Annual,EXP_HEALTH,Expenditure,USD_PPP_PS,"US dollars per person, PPP converted",HF21,Voluntary health insurance schemes,_Z,Not application,_T,Total,_T,Total,_T,Total,_Z,Not applicable,_Z,Not applicable,Q,Constant prices,2022,,136.796,,2020,,,,,,,,,,0,Units,1,One
DATAFLOW,OECD.ELS.HD:DSD_SHA@DF_SHA(1.1),Health expenditure and financing,I,GBR,United Kingdom,A,Annual,EXP_HEALTH,Expenditure,USD_PPP_PS,"US dollars per person, PPP converted",HF3,Household out-of-pocket payments,_Z,Not application,_T,Total,_T,Total,_T,Total,_Z,Not applicable,_Z,Not applicable,Q,Constant prices,2022,,805.903,,2020,,,,,,,,,,0,Units,1,One
DATAFLOW,OECD.ELS.HD:DSD_SHA@DF_SHA(1.1),Health expenditure and financing,I,GBR,United Kingdom,A,Annual,EXP_HEALTH,Expenditure,USD_PPP_PS,"US dollars per person, PPP converted",HF3,Household out-of-pocket payments,_Z,Not application,_T,Total,_T,Total,_T,Total,_Z,Not applicable,_Z,Not applicable,Q,Constant prices,2023,,771.186,,2020,,,,,,,,,,0,Units,1,One
DATAFLOW,OECD.ELS.HD:DSD_SHA@DF_SHA(1.1),Health expenditure and financing,I,GBR,United Kingdom,A,Annual,EXP_HEALTH,Expenditure,USD_PPP_PS,"US dollars per person, PPP converted",HF21,Voluntary health insurance schemes,_Z,Not application,_T,Total,_T,Total,_T,Total,_Z,Not applicable,_Z,Not applicable,Q,Constant prices,2023,,138.67,,2020,,,,,,,,,,0,Units,1,One
DATAFLOW,OECD.ELS.HD:DSD_SHA@DF_SHA(1.1),Health expenditure and financing,I,GBR,United Kingdom,A,Annual,EXP_HEALTH,Expenditure,USD_PPP_PS,"US dollars per person, PPP converted",HF2HF3,Voluntary schemes/household out-of-pocket payments,_Z,Not application,_T,Total,_T,Total,_T,Total,_Z,Not applicable,_Z,Not applicable,Q,Constant prices,2023,,1010.958,,2020,,,,,,,,,,0,Units,1,One
DATAFLOW,OECD.ELS.HD:DSD_SHA@DF_SHA(1.1),Health expenditure and financing,I,GBR,United Kingdom,A,Annual,EXP_HEALTH,Expenditure,USD_PPP_PS,"US dollars per person, PPP converted",HF2,Voluntary healthcare payment schemes,_Z,Not application,_T,Total,_T,Total,_T,Total,_Z,Not applicable,_Z,Not applicable,Q,Constant prices,2023,,239.772,,2020,,,,,,,,,,0,Units,1,One
DATAFLOW,OECD.ELS.HD:DSD_SHA@DF_SHA(1.1),Health expenditure and financing,I,GBR,United Kingdom,A,Annual,EXP_HEALTH,Expenditure,USD_PPP_PS,"US dollars per person, PPP converted",HF11,Government schemes,_Z,Not application,_T,Total,_T,Total,_T,Total,_Z,Not applicable,_Z,Not applicable,Q,Constant prices,2023,,4301.711,,2020,,,,,,,,,,0,Units,1,One
DATAFLOW,OECD.ELS.HD:DSD_SHA@DF_SHA(1.1),Health expenditure and financing,I,GBR,United Kingdom,A,Annual,EXP_HEALTH,Expenditure,USD_PPP_PS,"US dollars per person, PPP converted",HF23,Enterprise financing schemes,_Z,Not application,_T,Total,_T,Total,_T,Total,_Z,Not applicable,_Z,Not applicable,Q,Constant prices,2023,,7.244,,2020,,,,,,,,,,0,Units,1,One
DATAFLOW,OECD.ELS.HD:DSD_SHA@DF_SHA(1.1),Health expenditure and financing,I,GBR,United Kingdom,A,Annual,EXP_HEALTH,Expenditure,USD_PPP_PS,"US dollars per person, PPP converted",HF22,NPISH financing schemes,_Z,Not application,_T,Total,_T,Total,_T,Total,_Z,Not applicable,_Z,Not applicable,Q,Constant prices,2023,,93.858,,2020,,,,,,,,,,0,Units,1,One
DATAFLOW,OECD.ELS.HD:DSD_SHA@DF_SHA(1.1),Health expenditure and financing,I,GBR,United Kingdom,A,Annual,EXP_HEALTH,Expenditure,USD_PPP_PS,"US dollars per person, PPP converted",HF22,NPISH financing schemes,_Z,Not application,_T,Total,_T,Total,_T,Total,_Z,Not applicable,_Z,Not applicable,Q,Constant prices,2024,,98.356,,2020,,,,,,,,,,0,Units,1,One
DATAFLOW,OECD.ELS.HD:DSD_SHA@DF_SHA(1.1),Health expenditure and financing,I,GBR,United Kingdom,A,Annual,EXP_HEALTH,Expenditure,USD_PPP_PS,"US dollars per person, PPP converted",HF23,Enterprise financing schemes,_Z,Not application,_T,Total,_T,Total,_T,Total,_Z,Not applicable,_Z,Not applicable,Q,Constant prices,2024,,7.259,,2020,,,,,,,,,,0,Units,1,One
DATAFLOW,OECD.ELS.HD:DSD_SHA@DF_SHA(1.1),Health expenditure and financing,I,GBR,United Kingdom,A,Annual,EXP_HEALTH,Expenditure,USD_PPP_PS,"US dollars per person, PPP converted",HF11,Government schemes,_Z,Not application,_T,Total,_T,Total,_T,Total,_Z,Not applicable,_Z,Not applicable,Q,Constant prices,2024,,4451.235,,2020,,,,,,,,,,0,Units,1,One
DATAFLOW,OECD.ELS.HD:DSD_SHA@DF_SHA(1.1),Health expenditure and financing,I,GBR,United Kingdom,A,Annual,EXP_HEALTH,Expenditure,USD_PPP_PS,"US dollars per person, PPP converted",HF2,Voluntary healthcare payment schemes,_Z,Not application,_T,Total,_T,Total,_T,Total,_Z,Not applicable,_Z,Not applicable,Q,Constant prices,2024,,262.839,,2020,,,,,,,,,,0,Units,1,One
DATAFLOW,OECD.ELS.HD:DSD_SHA@DF_SHA(1.1),Health expenditure and financing,I,GBR,United Kingdom,A,Annual,EXP_HEALTH,Expenditure,USD_PPP_PS,"US dollars per person, PPP converted",HF2HF3,Voluntary schemes/household out-of-pocket payments,_Z,Not application,_T,Total,_T,Total,_T,Total,_Z,Not applicable,_Z,Not applicable,Q,Constant prices,2024,,1044.338,,2020,,,,,,,,,,0,Units,1,One
DATAFLOW,OECD.ELS.HD:DSD_SHA@DF_SHA(1.1),Health expenditure and financing,I,GBR,United Kingdom,A,Annual,EXP_HEALTH,Expenditure,USD_PPP_PS,"US dollars per person, PPP converted",HF21,Voluntary health insurance schemes,_Z,Not application,_T,Total,_T,Total,_T,Total,_Z,Not applicable,_Z,Not applicable,Q,Constant prices,2024,,157.224,,2020,,,,,,,,,,0,Units,1,One
DATAFLOW,OECD.ELS.HD:DSD_SHA@DF_SHA(1.1),Health expenditure and financing,I,GBR,United Kingdom,A,Annual,EXP_HEALTH,Expenditure,USD_PPP_PS,"US dollars per person, PPP converted",HF3,Household out-of-pocket payments,_Z,Not application,_T,Total,_T,Total,_T,Total,_Z,Not applicable,_Z,Not applicable,Q,Constant prices,2024,,781.498,,2020,,,,,,,,,,0,Units,1,One
DATAFLOW,OECD.ELS.HD:DSD_SHA@DF_SHA(1.1),Health expenditure and financing,I,GBR,United Kingdom,A,Annual,EXP_HEALTH,Expenditure,USD_PPP_PS,"US dollars per person, PPP converted",HF1,Government/compulsory schemes,_Z,Not application,_T,Total,_T,Total,_T,Total,_Z,Not applicable,_Z,Not applicable,Q,Constant prices,2015,,3643.709,,2020,,,,,,,,,,0,Units,1,One
DATAFLOW,OECD.ELS.HD:DSD_SHA@DF_SHA(1.1),Health expenditure and financing,I,GBR,United Kingdom,A,Annual,EXP_HEALTH,Expenditure,USD_PPP_PS,"US dollars per person, PPP converted",HF1,Government/compulsory schemes,_Z,Not application,_T,Total,_T,Total,_T,Total,_Z,Not applicable,_Z,Not applicable,Q,Constant prices,2016,,3707.808,,2020,,,,,,,,,,0,Units,1,One
DATAFLOW,OECD.ELS.HD:DSD_SHA@DF_SHA(1.1),Health expenditure and financing,I,GBR,United Kingdom,A,Annual,EXP_HEALTH,Expenditure,USD_PPP_PS,"US dollars per person, PPP converted",HF1,Government/compulsory schemes,_Z,Not application,_T,Total,_T,Total,_T,Total,_Z,Not applicable,_Z,Not applicable,Q,Constant prices,2017,,3712.285,,2020,,,,,,,,,,0,Units,1,One
DATAFLOW,OECD.ELS.HD:DSD_SHA@DF_SHA(1.1),Health expenditure and financing,I,GBR,United Kingdom,A,Annual,EXP_HEALTH,Expenditure,USD_PPP_PS,"US dollars per person, PPP converted",HF1,Government/compulsory schemes,_Z,Not application,_T,Total,_T,Total,_T,Total,_Z,Not applicable,_Z,Not applicable,Q,Constant prices,2018,,3769.804,,2020,,,,,,,,,,0,Units,1,One
DATAFLOW,OECD.ELS.HD:DSD_SHA@DF_SHA(1.1),Health expenditure and financing,I,GBR,United Kingdom,A,Annual,EXP_HEALTH,Expenditure,USD_PPP_PS,"US dollars per person, PPP converted",HF1,Government/compulsory schemes,_Z,Not application,_T,Total,_T,Total,_T,Total,_Z,Not applicable,_Z,Not applicable,Q,Constant prices,2019,,3905.257,,2020,,,,,,,,,,0,Units,1,One
DATAFLOW,OECD.ELS.HD:DSD_SHA@DF_SHA(1.1),Health expenditure and financing,I,GBR,United Kingdom,A,Annual,EXP_HEALTH,Expenditure,USD_PPP_PS,"US dollars per person, PPP converted",HF1,Government/compulsory schemes,_Z,Not application,_T,Total,_T,Total,_T,Total,_Z,Not applicable,_Z,Not applicable,Q,Constant prices,2020,,4486.974,,2020,,,,,,,,,,0,Units,1,One
DATAFLOW,OECD.ELS.HD:DSD_SHA@DF_SHA(1.1),Health expenditure and financing,I,GBR,United Kingdom,A,Annual,EXP_HEALTH,Expenditure,USD_PPP_PS,"US dollars per person, PPP converted",HF1,Government/compulsory schemes,_Z,Not application,_T,Total,_T,Total,_T,Total,_Z,Not applicable,_Z,Not applicable,Q,Constant prices,2021,,4821.685,,2020,,,,,,,,,,0,Units,1,One
DATAFLOW,OECD.ELS.HD:DSD_SHA@DF_SHA(1.1),Health expenditure and financing,I,GBR,United Kingdom,A,Annual,EXP_HEALTH,Expenditure,USD_PPP_PS,"US dollars per person, PPP converted",HF1,Government/compulsory schemes,_Z,Not application,_T,Total,_T,Total,_T,Total,_Z,Not applicable,_Z,Not applicable,Q,Constant prices,2022,,4409.316,,2020,,,,,,,,,,0,Units,1,One
DATAFLOW,OECD.ELS.HD:DSD_SHA@DF_SHA(1.1),Health expenditure and financing,I,GBR,United Kingdom,A,Annual,EXP_HEALTH,Expenditure,USD_PPP_PS,"US dollars per person, PPP converted",HF1,Government/compulsory schemes,_Z,Not application,_T,Total,_T,Total,_T,Total,_Z,Not applicable,_Z,Not applicable,Q,Constant prices,2023,,4301.711,,2020,,,,,,,,,,0,Units,1,One
DATAFLOW,OECD.ELS.HD:DSD_SHA@DF_SHA(1.1),Health expenditure and financing,I,GBR,United Kingdom,A,Annual,EXP_HEALTH,Expenditure,USD_PPP_PS,"US dollars per person, PPP converted",HF1,Government/compulsory schemes,_Z,Not application,_T,Total,_T,Total,_T,Total,_Z,Not applicable,_Z,Not applicable,Q,Constant prices,2024,,4451.235,,2020,,,,,,,,,,0,Units,1,One
DATAFLOW,OECD.ELS.HD:DSD_SHA@DF_SHA(1.1),Health expenditure and financing,I,GBR,United Kingdom,A,Annual,EXP_HEALTH,Expenditure,USD_PPP_PS,"US dollars per person, PPP converted",_T,Total,_Z,Not application,_T,Total,_T,Total,_T,Total,_Z,Not applicable,_Z,Not applicable,Q,Constant prices,2015,,4631.421,,2020,,,,,,,,,,0,Units,1,One
DATAFLOW,OECD.ELS.HD:DSD_SHA@DF_SHA(1.1),Health expenditure and financing,I,GBR,United Kingdom,A,Annual,EXP_HEALTH,Expenditure,USD_PPP_PS,"US dollars per person, PPP converted",_T,Total,_Z,Not application,_T,Total,_T,Total,_T,Total,_Z,Not applicable,_Z,Not applicable,Q,Constant prices,2016,,4691.439,,2020,,,,,,,,,,0,Units,1,One
DATAFLOW,OECD.ELS.HD:DSD_SHA@DF_SHA(1.1),Health expenditure and financing,I,GBR,United Kingdom,A,Annual,EXP_HEALTH,Expenditure,USD_PPP_PS,"US dollars per person, PPP converted",_T,Total,_Z,Not application,_T,Total,_T,Total,_T,Total,_Z,Not applicable,_Z,Not applicable,Q,Constant prices,2017,,4734.251,,2020,,,,,,,,,,0,Units,1,One
DATAFLOW,OECD.ELS.HD:DSD_SHA@DF_SHA(1.1),Health expenditure and financing,I,GBR,United Kingdom,A,Annual,EXP_HEALTH,Expenditure,USD_PPP_PS,"US dollars per person, PPP converted",_T,Total,_Z,Not application,_T,Total,_T,Total,_T,Total,_Z,Not applicable,_Z,Not applicable,Q,Constant prices,2018,,4805.53,,2020,,,,,,,,,,0,Units,1,One
DATAFLOW,OECD.ELS.HD:DSD_SHA@DF_SHA(1.1),Health expenditure and financing,I,GBR,United Kingdom,A,Annual,EXP_HEALTH,Expenditure,USD_PPP_PS,"US dollars per person, PPP converted",_T,Total,_Z,Not application,_T,Total,_T,Total,_T,Total,_Z,Not applicable,_Z,Not applicable,Q,Constant prices,2019,,4950.49,,2020,,,,,,,,,,0,Units,1,One
DATAFLOW,OECD.ELS.HD:DSD_SHA@DF_SHA(1.1),Health expenditure and financing,I,GBR,United Kingdom,A,Annual,EXP_HEALTH,Expenditure,USD_PPP_PS,"US dollars per person, PPP converted",_T,Total,_Z,Not application,_T,Total,_T,Total,_T,Total,_Z,Not applicable,_Z,Not applicable,Q,Constant prices,2020,,5408.519,,2020,,,,,,,,,,0,Units,1,One
DATAFLOW,OECD.ELS.HD:DSD_SHA@DF_SHA(1.1),Health expenditure and financing,I,GBR,United Kingdom,A,Annual,EXP_HEALTH,Expenditure,USD_PPP_PS,"US dollars per person, PPP converted",_T,Total,_Z,Not application,_T,Total,_T,Total,_T,Total,_Z,Not applicable,_Z,Not applicable,Q,Constant prices,2021,,5836.521,,2020,,,,,,,,,,0,Units,1,One
DATAFLOW,OECD.ELS.HD:DSD_SHA@DF_SHA(1.1),Health expenditure and financing,I,GBR,United Kingdom,A,Annual,EXP_HEALTH,Expenditure,USD_PPP_PS,"US dollars per person, PPP converted",_T,Total,_Z,Not application,_T,Total,_T,Total,_T,Total,_Z,Not applicable,_Z,Not applicable,Q,Constant prices,2022,,5453.319,,2020,,,,,,,,,,0,Units,1,One
DATAFLOW,OECD.ELS.HD:DSD_SHA@DF_SHA(1.1),Health expenditure and financing,I,GBR,United Kingdom,A,Annual,EXP_HEALTH,Expenditure,USD_PPP_PS,"US dollars per person, PPP converted",_T,Total,_Z,Not application,_T,Total,_T,Total,_T,Total,_Z,Not applicable,_Z,Not applicable,Q,Constant prices,2023,,5312.669,,2020,,,,,,,,,,0,Units,1,One
DATAFLOW,OECD.ELS.HD:DSD_SHA@DF_SHA(1.1),Health expenditure and financing,I,GBR,United Kingdom,A,Annual,EXP_HEALTH,Expenditure,USD_PPP_PS,"US dollars per person, PPP converted",_T,Total,_Z,Not application,_T,Total,_T,Total,_T,Total,_Z,Not applicable,_Z,Not applicable,Q,Constant prices,2024,,5495.573,,2020,,,,,,,,,,0,Units,1,One
DATAFLOW,OECD.ELS.HD:DSD_SHA@DF_SHA(1.1),Health expenditure and financing,I,GBR,United Kingdom,A,Annual,EXP_HEALTH,Expenditure,USD_PPP_PS,"US dollars per person, PPP converted",HF3,Household out-of-pocket payments,_Z,Not application,_T,Total,_T,Total,_T,Total,_Z,Not applicable,_Z,Not applicable,V,Current prices,2015,,620.241,,,,,,,,,,,,0,Units,1,One
DATAFLOW,OECD.ELS.HD:DSD_SHA@DF_SHA(1.1),Health expenditure and financing,I,GBR,United Kingdom,A,Annual,EXP_HEALTH,Expenditure,USD_PPP_PS,"US dollars per person, PPP converted",HF2,Voluntary healthcare payment schemes,_Z,Not application,_T,Total,_T,Total,_T,Total,_Z,Not applicable,_Z,Not applicable,V,Current prices,2015,,200.361,,,,,,,,,,,,0,Units,1,One
DATAFLOW,OECD.ELS.HD:DSD_SHA@DF_SHA(1.1),Health expenditure and financing,I,GBR,United Kingdom,A,Annual,EXP_HEALTH,Expenditure,USD_PPP_PS,"US dollars per person, PPP converted",HF23,Enterprise financing schemes,_Z,Not application,_T,Total,_T,Total,_T,Total,_Z,Not applicable,_Z,Not applicable,V,Current prices,2015,,12.484,,,,,,,,,,,,0,Units,1,One
DATAFLOW,OECD.ELS.HD:DSD_SHA@DF_SHA(1.1),Health expenditure and financing,I,GBR,United Kingdom,A,Annual,EXP_HEALTH,Expenditure,USD_PPP_PS,"US dollars per person, PPP converted",HF2HF3,Voluntary schemes/household out-of-pocket payments,_Z,Not application,_T,Total,_T,Total,_T,Total,_Z,Not applicable,_Z,Not applicable,V,Current prices,2015,,820.602,,,,,,,,,,,,0,Units,1,One
DATAFLOW,OECD.ELS.HD:DSD_SHA@DF_SHA(1.1),Health expenditure and financing,I,GBR,United Kingdom,A,Annual,EXP_HEALTH,Expenditure,USD_PPP_PS,"US dollars per person, PPP converted",HF21,Voluntary health insurance schemes,_Z,Not application,_T,Total,_T,Total,_T,Total,_Z,Not applicable,_Z,Not applicable,V,Current prices,2015,,123.897,,,,,,,,,,,,0,Units,1,One
DATAFLOW,OECD.ELS.HD:DSD_SHA@DF_SHA(1.1),Health expenditure and financing,I,GBR,United Kingdom,A,Annual,EXP_HEALTH,Expenditure,USD_PPP_PS,"US dollars per person, PPP converted",_T,Total,_Z,Not application,_T,Total,_T,Total,_T,Total,_Z,Not applicable,_Z,Not applicable,V,Current prices,2015,,3847.832,,,,,,,,,,,,0,Units,1,One
DATAFLOW,OECD.ELS.HD:DSD_SHA@DF_SHA(1.1),Health expenditure and financing,I,GBR,United Kingdom,A,Annual,EXP_HEALTH,Expenditure,USD_PPP_PS,"US dollars per person, PPP converted",HF1,Government/compulsory schemes,_Z,Not application,_T,Total,_T,Total,_T,Total,_Z,Not applicable,_Z,Not applicable,V,Current prices,2015,,3027.23,,,,,,,,,,,,0,Units,1,One
DATAFLOW,OECD.ELS.HD:DSD_SHA@DF_SHA(1.1),Health expenditure and financing,I,GBR,United Kingdom,A,Annual,EXP_HEALTH,Expenditure,USD_PPP_PS,"US dollars per person, PPP converted",HF11,Government schemes,_Z,Not application,_T,Total,_T,Total,_T,Total,_Z,Not applicable,_Z,Not applicable,V,Current prices,2015,,3027.23,,,,,,,,,,,,0,Units,1,One
DATAFLOW,OECD.ELS.HD:DSD_SHA@DF_SHA(1.1),Health expenditure and financing,I,GBR,United Kingdom,A,Annual,EXP_HEALTH,Expenditure,USD_PPP_PS,"US dollars per person, PPP converted",HF22,NPISH financing schemes,_Z,Not application,_T,Total,_T,Total,_T,Total,_Z,Not applicable,_Z,Not applicable,V,Current prices,2015,,63.979,,,,,,,,,,,,0,Units,1,One
DATAFLOW,OECD.ELS.HD:DSD_SHA@DF_SHA(1.1),Health expenditure and financing,I,GBR,United Kingdom,A,Annual,EXP_HEALTH,Expenditure,USD_PPP_PS,"US dollars per person, PPP converted",HF22,NPISH financing schemes,_Z,Not application,_T,Total,_T,Total,_T,Total,_Z,Not applicable,_Z,Not applicable,V,Current prices,2016,,72.695,,,,,,,,,,,,0,Units,1,One
DATAFLOW,OECD.ELS.HD:DSD_SHA@DF_SHA(1.1),Health expenditure and financing,I,GBR,United Kingdom,A,Annual,EXP_HEALTH,Expenditure,USD_PPP_PS,"US dollars per person, PPP converted",HF11,Government schemes,_Z,Not application,_T,Total,_T,Total,_T,Total,_Z,Not applicable,_Z,Not applicable,V,Current prices,2016,,3158.983,,,,,,,,,,,,0,Units,1,One
DATAFLOW,OECD.ELS.HD:DSD_SHA@DF_SHA(1.1),Health expenditure and financing,I,GBR,United Kingdom,A,Annual,EXP_HEALTH,Expenditure,USD_PPP_PS,"US dollars per person, PPP converted",HF1,Government/compulsory schemes,_Z,Not application,_T,Total,_T,Total,_T,Total,_Z,Not applicable,_Z,Not applicable,V,Current prices,2016,,3158.983,,,,,,,,,,,,0,Units,1,One
DATAFLOW,OECD.ELS.HD:DSD_SHA@DF_SHA(1.1),Health expenditure and financing,I,GBR,United Kingdom,A,Annual,EXP_HEALTH,Expenditure,USD_PPP_PS,"US dollars per person, PPP converted",_T,Total,_Z,Not application,_T,Total,_T,Total,_T,Total,_Z,Not applicable,_Z,Not applicable,V,Current prices,2016,,3997.019,,,,,,,,,,,,0,Units,1,One
DATAFLOW,OECD.ELS.HD:DSD_SHA@DF_SHA(1.1),Health expenditure and financing,I,GBR,United Kingdom,A,Annual,EXP_HEALTH,Expenditure,USD_PPP_PS,"US dollars per person, PPP converted",HF21,Voluntary health insurance schemes,_Z,Not application,_T,Total,_T,Total,_T,Total,_Z,Not applicable,_Z,Not applicable,V,Current prices,2016,,110.336,,,,,,,,,,,,0,Units,1,One
DATAFLOW,OECD.ELS.HD:DSD_SHA@DF_SHA(1.1),Health expenditure and financing,I,GBR,United Kingdom,A,Annual,EXP_HEALTH,Expenditure,USD_PPP_PS,"US dollars per person, PPP converted",HF2HF3,Voluntary schemes/household out-of-pocket payments,_Z,Not application,_T,Total,_T,Total,_T,Total,_Z,Not applicable,_Z,Not applicable,V,Current prices,2016,,838.035,,,,,,,,,,,,0,Units,1,One
DATAFLOW,OECD.ELS.HD:DSD_SHA@DF_SHA(1.1),Health expenditure and financing,I,GBR,United Kingdom,A,Annual,EXP_HEALTH,Expenditure,USD_PPP_PS,"US dollars per person, PPP converted",HF23,Enterprise financing schemes,_Z,Not application,_T,Total,_T,Total,_T,Total,_Z,Not applicable,_Z,Not applicable,V,Current prices,2016,,12.262,,,,,,,,,,,,0,Units,1,One
DATAFLOW,OECD.ELS.HD:DSD_SHA@DF_SHA(1.1),Health expenditure and financing,I,GBR,United Kingdom,A,Annual,EXP_HEALTH,Expenditure,USD_PPP_PS,"US dollars per person, PPP converted",HF2,Voluntary healthcare payment schemes,_Z,Not application,_T,Total,_T,Total,_T,Total,_Z,Not applicable,_Z,Not applicable,V,Current prices,2016,,195.293,,,,,,,,,,,,0,Units,1,One
DATAFLOW,OECD.ELS.HD:DSD_SHA@DF_SHA(1.1),Health expenditure and financing,I,GBR,United Kingdom,A,Annual,EXP_HEALTH,Expenditure,USD_PPP_PS,"US dollars per person, PPP converted",HF3,Household out-of-pocket payments,_Z,Not application,_T,Total,_T,Total,_T,Total,_Z,Not applicable,_Z,Not applicable,V,Current prices,2016,,642.742,,,,,,,,,,,,0,Units,1,One
DATAFLOW,OECD.ELS.HD:DSD_SHA@DF_SHA(1.1),Health expenditure and financing,I,GBR,United Kingdom,A,Annual,EXP_HEALTH,Expenditure,USD_PPP_PS,"US dollars per person, PPP converted",HF3,Household out-of-pocket payments,_Z,Not application,_T,Total,_T,Total,_T,Total,_Z,Not applicable,_Z,Not applicable,V,Current prices,2017,,669.023,,,,,,,,,,,,0,Units,1,One
DATAFLOW,OECD.ELS.HD:DSD_SHA@DF_SHA(1.1),Health expenditure and financing,I,GBR,United Kingdom,A,Annual,EXP_HEALTH,Expenditure,USD_PPP_PS,"US dollars per person, PPP converted",HF2,Voluntary healthcare payment schemes,_Z,Not application,_T,Total,_T,Total,_T,Total,_Z,Not applicable,_Z,Not applicable,V,Current prices,2017,,216.423,,,,,,,,,,,,0,Units,1,One
DATAFLOW,OECD.ELS.HD:DSD_SHA@DF_SHA(1.1),Health expenditure and financing,I,GBR,United Kingdom,A,Annual,EXP_HEALTH,Expenditure,USD_PPP_PS,"US dollars per person, PPP converted",HF23,Enterprise financing schemes,_Z,Not application,_T,Total,_T,Total,_T,Total,_Z,Not applicable,_Z,Not applicable,V,Current prices,2017,,12.268,,,,,,,,,,,,0,Units,1,One
DATAFLOW,OECD.ELS.HD:DSD_SHA@DF_SHA(1.1),Health expenditure and financing,I,GBR,United Kingdom,A,Annual,EXP_HEALTH,Expenditure,USD_PPP_PS,"US dollars per person, PPP converted",HF2HF3,Voluntary schemes/household out-of-pocket payments,_Z,Not application,_T,Total,_T,Total,_T,Total,_Z,Not applicable,_Z,Not applicable,V,Current prices,2017,,885.446,,,,,,,,,,,,0,Units,1,One
DATAFLOW,OECD.ELS.HD:DSD_SHA@DF_SHA(1.1),Health expenditure and financing,I,GBR,United Kingdom,A,Annual,EXP_HEALTH,Expenditure,USD_PPP_PS,"US dollars per person, PPP converted",HF21,Voluntary health insurance schemes,_Z,Not application,_T,Total,_T,Total,_T,Total,_Z,Not applicable,_Z,Not applicable,V,Current prices,2017,,120.378,,,,,,,,,,,,0,Units,1,One
DATAFLOW,OECD.ELS.HD:DSD_SHA@DF_SHA(1.1),Health expenditure and financing,I,GBR,United Kingdom,A,Annual,EXP_HEALTH,Expenditure,USD_PPP_PS,"US dollars per person, PPP converted",_T,Total,_Z,Not application,_T,Total,_T,Total,_T,Total,_Z,Not applicable,_Z,Not applicable,V,Current prices,2017,,4101.825,,,,,,,,,,,,0,Units,1,One
DATAFLOW,OECD.ELS.HD:DSD_SHA@DF_SHA(1.1),Health expenditure and financing,I,GBR,United Kingdom,A,Annual,EXP_HEALTH,Expenditure,USD_PPP_PS,"US dollars per person, PPP converted",HF1,Government/compulsory schemes,_Z,Not application,_T,Total,_T,Total,_T,Total,_Z,Not applicable,_Z,Not applicable,V,Current prices,2017,,3216.379,,,,,,,,,,,,0,Units,1,One
DATAFLOW,OECD.ELS.HD:DSD_SHA@DF_SHA(1.1),Health expenditure and financing,I,GBR,United Kingdom,A,Annual,EXP_HEALTH,Expenditure,USD_PPP_PS,"US dollars per person, PPP converted",HF11,Government schemes,_Z,Not application,_T,Total,_T,Total,_T,Total,_Z,Not applicable,_Z,Not applicable,V,Current prices,2017,,3216.379,,,,,,,,,,,,0,Units,1,One
DATAFLOW,OECD.ELS.HD:DSD_SHA@DF_SHA(1.1),Health expenditure and financing,I,GBR,United Kingdom,A,Annual,EXP_HEALTH,Expenditure,USD_PPP_PS,"US dollars per person, PPP converted",HF22,NPISH financing schemes,_Z,Not application,_T,Total,_T,Total,_T,Total,_Z,Not applicable,_Z,Not applicable,V,Current prices,2017,,83.777,,,,,,,,,,,,0,Units,1,One
DATAFLOW,OECD.ELS.HD:DSD_SHA@DF_SHA(1.1),Health expenditure and financing,I,GBR,United Kingdom,A,Annual,EXP_HEALTH,Expenditure,USD_PPP_PS,"US dollars per person, PPP converted",HF22,NPISH financing schemes,_Z,Not application,_T,Total,_T,Total,_T,Total,_Z,Not applicable,_Z,Not applicable,V,Current prices,2018,,81.642,,,,,,,,,,,,0,Units,1,One
DATAFLOW,OECD.ELS.HD:DSD_SHA@DF_SHA(1.1),Health expenditure and financing,I,GBR,United Kingdom,A,Annual,EXP_HEALTH,Expenditure,USD_PPP_PS,"US dollars per person, PPP converted",HF11,Government schemes,_Z,Not application,_T,Total,_T,Total,_T,Total,_Z,Not applicable,_Z,Not applicable,V,Current prices,2018,,3312.9,,,,,,,,,,,,0,Units,1,One
DATAFLOW,OECD.ELS.HD:DSD_SHA@DF_SHA(1.1),Health expenditure and financing,I,GBR,United Kingdom,A,Annual,EXP_HEALTH,Expenditure,USD_PPP_PS,"US dollars per person, PPP converted",HF1,Government/compulsory schemes,_Z,Not application,_T,Total,_T,Total,_T,Total,_Z,Not applicable,_Z,Not applicable,V,Current prices,2018,,3312.9,,,,,,,,,,,,0,Units,1,One
DATAFLOW,OECD.ELS.HD:DSD_SHA@DF_SHA(1.1),Health expenditure and financing,I,GBR,United Kingdom,A,Annual,EXP_HEALTH,Expenditure,USD_PPP_PS,"US dollars per person, PPP converted",_T,Total,_Z,Not application,_T,Total,_T,Total,_T,Total,_Z,Not applicable,_Z,Not applicable,V,Current prices,2018,,4223.095,,,,,,,,,,,,0,Units,1,One
DATAFLOW,OECD.ELS.HD:DSD_SHA@DF_SHA(1.1),Health expenditure and financing,I,GBR,United Kingdom,A,Annual,EXP_HEALTH,Expenditure,USD_PPP_PS,"US dollars per person, PPP converted",HF21,Voluntary health insurance schemes,_Z,Not application,_T,Total,_T,Total,_T,Total,_Z,Not applicable,_Z,Not applicable,V,Current prices,2018,,121.801,,,,,,,,,,,,0,Units,1,One
DATAFLOW,OECD.ELS.HD:DSD_SHA@DF_SHA(1.1),Health expenditure and financing,I,GBR,United Kingdom,A,Annual,EXP_HEALTH,Expenditure,USD_PPP_PS,"US dollars per person, PPP converted",HF2HF3,Voluntary schemes/household out-of-pocket payments,_Z,Not application,_T,Total,_T,Total,_T,Total,_Z,Not applicable,_Z,Not applicable,V,Current prices,2018,,910.195,,,,,,,,,,,,0,Units,1,One
DATAFLOW,OECD.ELS.HD:DSD_SHA@DF_SHA(1.1),Health expenditure and financing,I,GBR,United Kingdom,A,Annual,EXP_HEALTH,Expenditure,USD_PPP_PS,"US dollars per person, PPP converted",HF23,Enterprise financing schemes,_Z,Not application,_T,Total,_T,Total,_T,Total,_Z,Not applicable,_Z,Not applicable,V,Current prices,2018,,12.237,,,,,,,,,,,,0,Units,1,One
DATAFLOW,OECD.ELS.HD:DSD_SHA@DF_SHA(1.1),Health expenditure and financing,I,GBR,United Kingdom,A,Annual,EXP_HEALTH,Expenditure,USD_PPP_PS,"US dollars per person, PPP converted",HF2,Voluntary healthcare payment schemes,_Z,Not application,_T,Total,_T,Total,_T,Total,_Z,Not applicable,_Z,Not applicable,V,Current prices,2018,,215.68,,,,,,,,,,,,0,Units,1,One
DATAFLOW,OECD.ELS.HD:DSD_SHA@DF_SHA(1.1),Health expenditure and financing,I,GBR,United Kingdom,A,Annual,EXP_HEALTH,Expenditure,USD_PPP_PS,"US dollars per person, PPP converted",HF3,Household out-of-pocket payments,_Z,Not application,_T,Total,_T,Total,_T,Total,_Z,Not applicable,_Z,Not applicable,V,Current prices,2018,,694.514,,,,,,,,,,,,0,Units,1,One
DATAFLOW,OECD.ELS.HD:DSD_SHA@DF_SHA(1.1),Health expenditure and financing,I,GBR,United Kingdom,A,Annual,EXP_HEALTH,Expenditure,USD_PPP_PS,"US dollars per person, PPP converted",HF3,Household out-of-pocket payments,_Z,Not application,_T,Total,_T,Total,_T,Total,_Z,Not applicable,_Z,Not applicable,V,Current prices,2019,,740.462,,,,,,,,,,,,0,Units,1,One
DATAFLOW,OECD.ELS.HD:DSD_SHA@DF_SHA(1.1),Health expenditure and financing,I,GBR,United Kingdom,A,Annual,EXP_HEALTH,Expenditure,USD_PPP_PS,"US dollars per person, PPP converted",HF2,Voluntary healthcare payment schemes,_Z,Not application,_T,Total,_T,Total,_T,Total,_Z,Not applicable,_Z,Not applicable,V,Current prices,2019,,225.029,,,,,,,,,,,,0,Units,1,One
DATAFLOW,OECD.ELS.HD:DSD_SHA@DF_SHA(1.1),Health expenditure and financing,I,GBR,United Kingdom,A,Annual,EXP_HEALTH,Expenditure,USD_PPP_PS,"US dollars per person, PPP converted",HF23,Enterprise financing schemes,_Z,Not application,_T,Total,_T,Total,_T,Total,_Z,Not applicable,_Z,Not applicable,V,Current prices,2019,,12.729,,,,,,,,,,,,0,Units,1,One
DATAFLOW,OECD.ELS.HD:DSD_SHA@DF_SHA(1.1),Health expenditure and financing,I,GBR,United Kingdom,A,Annual,EXP_HEALTH,Expenditure,USD_PPP_PS,"US dollars per person, PPP converted",HF2HF3,Voluntary schemes/household out-of-pocket payments,_Z,Not application,_T,Total,_T,Total,_T,Total,_Z,Not applicable,_Z,Not applicable,V,Current prices,2019,,965.491,,,,,,,,,,,,0,Units,1,One
DATAFLOW,OECD.ELS.HD:DSD_SHA@DF_SHA(1.1),Health expenditure and financing,I,GBR,United Kingdom,A,Annual,EXP_HEALTH,Expenditure,USD_PPP_PS,"US dollars per person, PPP converted",HF21,Voluntary health insurance schemes,_Z,Not application,_T,Total,_T,Total,_T,Total,_Z,Not applicable,_Z,Not applicable,V,Current prices,2019,,129.738,,,,,,,,,,,,0,Units,1,One
DATAFLOW,OECD.ELS.HD:DSD_SHA@DF_SHA(1.1),Health expenditure and financing,I,GBR,United Kingdom,A,Annual,EXP_HEALTH,Expenditure,USD_PPP_PS,"US dollars per person, PPP converted",_T,Total,_Z,Not application,_T,Total,_T,Total,_T,Total,_Z,Not applicable,_Z,Not applicable,V,Current prices,2019,,4572.812,,,,,,,,,,,,0,Units,1,One
DATAFLOW,OECD.ELS.HD:DSD_SHA@DF_SHA(1.1),Health expenditure and financing,I,GBR,United Kingdom,A,Annual,EXP_HEALTH,Expenditure,USD_PPP_PS,"US dollars per person, PPP converted",HF1,Government/compulsory schemes,_Z,Not application,_T,Total,_T,Total,_T,Total,_Z,Not applicable,_Z,Not applicable,V,Current prices,2019,,3607.32,,,,,,,,,,,,0,Units,1,One
DATAFLOW,OECD.ELS.HD:DSD_SHA@DF_SHA(1.1),Health expenditure and financing,I,GBR,United Kingdom,A,Annual,EXP_HEALTH,Expenditure,USD_PPP_PS,"US dollars per person, PPP converted",HF11,Government schemes,_Z,Not application,_T,Total,_T,Total,_T,Total,_Z,Not applicable,_Z,Not applicable,V,Current prices,2019,,3607.32,,,,,,,,,,,,0,Units,1,One
DATAFLOW,OECD.ELS.HD:DSD_SHA@DF_SHA(1.1),Health expenditure and financing,I,GBR,United Kingdom,A,Annual,EXP_HEALTH,Expenditure,USD_PPP_PS,"US dollars per person, PPP converted",HF22,NPISH financing schemes,_Z,Not application,_T,Total,_T,Total,_T,Total,_Z,Not applicable,_Z,Not applicable,V,Current prices,2019,,82.562,,,,,,,,,,,,0,Units,1,One
DATAFLOW,OECD.ELS.HD:DSD_SHA@DF_SHA(1.1),Health expenditure and financing,I,GBR,United Kingdom,A,Annual,EXP_HEALTH,Expenditure,USD_PPP_PS,"US dollars per person, PPP converted",HF22,NPISH financing schemes,_Z,Not application,_T,Total,_T,Total,_T,Total,_Z,Not applicable,_Z,Not applicable,V,Current prices,2020,,83.016,,,,,,,,,,,,0,Units,1,One
DATAFLOW,OECD.ELS.HD:DSD_SHA@DF_SHA(1.1),Health expenditure and financing,I,GBR,United Kingdom,A,Annual,EXP_HEALTH,Expenditure,USD_PPP_PS,"US dollars per person, PPP converted",HF11,Government schemes,_Z,Not application,_T,Total,_T,Total,_T,Total,_Z,Not applicable,_Z,Not applicable,V,Current prices,2020,,4486.974,,,,,,,,,,,,0,Units,1,One
DATAFLOW,OECD.ELS.HD:DSD_SHA@DF_SHA(1.1),Health expenditure and financing,I,GBR,United Kingdom,A,Annual,EXP_HEALTH,Expenditure,USD_PPP_PS,"US dollars per person, PPP converted",HF1,Government/compulsory schemes,_Z,Not application,_T,Total,_T,Total,_T,Total,_Z,Not applicable,_Z,Not applicable,V,Current prices,2020,,4486.974,,,,,,,,,,,,0,Units,1,One
DATAFLOW,OECD.ELS.HD:DSD_SHA@DF_SHA(1.1),Health expenditure and financing,I,GBR,United Kingdom,A,Annual,EXP_HEALTH,Expenditure,USD_PPP_PS,"US dollars per person, PPP converted",_T,Total,_Z,Not application,_T,Total,_T,Total,_T,Total,_Z,Not applicable,_Z,Not applicable,V,Current prices,2020,,5408.519,,,,,,,,,,,,0,Units,1,One
DATAFLOW,OECD.ELS.HD:DSD_SHA@DF_SHA(1.1),Health expenditure and financing,I,GBR,United Kingdom,A,Annual,EXP_HEALTH,Expenditure,USD_PPP_PS,"US dollars per person, PPP converted",HF21,Voluntary health insurance schemes,_Z,Not application,_T,Total,_T,Total,_T,Total,_Z,Not applicable,_Z,Not applicable,V,Current prices,2020,,126.863,,,,,,,,,,,,0,Units,1,One
DATAFLOW,OECD.ELS.HD:DSD_SHA@DF_SHA(1.1),Health expenditure and financing,I,GBR,United Kingdom,A,Annual,EXP_HEALTH,Expenditure,USD_PPP_PS,"US dollars per person, PPP converted",HF2HF3,Voluntary schemes/household out-of-pocket payments,_Z,Not application,_T,Total,_T,Total,_T,Total,_Z,Not applicable,_Z,Not applicable,V,Current prices,2020,,921.545,,,,,,,,,,,,0,Units,1,One
DATAFLOW,OECD.ELS.HD:DSD_SHA@DF_SHA(1.1),Health expenditure and financing,I,GBR,United Kingdom,A,Annual,EXP_HEALTH,Expenditure,USD_PPP_PS,"US dollars per person, PPP converted",HF23,Enterprise financing schemes,_Z,Not application,_T,Total,_T,Total,_T,Total,_Z,Not applicable,_Z,Not applicable,V,Current prices,2020,,9.659,,,,,,,,,,,,0,Units,1,One
DATAFLOW,OECD.ELS.HD:DSD_SHA@DF_SHA(1.1),Health expenditure and financing,I,GBR,United Kingdom,A,Annual,EXP_HEALTH,Expenditure,USD_PPP_PS,"US dollars per person, PPP converted",HF2,Voluntary healthcare payment schemes,_Z,Not application,_T,Total,_T,Total,_T,Total,_Z,Not applicable,_Z,Not applicable,V,Current prices,2020,,219.539,,,,,,,,,,,,0,Units,1,One
DATAFLOW,OECD.ELS.HD:DSD_SHA@DF_SHA(1.1),Health expenditure and financing,I,GBR,United Kingdom,A,Annual,EXP_HEALTH,Expenditure,USD_PPP_PS,"US dollars per person, PPP converted",HF3,Household out-of-pocket payments,_Z,Not application,_T,Total,_T,Total,_T,Total,_Z,Not applicable,_Z,Not applicable,V,Current prices,2020,,702.006,,,,,,,,,,,,0,Units,1,One
DATAFLOW,OECD.ELS.HD:DSD_SHA@DF_SHA(1.1),Health expenditure and financing,I,GBR,United Kingdom,A,Annual,EXP_HEALTH,Expenditure,USD_PPP_PS,"US dollars per person, PPP converted",HF3,Household out-of-pocket payments,_Z,Not application,_T,Total,_T,Total,_T,Total,_Z,Not applicable,_Z,Not applicable,V,Current prices,2021,,784.692,,,,,,,,,,,,0,Units,1,One
DATAFLOW,OECD.ELS.HD:DSD_SHA@DF_SHA(1.1),Health expenditure and financing,I,GBR,United Kingdom,A,Annual,EXP_HEALTH,Expenditure,USD_PPP_PS,"US dollars per person, PPP converted",HF2,Voluntary healthcare payment schemes,_Z,Not application,_T,Total,_T,Total,_T,Total,_Z,Not applicable,_Z,Not applicable,V,Current prices,2021,,227.912,,,,,,,,,,,,0,Units,1,One
DATAFLOW,OECD.ELS.HD:DSD_SHA@DF_SHA(1.1),Health expenditure and financing,I,GBR,United Kingdom,A,Annual,EXP_HEALTH,Expenditure,USD_PPP_PS,"US dollars per person, PPP converted",HF23,Enterprise financing schemes,_Z,Not application,_T,Total,_T,Total,_T,Total,_Z,Not applicable,_Z,Not applicable,V,Current prices,2021,,8.589,,,,,,,,,,,,0,Units,1,One
DATAFLOW,OECD.ELS.HD:DSD_SHA@DF_SHA(1.1),Health expenditure and financing,I,GBR,United Kingdom,A,Annual,EXP_HEALTH,Expenditure,USD_PPP_PS,"US dollars per person, PPP converted",HF2HF3,Voluntary schemes/household out-of-pocket payments,_Z,Not application,_T,Total,_T,Total,_T,Total,_Z,Not applicable,_Z,Not applicable,V,Current prices,2021,,1012.603,,,,,,,,,,,,0,Units,1,One
DATAFLOW,OECD.ELS.HD:DSD_SHA@DF_SHA(1.1),Health expenditure and financing,I,GBR,United Kingdom,A,Annual,EXP_HEALTH,Expenditure,USD_PPP_PS,"US dollars per person, PPP converted",HF21,Voluntary health insurance schemes,_Z,Not application,_T,Total,_T,Total,_T,Total,_Z,Not applicable,_Z,Not applicable,V,Current prices,2021,,128.352,,,,,,,,,,,,0,Units,1,One
DATAFLOW,OECD.ELS.HD:DSD_SHA@DF_SHA(1.1),Health expenditure and financing,I,GBR,United Kingdom,A,Annual,EXP_HEALTH,Expenditure,USD_PPP_PS,"US dollars per person, PPP converted",_T,Total,_Z,Not application,_T,Total,_T,Total,_T,Total,_Z,Not applicable,_Z,Not applicable,V,Current prices,2021,,5823.679,,,,,,,,,,,,0,Units,1,One
DATAFLOW,OECD.ELS.HD:DSD_SHA@DF_SHA(1.1),Health expenditure and financing,I,GBR,United Kingdom,A,Annual,EXP_HEALTH,Expenditure,USD_PPP_PS,"US dollars per person, PPP converted",HF1,Government/compulsory schemes,_Z,Not application,_T,Total,_T,Total,_T,Total,_Z,Not applicable,_Z,Not applicable,V,Current prices,2021,,4811.075,,,,,,,,,,,,0,Units,1,One
DATAFLOW,OECD.ELS.HD:DSD_SHA@DF_SHA(1.1),Health expenditure and financing,I,GBR,United Kingdom,A,Annual,EXP_HEALTH,Expenditure,USD_PPP_PS,"US dollars per person, PPP converted",HF11,Government schemes,_Z,Not application,_T,Total,_T,Total,_T,Total,_Z,Not applicable,_Z,Not applicable,V,Current prices,2021,,4811.075,,,,,,,,,,,,0,Units,1,One
DATAFLOW,OECD.ELS.HD:DSD_SHA@DF_SHA(1.1),Health expenditure and financing,I,GBR,United Kingdom,A,Annual,EXP_HEALTH,Expenditure,USD_PPP_PS,"US dollars per person, PPP converted",HF22,NPISH financing schemes,_Z,Not application,_T,Total,_T,Total,_T,Total,_Z,Not applicable,_Z,Not applicable,V,Current prices,2021,,90.97,,,,,,,,,,,,0,Units,1,One
DATAFLOW,OECD.ELS.HD:DSD_SHA@DF_SHA(1.1),Health expenditure and financing,I,GBR,United Kingdom,A,Annual,EXP_HEALTH,Expenditure,USD_PPP_PS,"US dollars per person, PPP converted",HF22,NPISH financing schemes,_Z,Not application,_T,Total,_T,Total,_T,Total,_Z,Not applicable,_Z,Not applicable,V,Current prices,2022,,107.331,,,,,,,,,,,,0,Units,1,One
DATAFLOW,OECD.ELS.HD:DSD_SHA@DF_SHA(1.1),Health expenditure and financing,I,GBR,United Kingdom,A,Annual,EXP_HEALTH,Expenditure,USD_PPP_PS,"US dollars per person, PPP converted",HF11,Government schemes,_Z,Not application,_T,Total,_T,Total,_T,Total,_Z,Not applicable,_Z,Not applicable,V,Current prices,2022,,5073.07,,,,,,,,,,,,0,Units,1,One
DATAFLOW,OECD.ELS.HD:DSD_SHA@DF_SHA(1.1),Health expenditure and financing,I,GBR,United Kingdom,A,Annual,EXP_HEALTH,Expenditure,USD_PPP_PS,"US dollars per person, PPP converted",HF1,Government/compulsory schemes,_Z,Not application,_T,Total,_T,Total,_T,Total,_Z,Not applicable,_Z,Not applicable,V,Current prices,2022,,5073.07,,,,,,,,,,,,0,Units,1,One
DATAFLOW,OECD.ELS.HD:DSD_SHA@DF_SHA(1.1),Health expenditure and financing,I,GBR,United Kingdom,A,Annual,EXP_HEALTH,Expenditure,USD_PPP_PS,"US dollars per person, PPP converted",_T,Total,_Z,Not application,_T,Total,_T,Total,_T,Total,_Z,Not applicable,_Z,Not applicable,V,Current prices,2022,,6274.233,,,,,,,,,,,,0,Units,1,One
DATAFLOW,OECD.ELS.HD:DSD_SHA@DF_SHA(1.1),Health expenditure and financing,I,GBR,United Kingdom,A,Annual,EXP_HEALTH,Expenditure,USD_PPP_PS,"US dollars per person, PPP converted",HF21,Voluntary health insurance schemes,_Z,Not application,_T,Total,_T,Total,_T,Total,_Z,Not applicable,_Z,Not applicable,V,Current prices,2022,,157.389,,,,,,,,,,,,0,Units,1,One
DATAFLOW,OECD.ELS.HD:DSD_SHA@DF_SHA(1.1),Health expenditure and financing,I,GBR,United Kingdom,A,Annual,EXP_HEALTH,Expenditure,USD_PPP_PS,"US dollars per person, PPP converted",HF2HF3,Voluntary schemes/household out-of-pocket payments,_Z,Not application,_T,Total,_T,Total,_T,Total,_Z,Not applicable,_Z,Not applicable,V,Current prices,2022,,1201.162,,,,,,,,,,,,0,Units,1,One
DATAFLOW,OECD.ELS.HD:DSD_SHA@DF_SHA(1.1),Health expenditure and financing,I,GBR,United Kingdom,A,Annual,EXP_HEALTH,Expenditure,USD_PPP_PS,"US dollars per person, PPP converted",HF23,Enterprise financing schemes,_Z,Not application,_T,Total,_T,Total,_T,Total,_Z,Not applicable,_Z,Not applicable,V,Current prices,2022,,9.223,,,,,,,,,,,,0,Units,1,One
DATAFLOW,OECD.ELS.HD:DSD_SHA@DF_SHA(1.1),Health expenditure and financing,I,GBR,United Kingdom,A,Annual,EXP_HEALTH,Expenditure,USD_PPP_PS,"US dollars per person, PPP converted",HF2,Voluntary healthcare payment schemes,_Z,Not application,_T,Total,_T,Total,_T,Total,_Z,Not applicable,_Z,Not applicable,V,Current prices,2022,,273.943,,,,,,,,,,,,0,Units,1,One
DATAFLOW,OECD.ELS.HD:DSD_SHA@DF_SHA(1.1),Health expenditure and financing,I,GBR,United Kingdom,A,Annual,EXP_HEALTH,Expenditure,USD_PPP_PS,"US dollars per person, PPP converted",HF3,Household out-of-pocket payments,_Z,Not application,_T,Total,_T,Total,_T,Total,_Z,Not applicable,_Z,Not applicable,V,Current prices,2022,,927.219,,,,,,,,,,,,0,Units,1,One
DATAFLOW,OECD.ELS.HD:DSD_SHA@DF_SHA(1.1),Health expenditure and financing,I,GBR,United Kingdom,A,Annual,EXP_HEALTH,Expenditure,USD_PPP_PS,"US dollars per person, PPP converted",HF3,Household out-of-pocket payments,_Z,Not application,_T,Total,_T,Total,_T,Total,_Z,Not applicable,_Z,Not applicable,V,Current prices,2023,,967.41,,,,,,,,,,,,0,Units,1,One
DATAFLOW,OECD.ELS.HD:DSD_SHA@DF_SHA(1.1),Health expenditure and financing,I,GBR,United Kingdom,A,Annual,EXP_HEALTH,Expenditure,USD_PPP_PS,"US dollars per person, PPP converted",HF2,Voluntary healthcare payment schemes,_Z,Not application,_T,Total,_T,Total,_T,Total,_Z,Not applicable,_Z,Not applicable,V,Current prices,2023,,300.781,,,,,,,,,,,,0,Units,1,One
DATAFLOW,OECD.ELS.HD:DSD_SHA@DF_SHA(1.1),Health expenditure and financing,I,GBR,United Kingdom,A,Annual,EXP_HEALTH,Expenditure,USD_PPP_PS,"US dollars per person, PPP converted",HF23,Enterprise financing schemes,_Z,Not application,_T,Total,_T,Total,_T,Total,_Z,Not applicable,_Z,Not applicable,V,Current prices,2023,,9.087,,,,,,,,,,,,0,Units,1,One
DATAFLOW,OECD.ELS.HD:DSD_SHA@DF_SHA(1.1),Health expenditure and financing,I,GBR,United Kingdom,A,Annual,EXP_HEALTH,Expenditure,USD_PPP_PS,"US dollars per person, PPP converted",HF2HF3,Voluntary schemes/household out-of-pocket payments,_Z,Not application,_T,Total,_T,Total,_T,Total,_Z,Not applicable,_Z,Not applicable,V,Current prices,2023,,1268.191,,,,,,,,,,,,0,Units,1,One
DATAFLOW,OECD.ELS.HD:DSD_SHA@DF_SHA(1.1),Health expenditure and financing,I,GBR,United Kingdom,A,Annual,EXP_HEALTH,Expenditure,USD_PPP_PS,"US dollars per person, PPP converted",HF21,Voluntary health insurance schemes,_Z,Not application,_T,Total,_T,Total,_T,Total,_Z,Not applicable,_Z,Not applicable,V,Current prices,2023,,173.954,,,,,,,,,,,,0,Units,1,One
DATAFLOW,OECD.ELS.HD:DSD_SHA@DF_SHA(1.1),Health expenditure and financing,I,GBR,United Kingdom,A,Annual,EXP_HEALTH,Expenditure,USD_PPP_PS,"US dollars per person, PPP converted",_T,Total,_Z,Not application,_T,Total,_T,Total,_T,Total,_Z,Not applicable,_Z,Not applicable,V,Current prices,2023,,6664.45,,,,,,,,,,,,0,Units,1,One
DATAFLOW,OECD.ELS.HD:DSD_SHA@DF_SHA(1.1),Health expenditure and financing,I,GBR,United Kingdom,A,Annual,EXP_HEALTH,Expenditure,USD_PPP_PS,"US dollars per person, PPP converted",HF1,Government/compulsory schemes,_Z,Not application,_T,Total,_T,Total,_T,Total,_Z,Not applicable,_Z,Not applicable,V,Current prices,2023,,5396.259,,,,,,,,,,,,0,Units,1,One
DATAFLOW,OECD.ELS.HD:DSD_SHA@DF_SHA(1.1),Health expenditure and financing,I,GBR,United Kingdom,A,Annual,EXP_HEALTH,Expenditure,USD_PPP_PS,"US dollars per person, PPP converted",HF11,Government schemes,_Z,Not application,_T,Total,_T,Total,_T,Total,_Z,Not applicable,_Z,Not applicable,V,Current prices,2023,,5396.259,,,,,,,,,,,,0,Units,1,One
DATAFLOW,OECD.ELS.HD:DSD_SHA@DF_SHA(1.1),Health expenditure and financing,I,GBR,United Kingdom,A,Annual,EXP_HEALTH,Expenditure,USD_PPP_PS,"US dollars per person, PPP converted",HF22,NPISH financing schemes,_Z,Not application,_T,Total,_T,Total,_T,Total,_Z,Not applicable,_Z,Not applicable,V,Current prices,2023,,117.74,,,,,,,,,,,,0,Units,1,One
DATAFLOW,OECD.ELS.HD:DSD_SHA@DF_SHA(1.1),Health expenditure and financing,I,GBR,United Kingdom,A,Annual,EXP_HEALTH,Expenditure,USD_PPP_PS,"US dollars per person, PPP converted",HF22,NPISH financing schemes,_Z,Not application,_T,Total,_T,Total,_T,Total,_Z,Not applicable,_Z,Not applicable,V,Current prices,2024,,125.43,,,,,,,,,,,,0,Units,1,One
DATAFLOW,OECD.ELS.HD:DSD_SHA@DF_SHA(1.1),Health expenditure and financing,I,GBR,United Kingdom,A,Annual,EXP_HEALTH,Expenditure,USD_PPP_PS,"US dollars per person, PPP converted",HF11,Government schemes,_Z,Not application,_T,Total,_T,Total,_T,Total,_Z,Not applicable,_Z,Not applicable,V,Current prices,2024,,5676.483,,,,,,,,,,,,0,Units,1,One
DATAFLOW,OECD.ELS.HD:DSD_SHA@DF_SHA(1.1),Health expenditure and financing,I,GBR,United Kingdom,A,Annual,EXP_HEALTH,Expenditure,USD_PPP_PS,"US dollars per person, PPP converted",HF1,Government/compulsory schemes,_Z,Not application,_T,Total,_T,Total,_T,Total,_Z,Not applicable,_Z,Not applicable,V,Current prices,2024,,5676.483,,,,,,,,,,,,0,Units,1,One
DATAFLOW,OECD.ELS.HD:DSD_SHA@DF_SHA(1.1),Health expenditure and financing,I,GBR,United Kingdom,A,Annual,EXP_HEALTH,Expenditure,USD_PPP_PS,"US dollars per person, PPP converted",_T,Total,_Z,Not application,_T,Total,_T,Total,_T,Total,_Z,Not applicable,_Z,Not applicable,V,Current prices,2024,,7008.285,,,,,,,,,,,,0,Units,1,One
DATAFLOW,OECD.ELS.HD:DSD_SHA@DF_SHA(1.1),Health expenditure and financing,I,GBR,United Kingdom,A,Annual,EXP_HEALTH,Expenditure,USD_PPP_PS,"US dollars per person, PPP converted",HF21,Voluntary health insurance schemes,_Z,Not application,_T,Total,_T,Total,_T,Total,_Z,Not applicable,_Z,Not applicable,V,Current prices,2024,,200.502,,,,,,,,,,,,0,Units,1,One
DATAFLOW,OECD.ELS.HD:DSD_SHA@DF_SHA(1.1),Health expenditure and financing,I,GBR,United Kingdom,A,Annual,EXP_HEALTH,Expenditure,USD_PPP_PS,"US dollars per person, PPP converted",HF2HF3,Voluntary schemes/household out-of-pocket payments,_Z,Not application,_T,Total,_T,Total,_T,Total,_Z,Not applicable,_Z,Not applicable,V,Current prices,2024,,1331.802,,,,,,,,,,,,0,Units,1,One
DATAFLOW,OECD.ELS.HD:DSD_SHA@DF_SHA(1.1),Health expenditure and financing,I,GBR,United Kingdom,A,Annual,EXP_HEALTH,Expenditure,USD_PPP_PS,"US dollars per person, PPP converted",HF23,Enterprise financing schemes,_Z,Not application,_T,Total,_T,Total,_T,Total,_Z,Not applicable,_Z,Not applicable,V,Current prices,2024,,9.257,,,,,,,,,,,,0,Units,1,One
DATAFLOW,OECD.ELS.HD:DSD_SHA@DF_SHA(1.1),Health expenditure and financing,I,GBR,United Kingdom,A,Annual,EXP_HEALTH,Expenditure,USD_PPP_PS,"US dollars per person, PPP converted",HF2,Voluntary healthcare payment schemes,_Z,Not application,_T,Total,_T,Total,_T,Total,_Z,Not applicable,_Z,Not applicable,V,Current prices,2024,,335.189,,,,,,,,,,,,0,Units,1,One
DATAFLOW,OECD.ELS.HD:DSD_SHA@DF_SHA(1.1),Health expenditure and financing,I,GBR,United Kingdom,A,Annual,EXP_HEALTH,Expenditure,USD_PPP_PS,"US dollars per person, PPP converted",HF3,Household out-of-pocket payments,_Z,Not application,_T,Total,_T,Total,_T,Total,_Z,Not applicable,_Z,Not applicable,V,Current prices,2024,,996.614,,,,,,,,,,,,0,Units,1,One
DATAFLOW,OECD.ELS.HD:DSD_SHA@DF_SHA(1.1),Health expenditure and financing,I,USA,United States,A,Annual,EXP_HEALTH,Expenditure,USD_PPP_PS,"US dollars per person, PPP converted",HF2,Voluntary healthcare payment schemes,_Z,Not application,_T,Total,_T,Total,_T,Total,_Z,Not applicable,_Z,Not applicable,Q,Constant prices,2015,,530.798,,2020,,,,,,,,,,0,Units,1,One
DATAFLOW,OECD.ELS.HD:DSD_SHA@DF_SHA(1.1),Health expenditure and financing,I,USA,United States,A,Annual,EXP_HEALTH,Expenditure,USD_PPP_PS,"US dollars per person, PPP converted",HF2HF3,Voluntary schemes/household out-of-pocket payments,_Z,Not application,_T,Total,_T,Total,_T,Total,_Z,Not applicable,_Z,Not applicable,Q,Constant prices,2015,,1739.96,,2020,,,,,,,,,,0,Units,1,One
DATAFLOW,OECD.ELS.HD:DSD_SHA@DF_SHA(1.1),Health expenditure and financing,I,USA,United States,A,Annual,EXP_HEALTH,Expenditure,USD_PPP_PS,"US dollars per person, PPP converted",HF122,Compulsory private insurance schemes,_Z,Not application,_T,Total,_T,Total,_T,Total,_Z,Not applicable,_Z,Not applicable,Q,Constant prices,2015,,3291.88,,2020,,,,,,,,,,0,Units,1,One
DATAFLOW,OECD.ELS.HD:DSD_SHA@DF_SHA(1.1),Health expenditure and financing,I,USA,United States,A,Annual,EXP_HEALTH,Expenditure,USD_PPP_PS,"US dollars per person, PPP converted",HF21,Voluntary health insurance schemes,_Z,Not application,_T,Total,_T,Total,_T,Total,_Z,Not applicable,_Z,Not applicable,Q,Constant prices,2015,,98.905,,2020,,,,,,,,,,0,Units,1,One
DATAFLOW,OECD.ELS.HD:DSD_SHA@DF_SHA(1.1),Health expenditure and financing,I,USA,United States,A,Annual,EXP_HEALTH,Expenditure,USD_PPP_PS,"US dollars per person, PPP converted",_T,Total,_Z,Not application,_T,Total,_T,Total,_T,Total,_Z,Not applicable,_Z,Not applicable,Q,Constant prices,2015,,10098.662,,2020,,,,,,,,,,0,Units,1,One
DATAFLOW,OECD.ELS.HD:DSD_SHA@DF_SHA(1.1),Health expenditure and financing,I,USA,United States,A,Annual,EXP_HEALTH,Expenditure,USD_PPP_PS,"US dollars per person, PPP converted",HF3,Household out-of-pocket payments,_Z,Not application,_T,Total,_T,Total,_T,Total,_Z,Not applicable,_Z,Not applicable,Q,Constant prices,2015,,1209.162,,2020,,,,,,,,,,0,Units,1,One
DATAFLOW,OECD.ELS.HD:DSD_SHA@DF_SHA(1.1),Health expenditure and financing,I,USA,United States,A,Annual,EXP_HEALTH,Expenditure,USD_PPP_PS,"US dollars per person, PPP converted",HF12HF13,Compulsory contributory health insurance schemes,_Z,Not application,_T,Total,_T,Total,_T,Total,_Z,Not applicable,_Z,Not applicable,Q,Constant prices,2015,,5628.949,,2020,,,,,,,,,,0,Units,1,One
DATAFLOW,OECD.ELS.HD:DSD_SHA@DF_SHA(1.1),Health expenditure and financing,I,USA,United States,A,Annual,EXP_HEALTH,Expenditure,USD_PPP_PS,"US dollars per person, PPP converted",HF1,Government/compulsory schemes,_Z,Not application,_T,Total,_T,Total,_T,Total,_Z,Not applicable,_Z,Not applicable,Q,Constant prices,2015,,8358.702,,2020,,,,,,,,,,0,Units,1,One
DATAFLOW,OECD.ELS.HD:DSD_SHA@DF_SHA(1.1),Health expenditure and financing,I,USA,United States,A,Annual,EXP_HEALTH,Expenditure,USD_PPP_PS,"US dollars per person, PPP converted",HF121,Social health insurance schemes,_Z,Not application,_T,Total,_T,Total,_T,Total,_Z,Not applicable,_Z,Not applicable,Q,Constant prices,2015,,2337.069,,2020,,,,,,,,,,0,Units,1,One
DATAFLOW,OECD.ELS.HD:DSD_SHA@DF_SHA(1.1),Health expenditure and financing,I,USA,United States,A,Annual,EXP_HEALTH,Expenditure,USD_PPP_PS,"US dollars per person, PPP converted",HF11,Government schemes,_Z,Not application,_T,Total,_T,Total,_T,Total,_Z,Not applicable,_Z,Not applicable,Q,Constant prices,2015,,2729.753,,2020,,,,,,,,,,0,Units,1,One
DATAFLOW,OECD.ELS.HD:DSD_SHA@DF_SHA(1.1),Health expenditure and financing,I,USA,United States,A,Annual,EXP_HEALTH,Expenditure,USD_PPP_PS,"US dollars per person, PPP converted",HF11,Government schemes,_Z,Not application,_T,Total,_T,Total,_T,Total,_Z,Not applicable,_Z,Not applicable,Q,Constant prices,2016,,2789.475,,2020,,,,,,,,,,0,Units,1,One
DATAFLOW,OECD.ELS.HD:DSD_SHA@DF_SHA(1.1),Health expenditure and financing,I,USA,United States,A,Annual,EXP_HEALTH,Expenditure,USD_PPP_PS,"US dollars per person, PPP converted",HF121,Social health insurance schemes,_Z,Not application,_T,Total,_T,Total,_T,Total,_Z,Not applicable,_Z,Not applicable,Q,Constant prices,2016,,2391.347,,2020,,,,,,,,,,0,Units,1,One
DATAFLOW,OECD.ELS.HD:DSD_SHA@DF_SHA(1.1),Health expenditure and financing,I,USA,United States,A,Annual,EXP_HEALTH,Expenditure,USD_PPP_PS,"US dollars per person, PPP converted",HF1,Government/compulsory schemes,_Z,Not application,_T,Total,_T,Total,_T,Total,_Z,Not applicable,_Z,Not applicable,Q,Constant prices,2016,,8598.844,,2020,,,,,,,,,,0,Units,1,One
DATAFLOW,OECD.ELS.HD:DSD_SHA@DF_SHA(1.1),Health expenditure and financing,I,USA,United States,A,Annual,EXP_HEALTH,Expenditure,USD_PPP_PS,"US dollars per person, PPP converted",HF12HF13,Compulsory contributory health insurance schemes,_Z,Not application,_T,Total,_T,Total,_T,Total,_Z,Not applicable,_Z,Not applicable,Q,Constant prices,2016,,5809.37,,2020,,,,,,,,,,0,Units,1,One
DATAFLOW,OECD.ELS.HD:DSD_SHA@DF_SHA(1.1),Health expenditure and financing,I,USA,United States,A,Annual,EXP_HEALTH,Expenditure,USD_PPP_PS,"US dollars per person, PPP converted",HF3,Household out-of-pocket payments,_Z,Not application,_T,Total,_T,Total,_T,Total,_Z,Not applicable,_Z,Not applicable,Q,Constant prices,2016,,1237.289,,2020,,,,,,,,,,0,Units,1,One
DATAFLOW,OECD.ELS.HD:DSD_SHA@DF_SHA(1.1),Health expenditure and financing,I,USA,United States,A,Annual,EXP_HEALTH,Expenditure,USD_PPP_PS,"US dollars per person, PPP converted",_T,Total,_Z,Not application,_T,Total,_T,Total,_T,Total,_Z,Not applicable,_Z,Not applicable,Q,Constant prices,2016,,10398.996,,2020,,,,,,,,,,0,Units,1,One
DATAFLOW,OECD.ELS.HD:DSD_SHA@DF_SHA(1.1),Health expenditure and financing,I,USA,United States,A,Annual,EXP_HEALTH,Expenditure,USD_PPP_PS,"US dollars per person, PPP converted",HF21,Voluntary health insurance schemes,_Z,Not application,_T,Total,_T,Total,_T,Total,_Z,Not applicable,_Z,Not applicable,Q,Constant prices,2016,,99.138,,2020,,,,,,,,,,0,Units,1,One
DATAFLOW,OECD.ELS.HD:DSD_SHA@DF_SHA(1.1),Health expenditure and financing,I,USA,United States,A,Annual,EXP_HEALTH,Expenditure,USD_PPP_PS,"US dollars per person, PPP converted",HF122,Compulsory private insurance schemes,_Z,Not application,_T,Total,_T,Total,_T,Total,_Z,Not applicable,_Z,Not applicable,Q,Constant prices,2016,,3418.023,,2020,,,,,,,,,,0,Units,1,One
DATAFLOW,OECD.ELS.HD:DSD_SHA@DF_SHA(1.1),Health expenditure and financing,I,USA,United States,A,Annual,EXP_HEALTH,Expenditure,USD_PPP_PS,"US dollars per person, PPP converted",HF2HF3,Voluntary schemes/household out-of-pocket payments,_Z,Not application,_T,Total,_T,Total,_T,Total,_Z,Not applicable,_Z,Not applicable,Q,Constant prices,2016,,1800.151,,2020,,,,,,,,,,0,Units,1,One
DATAFLOW,OECD.ELS.HD:DSD_SHA@DF_SHA(1.1),Health expenditure and financing,I,USA,United States,A,Annual,EXP_HEALTH,Expenditure,USD_PPP_PS,"US dollars per person, PPP converted",HF11,Government schemes,_Z,Not application,_T,Total,_T,Total,_T,Total,_Z,Not applicable,_Z,Not applicable,V,Current prices,2015,,2530.207,,,,,,,,,,,,0,Units,1,One
DATAFLOW,OECD.ELS.HD:DSD_SHA@DF_SHA(1.1),Health expenditure and financing,I,USA,United States,A,Annual,EXP_HEALTH,Expenditure,USD_PPP_PS,"US dollars per person, PPP converted",HF3,Household out-of-pocket payments,_Z,Not application,_T,Total,_T,Total,_T,Total,_Z,Not applicable,_Z,Not applicable,V,Current prices,2015,,1120.772,,,,,,,,,,,,0,Units,1,One
DATAFLOW,OECD.ELS.HD:DSD_SHA@DF_SHA(1.1),Health expenditure and financing,I,USA,United States,A,Annual,EXP_HEALTH,Expenditure,USD_PPP_PS,"US dollars per person, PPP converted",HF12HF13,Compulsory contributory health insurance schemes,_Z,Not application,_T,Total,_T,Total,_T,Total,_Z,Not applicable,_Z,Not applicable,V,Current prices,2015,,5217.47,,,,,,,,,,,,0,Units,1,One
DATAFLOW,OECD.ELS.HD:DSD_SHA@DF_SHA(1.1),Health expenditure and financing,I,USA,United States,A,Annual,EXP_HEALTH,Expenditure,USD_PPP_PS,"US dollars per person, PPP converted",_T,Total,_Z,Not application,_T,Total,_T,Total,_T,Total,_Z,Not applicable,_Z,Not applicable,V,Current prices,2015,,9360.445,,,,,,,,,,,,0,Units,1,One
DATAFLOW,OECD.ELS.HD:DSD_SHA@DF_SHA(1.1),Health expenditure and financing,I,USA,United States,A,Annual,EXP_HEALTH,Expenditure,USD_PPP_PS,"US dollars per person, PPP converted",HF1,Government/compulsory schemes,_Z,Not application,_T,Total,_T,Total,_T,Total,_Z,Not applicable,_Z,Not applicable,V,Current prices,2015,,7747.677,,,,,,,,,,,,0,Units,1,One
DATAFLOW,OECD.ELS.HD:DSD_SHA@DF_SHA(1.1),Health expenditure and financing,I,USA,United States,A,Annual,EXP_HEALTH,Expenditure,USD_PPP_PS,"US dollars per person, PPP converted",HF21,Voluntary health insurance schemes,_Z,Not application,_T,Total,_T,Total,_T,Total,_Z,Not applicable,_Z,Not applicable,V,Current prices,2015,,91.675,,,,,,,,,,,,0,Units,1,One
DATAFLOW,OECD.ELS.HD:DSD_SHA@DF_SHA(1.1),Health expenditure and financing,I,USA,United States,A,Annual,EXP_HEALTH,Expenditure,USD_PPP_PS,"US dollars per person, PPP converted",HF122,Compulsory private insurance schemes,_Z,Not application,_T,Total,_T,Total,_T,Total,_Z,Not applicable,_Z,Not applicable,V,Current prices,2015,,3051.242,,,,,,,,,,,,0,Units,1,One
DATAFLOW,OECD.ELS.HD:DSD_SHA@DF_SHA(1.1),Health expenditure and financing,I,USA,United States,A,Annual,EXP_HEALTH,Expenditure,USD_PPP_PS,"US dollars per person, PPP converted",HF2HF3,Voluntary schemes/household out-of-pocket payments,_Z,Not application,_T,Total,_T,Total,_T,Total,_Z,Not applicable,_Z,Not applicable,V,Current prices,2015,,1612.768,,,,,,,,,,,,0,Units,1,One
DATAFLOW,OECD.ELS.HD:DSD_SHA@DF_SHA(1.1),Health expenditure and financing,I,USA,United States,A,Annual,EXP_HEALTH,Expenditure,USD_PPP_PS,"US dollars per person, PPP converted",HF2,Voluntary healthcare payment schemes,_Z,Not application,_T,Total,_T,Total,_T,Total,_Z,Not applicable,_Z,Not applicable,V,Current prices,2015,,491.996,,,,,,,,,,,,0,Units,1,One
DATAFLOW,OECD.ELS.HD:DSD_SHA@DF_SHA(1.1),Health expenditure and financing,I,USA,United States,A,Annual,EXP_HEALTH,Expenditure,USD_PPP_PS,"US dollars per person, PPP converted",HF121,Social health insurance schemes,_Z,Not application,_T,Total,_T,Total,_T,Total,_Z,Not applicable,_Z,Not applicable,V,Current prices,2015,,2166.228,,,,,,,,,,,,0,Units,1,One
DATAFLOW,OECD.ELS.HD:DSD_SHA@DF_SHA(1.1),Health expenditure and financing,I,USA,United States,A,Annual,EXP_HEALTH,Expenditure,USD_PPP_PS,"US dollars per person, PPP converted",HF121,Social health insurance schemes,_Z,Not application,_T,Total,_T,Total,_T,Total,_Z,Not applicable,_Z,Not applicable,V,Current prices,2016,,2236.865,,,,,,,,,,,,0,Units,1,One
DATAFLOW,OECD.ELS.HD:DSD_SHA@DF_SHA(1.1),Health expenditure and financing,I,USA,United States,A,Annual,EXP_HEALTH,Expenditure,USD_PPP_PS,"US dollars per person, PPP converted",HF2,Voluntary healthcare payment schemes,_Z,Not application,_T,Total,_T,Total,_T,Total,_Z,Not applicable,_Z,Not applicable,V,Current prices,2016,,526.501,,,,,,,,,,,,0,Units,1,One
DATAFLOW,OECD.ELS.HD:DSD_SHA@DF_SHA(1.1),Health expenditure and financing,I,USA,United States,A,Annual,EXP_HEALTH,Expenditure,USD_PPP_PS,"US dollars per person, PPP converted",HF2HF3,Voluntary schemes/household out-of-pocket payments,_Z,Not application,_T,Total,_T,Total,_T,Total,_Z,Not applicable,_Z,Not applicable,V,Current prices,2016,,1683.861,,,,,,,,,,,,0,Units,1,One
DATAFLOW,OECD.ELS.HD:DSD_SHA@DF_SHA(1.1),Health expenditure and financing,I,USA,United States,A,Annual,EXP_HEALTH,Expenditure,USD_PPP_PS,"US dollars per person, PPP converted",HF122,Compulsory private insurance schemes,_Z,Not application,_T,Total,_T,Total,_T,Total,_Z,Not applicable,_Z,Not applicable,V,Current prices,2016,,3197.217,,,,,,,,,,,,0,Units,1,One
DATAFLOW,OECD.ELS.HD:DSD_SHA@DF_SHA(1.1),Health expenditure and financing,I,USA,United States,A,Annual,EXP_HEALTH,Expenditure,USD_PPP_PS,"US dollars per person, PPP converted",HF21,Voluntary health insurance schemes,_Z,Not application,_T,Total,_T,Total,_T,Total,_Z,Not applicable,_Z,Not applicable,V,Current prices,2016,,92.733,,,,,,,,,,,,0,Units,1,One
DATAFLOW,OECD.ELS.HD:DSD_SHA@DF_SHA(1.1),Health expenditure and financing,I,USA,United States,A,Annual,EXP_HEALTH,Expenditure,USD_PPP_PS,"US dollars per person, PPP converted",HF1,Government/compulsory schemes,_Z,Not application,_T,Total,_T,Total,_T,Total,_Z,Not applicable,_Z,Not applicable,V,Current prices,2016,,8043.355,,,,,,,,,,,,0,Units,1,One
DATAFLOW,OECD.ELS.HD:DSD_SHA@DF_SHA(1.1),Health expenditure and financing,I,USA,United States,A,Annual,EXP_HEALTH,Expenditure,USD_PPP_PS,"US dollars per person, PPP converted",_T,Total,_Z,Not application,_T,Total,_T,Total,_T,Total,_Z,Not applicable,_Z,Not applicable,V,Current prices,2016,,9727.216,,,,,,,,,,,,0,Units,1,One
DATAFLOW,OECD.ELS.HD:DSD_SHA@DF_SHA(1.1),Health expenditure and financing,I,USA,United States,A,Annual,EXP_HEALTH,Expenditure,USD_PPP_PS,"US dollars per person, PPP converted",HF2,Voluntary healthcare payment schemes,_Z,Not application,_T,Total,_T,Total,_T,Total,_Z,Not applicable,_Z,Not applicable,Q,Constant prices,2016,,562.862,,2020,,,,,,,,,,0,Units,1,One
DATAFLOW,OECD.ELS.HD:DSD_SHA@DF_SHA(1.1),Health expenditure and financing,I,USA,United States,A,Annual,EXP_HEALTH,Expenditure,USD_PPP_PS,"US dollars per person, PPP converted",HF2,Voluntary healthcare payment schemes,_Z,Not application,_T,Total,_T,Total,_T,Total,_Z,Not applicable,_Z,Not applicable,Q,Constant prices,2017,,598.072,,2020,,,,,,,,,,0,Units,1,One
DATAFLOW,OECD.ELS.HD:DSD_SHA@DF_SHA(1.1),Health expenditure and financing,I,USA,United States,A,Annual,EXP_HEALTH,Expenditure,USD_PPP_PS,"US dollars per person, PPP converted",HF2HF3,Voluntary schemes/household out-of-pocket payments,_Z,Not application,_T,Total,_T,Total,_T,Total,_Z,Not applicable,_Z,Not applicable,Q,Constant prices,2017,,1837.007,,2020,,,,,,,,,,0,Units,1,One
DATAFLOW,OECD.ELS.HD:DSD_SHA@DF_SHA(1.1),Health expenditure and financing,I,USA,United States,A,Annual,EXP_HEALTH,Expenditure,USD_PPP_PS,"US dollars per person, PPP converted",HF122,Compulsory private insurance schemes,_Z,Not application,_T,Total,_T,Total,_T,Total,_Z,Not applicable,_Z,Not applicable,Q,Constant prices,2017,,3476.935,,2020,,,,,,,,,,0,Units,1,One
DATAFLOW,OECD.ELS.HD:DSD_SHA@DF_SHA(1.1),Health expenditure and financing,I,USA,United States,A,Annual,EXP_HEALTH,Expenditure,USD_PPP_PS,"US dollars per person, PPP converted",HF21,Voluntary health insurance schemes,_Z,Not application,_T,Total,_T,Total,_T,Total,_Z,Not applicable,_Z,Not applicable,Q,Constant prices,2017,,110.256,,2020,,,,,,,,,,0,Units,1,One
DATAFLOW,OECD.ELS.HD:DSD_SHA@DF_SHA(1.1),Health expenditure and financing,I,USA,United States,A,Annual,EXP_HEALTH,Expenditure,USD_PPP_PS,"US dollars per person, PPP converted",_T,Total,_Z,Not application,_T,Total,_T,Total,_T,Total,_Z,Not applicable,_Z,Not applicable,Q,Constant prices,2017,,10548.953,,2020,,,,,,,,,,0,Units,1,One
DATAFLOW,OECD.ELS.HD:DSD_SHA@DF_SHA(1.1),Health expenditure and financing,I,USA,United States,A,Annual,EXP_HEALTH,Expenditure,USD_PPP_PS,"US dollars per person, PPP converted",HF3,Household out-of-pocket payments,_Z,Not application,_T,Total,_T,Total,_T,Total,_Z,Not applicable,_Z,Not applicable,Q,Constant prices,2017,,1238.935,,2020,,,,,,,,,,0,Units,1,One
DATAFLOW,OECD.ELS.HD:DSD_SHA@DF_SHA(1.1),Health expenditure and financing,I,USA,United States,A,Annual,EXP_HEALTH,Expenditure,USD_PPP_PS,"US dollars per person, PPP converted",HF12HF13,Compulsory contributory health insurance schemes,_Z,Not application,_T,Total,_T,Total,_T,Total,_Z,Not applicable,_Z,Not applicable,Q,Constant prices,2017,,5902.829,,2020,,,,,,,,,,0,Units,1,One
DATAFLOW,OECD.ELS.HD:DSD_SHA@DF_SHA(1.1),Health expenditure and financing,I,USA,United States,A,Annual,EXP_HEALTH,Expenditure,USD_PPP_PS,"US dollars per person, PPP converted",HF1,Government/compulsory schemes,_Z,Not application,_T,Total,_T,Total,_T,Total,_Z,Not applicable,_Z,Not applicable,Q,Constant prices,2017,,8711.946,,2020,,,,,,,,,,0,Units,1,One
DATAFLOW,OECD.ELS.HD:DSD_SHA@DF_SHA(1.1),Health expenditure and financing,I,USA,United States,A,Annual,EXP_HEALTH,Expenditure,USD_PPP_PS,"US dollars per person, PPP converted",HF121,Social health insurance schemes,_Z,Not application,_T,Total,_T,Total,_T,Total,_Z,Not applicable,_Z,Not applicable,Q,Constant prices,2017,,2425.895,,2020,,,,,,,,,,0,Units,1,One
DATAFLOW,OECD.ELS.HD:DSD_SHA@DF_SHA(1.1),Health expenditure and financing,I,USA,United States,A,Annual,EXP_HEALTH,Expenditure,USD_PPP_PS,"US dollars per person, PPP converted",HF11,Government schemes,_Z,Not application,_T,Total,_T,Total,_T,Total,_Z,Not applicable,_Z,Not applicable,Q,Constant prices,2017,,2809.117,,2020,,,,,,,,,,0,Units,1,One
DATAFLOW,OECD.ELS.HD:DSD_SHA@DF_SHA(1.1),Health expenditure and financing,I,USA,United States,A,Annual,EXP_HEALTH,Expenditure,USD_PPP_PS,"US dollars per person, PPP converted",HF11,Government schemes,_Z,Not application,_T,Total,_T,Total,_T,Total,_Z,Not applicable,_Z,Not applicable,Q,Constant prices,2018,,2823.256,,2020,,,,,,,,,,0,Units,1,One
DATAFLOW,OECD.ELS.HD:DSD_SHA@DF_SHA(1.1),Health expenditure and financing,I,USA,United States,A,Annual,EXP_HEALTH,Expenditure,USD_PPP_PS,"US dollars per person, PPP converted",HF121,Social health insurance schemes,_Z,Not application,_T,Total,_T,Total,_T,Total,_Z,Not applicable,_Z,Not applicable,Q,Constant prices,2018,,2507.133,,2020,,,,,,,,,,0,Units,1,One
DATAFLOW,OECD.ELS.HD:DSD_SHA@DF_SHA(1.1),Health expenditure and financing,I,USA,United States,A,Annual,EXP_HEALTH,Expenditure,USD_PPP_PS,"US dollars per person, PPP converted",HF1,Government/compulsory schemes,_Z,Not application,_T,Total,_T,Total,_T,Total,_Z,Not applicable,_Z,Not applicable,Q,Constant prices,2018,,8904.51,,2020,,,,,,,,,,0,Units,1,One
DATAFLOW,OECD.ELS.HD:DSD_SHA@DF_SHA(1.1),Health expenditure and financing,I,USA,United States,A,Annual,EXP_HEALTH,Expenditure,USD_PPP_PS,"US dollars per person, PPP converted",HF12HF13,Compulsory contributory health insurance schemes,_Z,Not application,_T,Total,_T,Total,_T,Total,_Z,Not applicable,_Z,Not applicable,Q,Constant prices,2018,,6081.254,,2020,,,,,,,,,,0,Units,1,One
DATAFLOW,OECD.ELS.HD:DSD_SHA@DF_SHA(1.1),Health expenditure and financing,I,USA,United States,A,Annual,EXP_HEALTH,Expenditure,USD_PPP_PS,"US dollars per person, PPP converted",HF3,Household out-of-pocket payments,_Z,Not application,_T,Total,_T,Total,_T,Total,_Z,Not applicable,_Z,Not applicable,Q,Constant prices,2018,,1260.466,,2020,,,,,,,,,,0,Units,1,One
DATAFLOW,OECD.ELS.HD:DSD_SHA@DF_SHA(1.1),Health expenditure and financing,I,USA,United States,A,Annual,EXP_HEALTH,Expenditure,USD_PPP_PS,"US dollars per person, PPP converted",_T,Total,_Z,Not application,_T,Total,_T,Total,_T,Total,_Z,Not applicable,_Z,Not applicable,Q,Constant prices,2018,,10774.02,,2020,,,,,,,,,,0,Units,1,One
DATAFLOW,OECD.ELS.HD:DSD_SHA@DF_SHA(1.1),Health expenditure and financing,I,USA,United States,A,Annual,EXP_HEALTH,Expenditure,USD_PPP_PS,"US dollars per person, PPP converted",HF21,Voluntary health insurance schemes,_Z,Not application,_T,Total,_T,Total,_T,Total,_Z,Not applicable,_Z,Not applicable,Q,Constant prices,2018,,121.395,,2020,,,,,,,,,,0,Units,1,One
DATAFLOW,OECD.ELS.HD:DSD_SHA@DF_SHA(1.1),Health expenditure and financing,I,USA,United States,A,Annual,EXP_HEALTH,Expenditure,USD_PPP_PS,"US dollars per person, PPP converted",HF122,Compulsory private insurance schemes,_Z,Not application,_T,Total,_T,Total,_T,Total,_Z,Not applicable,_Z,Not applicable,Q,Constant prices,2018,,3574.121,,2020,,,,,,,,,,0,Units,1,One
DATAFLOW,OECD.ELS.HD:DSD_SHA@DF_SHA(1.1),Health expenditure and financing,I,USA,United States,A,Annual,EXP_HEALTH,Expenditure,USD_PPP_PS,"US dollars per person, PPP converted",HF2HF3,Voluntary schemes/household out-of-pocket payments,_Z,Not application,_T,Total,_T,Total,_T,Total,_Z,Not applicable,_Z,Not applicable,Q,Constant prices,2018,,1869.51,,2020,,,,,,,,,,0,Units,1,One
DATAFLOW,OECD.ELS.HD:DSD_SHA@DF_SHA(1.1),Health expenditure and financing,I,USA,United States,A,Annual,EXP_HEALTH,Expenditure,USD_PPP_PS,"US dollars per person, PPP converted",HF2,Voluntary healthcare payment schemes,_Z,Not application,_T,Total,_T,Total,_T,Total,_Z,Not applicable,_Z,Not applicable,Q,Constant prices,2018,,609.044,,2020,,,,,,,,,,0,Units,1,One
DATAFLOW,OECD.ELS.HD:DSD_SHA@DF_SHA(1.1),Health expenditure and financing,I,USA,United States,A,Annual,EXP_HEALTH,Expenditure,USD_PPP_PS,"US dollars per person, PPP converted",HF2,Voluntary healthcare payment schemes,_Z,Not application,_T,Total,_T,Total,_T,Total,_Z,Not applicable,_Z,Not applicable,Q,Constant prices,2019,,645.881,,2020,,,,,,,,,,0,Units,1,One
DATAFLOW,OECD.ELS.HD:DSD_SHA@DF_SHA(1.1),Health expenditure and financing,I,USA,United States,A,Annual,EXP_HEALTH,Expenditure,USD_PPP_PS,"US dollars per person, PPP converted",HF2HF3,Voluntary schemes/household out-of-pocket payments,_Z,Not application,_T,Total,_T,Total,_T,Total,_Z,Not applicable,_Z,Not applicable,Q,Constant prices,2019,,1935.815,,2020,,,,,,,,,,0,Units,1,One
DATAFLOW,OECD.ELS.HD:DSD_SHA@DF_SHA(1.1),Health expenditure and financing,I,USA,United States,A,Annual,EXP_HEALTH,Expenditure,USD_PPP_PS,"US dollars per person, PPP converted",HF122,Compulsory private insurance schemes,_Z,Not application,_T,Total,_T,Total,_T,Total,_Z,Not applicable,_Z,Not applicable,Q,Constant prices,2019,,3618.496,,2020,,,,,,,,,,0,Units,1,One
DATAFLOW,OECD.ELS.HD:DSD_SHA@DF_SHA(1.1),Health expenditure and financing,I,USA,United States,A,Annual,EXP_HEALTH,Expenditure,USD_PPP_PS,"US dollars per person, PPP converted",HF21,Voluntary health insurance schemes,_Z,Not application,_T,Total,_T,Total,_T,Total,_Z,Not applicable,_Z,Not applicable,Q,Constant prices,2019,,129.911,,2020,,,,,,,,,,0,Units,1,One
DATAFLOW,OECD.ELS.HD:DSD_SHA@DF_SHA(1.1),Health expenditure and financing,I,USA,United States,A,Annual,EXP_HEALTH,Expenditure,USD_PPP_PS,"US dollars per person, PPP converted",_T,Total,_Z,Not application,_T,Total,_T,Total,_T,Total,_Z,Not applicable,_Z,Not applicable,Q,Constant prices,2019,,11066.6,,2020,,,,,,,,,,0,Units,1,One
DATAFLOW,OECD.ELS.HD:DSD_SHA@DF_SHA(1.1),Health expenditure and financing,I,USA,United States,A,Annual,EXP_HEALTH,Expenditure,USD_PPP_PS,"US dollars per person, PPP converted",HF3,Household out-of-pocket payments,_Z,Not application,_T,Total,_T,Total,_T,Total,_Z,Not applicable,_Z,Not applicable,Q,Constant prices,2019,,1289.933,,2020,,,,,,,,,,0,Units,1,One
DATAFLOW,OECD.ELS.HD:DSD_SHA@DF_SHA(1.1),Health expenditure and financing,I,USA,United States,A,Annual,EXP_HEALTH,Expenditure,USD_PPP_PS,"US dollars per person, PPP converted",HF12HF13,Compulsory contributory health insurance schemes,_Z,Not application,_T,Total,_T,Total,_T,Total,_Z,Not applicable,_Z,Not applicable,Q,Constant prices,2019,,6240.059,,2020,,,,,,,,,,0,Units,1,One
DATAFLOW,OECD.ELS.HD:DSD_SHA@DF_SHA(1.1),Health expenditure and financing,I,USA,United States,A,Annual,EXP_HEALTH,Expenditure,USD_PPP_PS,"US dollars per person, PPP converted",HF1,Government/compulsory schemes,_Z,Not application,_T,Total,_T,Total,_T,Total,_Z,Not applicable,_Z,Not applicable,Q,Constant prices,2019,,9130.785,,2020,,,,,,,,,,0,Units,1,One
DATAFLOW,OECD.ELS.HD:DSD_SHA@DF_SHA(1.1),Health expenditure and financing,I,USA,United States,A,Annual,EXP_HEALTH,Expenditure,USD_PPP_PS,"US dollars per person, PPP converted",HF121,Social health insurance schemes,_Z,Not application,_T,Total,_T,Total,_T,Total,_Z,Not applicable,_Z,Not applicable,Q,Constant prices,2019,,2621.563,,2020,,,,,,,,,,0,Units,1,One
DATAFLOW,OECD.ELS.HD:DSD_SHA@DF_SHA(1.1),Health expenditure and financing,I,USA,United States,A,Annual,EXP_HEALTH,Expenditure,USD_PPP_PS,"US dollars per person, PPP converted",HF11,Government schemes,_Z,Not application,_T,Total,_T,Total,_T,Total,_Z,Not applicable,_Z,Not applicable,Q,Constant prices,2019,,2890.726,,2020,,,,,,,,,,0,Units,1,One
DATAFLOW,OECD.ELS.HD:DSD_SHA@DF_SHA(1.1),Health expenditure and financing,I,USA,United States,A,Annual,EXP_HEALTH,Expenditure,USD_PPP_PS,"US dollars per person, PPP converted",HF11,Government schemes,_Z,Not application,_T,Total,_T,Total,_T,Total,_Z,Not applicable,_Z,Not applicable,Q,Constant prices,2020,,3967.985,,2020,,,,,,,,,,0,Units,1,One
DATAFLOW,OECD.ELS.HD:DSD_SHA@DF_SHA(1.1),Health expenditure and financing,I,USA,United States,A,Annual,EXP_HEALTH,Expenditure,USD_PPP_PS,"US dollars per person, PPP converted",HF121,Social health insurance schemes,_Z,Not application,_T,Total,_T,Total,_T,Total,_Z,Not applicable,_Z,Not applicable,Q,Constant prices,2020,,2644.257,,2020,,,,,,,,,,0,Units,1,One
DATAFLOW,OECD.ELS.HD:DSD_SHA@DF_SHA(1.1),Health expenditure and financing,I,USA,United States,A,Annual,EXP_HEALTH,Expenditure,USD_PPP_PS,"US dollars per person, PPP converted",HF1,Government/compulsory schemes,_Z,Not application,_T,Total,_T,Total,_T,Total,_Z,Not applicable,_Z,Not applicable,Q,Constant prices,2020,,10183.869,,2020,,,,,,,,,,0,Units,1,One
DATAFLOW,OECD.ELS.HD:DSD_SHA@DF_SHA(1.1),Health expenditure and financing,I,USA,United States,A,Annual,EXP_HEALTH,Expenditure,USD_PPP_PS,"US dollars per person, PPP converted",HF12HF13,Compulsory contributory health insurance schemes,_Z,Not application,_T,Total,_T,Total,_T,Total,_Z,Not applicable,_Z,Not applicable,Q,Constant prices,2020,,6215.884,,2020,,,,,,,,,,0,Units,1,One
DATAFLOW,OECD.ELS.HD:DSD_SHA@DF_SHA(1.1),Health expenditure and financing,I,USA,United States,A,Annual,EXP_HEALTH,Expenditure,USD_PPP_PS,"US dollars per person, PPP converted",HF3,Household out-of-pocket payments,_Z,Not application,_T,Total,_T,Total,_T,Total,_Z,Not applicable,_Z,Not applicable,Q,Constant prices,2020,,1243.376,,2020,,,,,,,,,,0,Units,1,One
DATAFLOW,OECD.ELS.HD:DSD_SHA@DF_SHA(1.1),Health expenditure and financing,I,USA,United States,A,Annual,EXP_HEALTH,Expenditure,USD_PPP_PS,"US dollars per person, PPP converted",_T,Total,_Z,Not application,_T,Total,_T,Total,_T,Total,_Z,Not applicable,_Z,Not applicable,Q,Constant prices,2020,,12076.794,,2020,,,,,,,,,,0,Units,1,One
DATAFLOW,OECD.ELS.HD:DSD_SHA@DF_SHA(1.1),Health expenditure and financing,I,USA,United States,A,Annual,EXP_HEALTH,Expenditure,USD_PPP_PS,"US dollars per person, PPP converted",HF21,Voluntary health insurance schemes,_Z,Not application,_T,Total,_T,Total,_T,Total,_Z,Not applicable,_Z,Not applicable,Q,Constant prices,2020,,131.218,,2020,,,,,,,,,,0,Units,1,One
DATAFLOW,OECD.ELS.HD:DSD_SHA@DF_SHA(1.1),Health expenditure and financing,I,USA,United States,A,Annual,EXP_HEALTH,Expenditure,USD_PPP_PS,"US dollars per person, PPP converted",HF122,Compulsory private insurance schemes,_Z,Not application,_T,Total,_T,Total,_T,Total,_Z,Not applicable,_Z,Not applicable,Q,Constant prices,2020,,3571.627,,2020,,,,,,,,,,0,Units,1,One
DATAFLOW,OECD.ELS.HD:DSD_SHA@DF_SHA(1.1),Health expenditure and financing,I,USA,United States,A,Annual,EXP_HEALTH,Expenditure,USD_PPP_PS,"US dollars per person, PPP converted",HF2HF3,Voluntary schemes/household out-of-pocket payments,_Z,Not application,_T,Total,_T,Total,_T,Total,_Z,Not applicable,_Z,Not applicable,Q,Constant prices,2020,,1892.925,,2020,,,,,,,,,,0,Units,1,One
DATAFLOW,OECD.ELS.HD:DSD_SHA@DF_SHA(1.1),Health expenditure and financing,I,USA,United States,A,Annual,EXP_HEALTH,Expenditure,USD_PPP_PS,"US dollars per person, PPP converted",HF2,Voluntary healthcare payment schemes,_Z,Not application,_T,Total,_T,Total,_T,Total,_Z,Not applicable,_Z,Not applicable,Q,Constant prices,2020,,649.548,,2020,,,,,,,,,,0,Units,1,One
DATAFLOW,OECD.ELS.HD:DSD_SHA@DF_SHA(1.1),Health expenditure and financing,I,USA,United States,A,Annual,EXP_HEALTH,Expenditure,USD_PPP_PS,"US dollars per person, PPP converted",HF2,Voluntary healthcare payment schemes,_Z,Not application,_T,Total,_T,Total,_T,Total,_Z,Not applicable,_Z,Not applicable,Q,Constant prices,2021,,660.562,,2020,,,,,,,,,,0,Units,1,One
DATAFLOW,OECD.ELS.HD:DSD_SHA@DF_SHA(1.1),Health expenditure and financing,I,USA,United States,A,Annual,EXP_HEALTH,Expenditure,USD_PPP_PS,"US dollars per person, PPP converted",HF2HF3,Voluntary schemes/household out-of-pocket payments,_Z,Not application,_T,Total,_T,Total,_T,Total,_Z,Not applicable,_Z,Not applicable,Q,Constant prices,2021,,1980.38,,2020,,,,,,,,,,0,Units,1,One
DATAFLOW,OECD.ELS.HD:DSD_SHA@DF_SHA(1.1),Health expenditure and financing,I,USA,United States,A,Annual,EXP_HEALTH,Expenditure,USD_PPP_PS,"US dollars per person, PPP converted",HF122,Compulsory private insurance schemes,_Z,Not application,_T,Total,_T,Total,_T,Total,_Z,Not applicable,_Z,Not applicable,Q,Constant prices,2021,,3646.601,,2020,,,,,,,,,,0,Units,1,One
DATAFLOW,OECD.ELS.HD:DSD_SHA@DF_SHA(1.1),Health expenditure and financing,I,USA,United States,A,Annual,EXP_HEALTH,Expenditure,USD_PPP_PS,"US dollars per person, PPP converted",HF21,Voluntary health insurance schemes,_Z,Not application,_T,Total,_T,Total,_T,Total,_Z,Not applicable,_Z,Not applicable,Q,Constant prices,2021,,133.31,,2020,,,,,,,,,,0,Units,1,One
DATAFLOW,OECD.ELS.HD:DSD_SHA@DF_SHA(1.1),Health expenditure and financing,I,USA,United States,A,Annual,EXP_HEALTH,Expenditure,USD_PPP_PS,"US dollars per person, PPP converted",_T,Total,_Z,Not application,_T,Total,_T,Total,_T,Total,_Z,Not applicable,_Z,Not applicable,Q,Constant prices,2021,,12007.415,,2020,,,,,,,,,,0,Units,1,One
DATAFLOW,OECD.ELS.HD:DSD_SHA@DF_SHA(1.1),Health expenditure and financing,I,USA,United States,A,Annual,EXP_HEALTH,Expenditure,USD_PPP_PS,"US dollars per person, PPP converted",HF3,Household out-of-pocket payments,_Z,Not application,_T,Total,_T,Total,_T,Total,_Z,Not applicable,_Z,Not applicable,Q,Constant prices,2021,,1319.818,,2020,,,,,,,,,,0,Units,1,One
DATAFLOW,OECD.ELS.HD:DSD_SHA@DF_SHA(1.1),Health expenditure and financing,I,USA,United States,A,Annual,EXP_HEALTH,Expenditure,USD_PPP_PS,"US dollars per person, PPP converted",HF12HF13,Compulsory contributory health insurance schemes,_Z,Not application,_T,Total,_T,Total,_T,Total,_Z,Not applicable,_Z,Not applicable,Q,Constant prices,2021,,6359.48,,2020,,,,,,,,,,0,Units,1,One
DATAFLOW,OECD.ELS.HD:DSD_SHA@DF_SHA(1.1),Health expenditure and financing,I,USA,United States,A,Annual,EXP_HEALTH,Expenditure,USD_PPP_PS,"US dollars per person, PPP converted",HF1,Government/compulsory schemes,_Z,Not application,_T,Total,_T,Total,_T,Total,_Z,Not applicable,_Z,Not applicable,Q,Constant prices,2021,,10027.034,,2020,,,,,,,,,,0,Units,1,One
DATAFLOW,OECD.ELS.HD:DSD_SHA@DF_SHA(1.1),Health expenditure and financing,I,USA,United States,A,Annual,EXP_HEALTH,Expenditure,USD_PPP_PS,"US dollars per person, PPP converted",HF121,Social health insurance schemes,_Z,Not application,_T,Total,_T,Total,_T,Total,_Z,Not applicable,_Z,Not applicable,Q,Constant prices,2021,,2712.879,,2020,,,,,,,,,,0,Units,1,One
DATAFLOW,OECD.ELS.HD:DSD_SHA@DF_SHA(1.1),Health expenditure and financing,I,USA,United States,A,Annual,EXP_HEALTH,Expenditure,USD_PPP_PS,"US dollars per person, PPP converted",HF11,Government schemes,_Z,Not application,_T,Total,_T,Total,_T,Total,_Z,Not applicable,_Z,Not applicable,Q,Constant prices,2021,,3667.554,,2020,,,,,,,,,,0,Units,1,One
DATAFLOW,OECD.ELS.HD:DSD_SHA@DF_SHA(1.1),Health expenditure and financing,I,USA,United States,A,Annual,EXP_HEALTH,Expenditure,USD_PPP_PS,"US dollars per person, PPP converted",HF11,Government schemes,_Z,Not application,_T,Total,_T,Total,_T,Total,_Z,Not applicable,_Z,Not applicable,Q,Constant prices,2022,,3479.964,,2020,,,,,,,,,,0,Units,1,One
DATAFLOW,OECD.ELS.HD:DSD_SHA@DF_SHA(1.1),Health expenditure and financing,I,USA,United States,A,Annual,EXP_HEALTH,Expenditure,USD_PPP_PS,"US dollars per person, PPP converted",HF121,Social health insurance schemes,_Z,Not application,_T,Total,_T,Total,_T,Total,_Z,Not applicable,_Z,Not applicable,Q,Constant prices,2022,,2692.718,,2020,,,,,,,,,,0,Units,1,One
DATAFLOW,OECD.ELS.HD:DSD_SHA@DF_SHA(1.1),Health expenditure and financing,I,USA,United States,A,Annual,EXP_HEALTH,Expenditure,USD_PPP_PS,"US dollars per person, PPP converted",HF1,Government/compulsory schemes,_Z,Not application,_T,Total,_T,Total,_T,Total,_Z,Not applicable,_Z,Not applicable,Q,Constant prices,2022,,9833.002,,2020,,,,,,,,,,0,Units,1,One
DATAFLOW,OECD.ELS.HD:DSD_SHA@DF_SHA(1.1),Health expenditure and financing,I,USA,United States,A,Annual,EXP_HEALTH,Expenditure,USD_PPP_PS,"US dollars per person, PPP converted",HF12HF13,Compulsory contributory health insurance schemes,_Z,Not application,_T,Total,_T,Total,_T,Total,_Z,Not applicable,_Z,Not applicable,Q,Constant prices,2022,,6353.038,,2020,,,,,,,,,,0,Units,1,One
DATAFLOW,OECD.ELS.HD:DSD_SHA@DF_SHA(1.1),Health expenditure and financing,I,USA,United States,A,Annual,EXP_HEALTH,Expenditure,USD_PPP_PS,"US dollars per person, PPP converted",HF3,Household out-of-pocket payments,_Z,Not application,_T,Total,_T,Total,_T,Total,_Z,Not applicable,_Z,Not applicable,Q,Constant prices,2022,,1325.324,,2020,,,,,,,,,,0,Units,1,One
DATAFLOW,OECD.ELS.HD:DSD_SHA@DF_SHA(1.1),Health expenditure and financing,I,USA,United States,A,Annual,EXP_HEALTH,Expenditure,USD_PPP_PS,"US dollars per person, PPP converted",_T,Total,_Z,Not application,_T,Total,_T,Total,_T,Total,_Z,Not applicable,_Z,Not applicable,Q,Constant prices,2022,,11753.68,,2020,,,,,,,,,,0,Units,1,One
DATAFLOW,OECD.ELS.HD:DSD_SHA@DF_SHA(1.1),Health expenditure and financing,I,USA,United States,A,Annual,EXP_HEALTH,Expenditure,USD_PPP_PS,"US dollars per person, PPP converted",HF21,Voluntary health insurance schemes,_Z,Not application,_T,Total,_T,Total,_T,Total,_Z,Not applicable,_Z,Not applicable,Q,Constant prices,2022,,111.582,,2020,,,,,,,,,,0,Units,1,One
DATAFLOW,OECD.ELS.HD:DSD_SHA@DF_SHA(1.1),Health expenditure and financing,I,USA,United States,A,Annual,EXP_HEALTH,Expenditure,USD_PPP_PS,"US dollars per person, PPP converted",HF122,Compulsory private insurance schemes,_Z,Not application,_T,Total,_T,Total,_T,Total,_Z,Not applicable,_Z,Not applicable,Q,Constant prices,2022,,3660.32,,2020,,,,,,,,,,0,Units,1,One
DATAFLOW,OECD.ELS.HD:DSD_SHA@DF_SHA(1.1),Health expenditure and financing,I,USA,United States,A,Annual,EXP_HEALTH,Expenditure,USD_PPP_PS,"US dollars per person, PPP converted",HF2HF3,Voluntary schemes/household out-of-pocket payments,_Z,Not application,_T,Total,_T,Total,_T,Total,_Z,Not applicable,_Z,Not applicable,Q,Constant prices,2022,,1920.678,,2020,,,,,,,,,,0,Units,1,One
DATAFLOW,OECD.ELS.HD:DSD_SHA@DF_SHA(1.1),Health expenditure and financing,I,USA,United States,A,Annual,EXP_HEALTH,Expenditure,USD_PPP_PS,"US dollars per person, PPP converted",HF2,Voluntary healthcare payment schemes,_Z,Not application,_T,Total,_T,Total,_T,Total,_Z,Not applicable,_Z,Not applicable,Q,Constant prices,2022,,595.354,,2020,,,,,,,,,,0,Units,1,One
DATAFLOW,OECD.ELS.HD:DSD_SHA@DF_SHA(1.1),Health expenditure and financing,I,USA,United States,A,Annual,EXP_HEALTH,Expenditure,USD_PPP_PS,"US dollars per person, PPP converted",HF2,Voluntary healthcare payment schemes,_Z,Not application,_T,Total,_T,Total,_T,Total,_Z,Not applicable,_Z,Not applicable,Q,Constant prices,2023,,664.954,,2020,,,,,,,,,,0,Units,1,One
DATAFLOW,OECD.ELS.HD:DSD_SHA@DF_SHA(1.1),Health expenditure and financing,I,USA,United States,A,Annual,EXP_HEALTH,Expenditure,USD_PPP_PS,"US dollars per person, PPP converted",HF2HF3,Voluntary schemes/household out-of-pocket payments,_Z,Not application,_T,Total,_T,Total,_T,Total,_Z,Not applicable,_Z,Not applicable,Q,Constant prices,2023,,2019.854,,2020,,,,,,,,,,0,Units,1,One
DATAFLOW,OECD.ELS.HD:DSD_SHA@DF_SHA(1.1),Health expenditure and financing,I,USA,United States,A,Annual,EXP_HEALTH,Expenditure,USD_PPP_PS,"US dollars per person, PPP converted",HF122,Compulsory private insurance schemes,_Z,Not application,_T,Total,_T,Total,_T,Total,_Z,Not applicable,_Z,Not applicable,Q,Constant prices,2023,,3896.835,,2020,,,,,,,,,,0,Units,1,One
DATAFLOW,OECD.ELS.HD:DSD_SHA@DF_SHA(1.1),Health expenditure and financing,I,USA,United States,A,Annual,EXP_HEALTH,Expenditure,USD_PPP_PS,"US dollars per person, PPP converted",HF21,Voluntary health insurance schemes,_Z,Not application,_T,Total,_T,Total,_T,Total,_Z,Not applicable,_Z,Not applicable,Q,Constant prices,2023,,121.463,,2020,,,,,,,,,,0,Units,1,One
DATAFLOW,OECD.ELS.HD:DSD_SHA@DF_SHA(1.1),Health expenditure and financing,I,USA,United States,A,Annual,EXP_HEALTH,Expenditure,USD_PPP_PS,"US dollars per person, PPP converted",_T,Total,_Z,Not application,_T,Total,_T,Total,_T,Total,_Z,Not applicable,_Z,Not applicable,Q,Constant prices,2023,,12098.848,,2020,,,,,,,,,,0,Units,1,One
DATAFLOW,OECD.ELS.HD:DSD_SHA@DF_SHA(1.1),Health expenditure and financing,I,USA,United States,A,Annual,EXP_HEALTH,Expenditure,USD_PPP_PS,"US dollars per person, PPP converted",HF3,Household out-of-pocket payments,_Z,Not application,_T,Total,_T,Total,_T,Total,_Z,Not applicable,_Z,Not applicable,Q,Constant prices,2023,,1354.9,,2020,,,,,,,,,,0,Units,1,One
DATAFLOW,OECD.ELS.HD:DSD_SHA@DF_SHA(1.1),Health expenditure and financing,I,USA,United States,A,Annual,EXP_HEALTH,Expenditure,USD_PPP_PS,"US dollars per person, PPP converted",HF12HF13,Compulsory contributory health insurance schemes,_Z,Not application,_T,Total,_T,Total,_T,Total,_Z,Not applicable,_Z,Not applicable,Q,Constant prices,2023,,6695.875,,2020,,,,,,,,,,0,Units,1,One
DATAFLOW,OECD.ELS.HD:DSD_SHA@DF_SHA(1.1),Health expenditure and financing,I,USA,United States,A,Annual,EXP_HEALTH,Expenditure,USD_PPP_PS,"US dollars per person, PPP converted",HF1,Government/compulsory schemes,_Z,Not application,_T,Total,_T,Total,_T,Total,_Z,Not applicable,_Z,Not applicable,Q,Constant prices,2023,,10078.994,,2020,,,,,,,,,,0,Units,1,One
DATAFLOW,OECD.ELS.HD:DSD_SHA@DF_SHA(1.1),Health expenditure and financing,I,USA,United States,A,Annual,EXP_HEALTH,Expenditure,USD_PPP_PS,"US dollars per person, PPP converted",HF121,Social health insurance schemes,_Z,Not application,_T,Total,_T,Total,_T,Total,_Z,Not applicable,_Z,Not applicable,Q,Constant prices,2023,,2799.039,,2020,,,,,,,,,,0,Units,1,One
DATAFLOW,OECD.ELS.HD:DSD_SHA@DF_SHA(1.1),Health expenditure and financing,I,USA,United States,A,Annual,EXP_HEALTH,Expenditure,USD_PPP_PS,"US dollars per person, PPP converted",HF11,Government schemes,_Z,Not application,_T,Total,_T,Total,_T,Total,_Z,Not applicable,_Z,Not applicable,Q,Constant prices,2023,,3383.12,,2020,,,,,,,,,,0,Units,1,One
DATAFLOW,OECD.ELS.HD:DSD_SHA@DF_SHA(1.1),Health expenditure and financing,I,USA,United States,A,Annual,EXP_HEALTH,Expenditure,USD_PPP_PS,"US dollars per person, PPP converted",HF11,Government schemes,_Z,Not application,_T,Total,_T,Total,_T,Total,_Z,Not applicable,_Z,Not applicable,Q,Constant prices,2024,,3435.418,,2020,,,,,,,,,,0,Units,1,One
DATAFLOW,OECD.ELS.HD:DSD_SHA@DF_SHA(1.1),Health expenditure and financing,I,USA,United States,A,Annual,EXP_HEALTH,Expenditure,USD_PPP_PS,"US dollars per person, PPP converted",HF121,Social health insurance schemes,_Z,Not application,_T,Total,_T,Total,_T,Total,_Z,Not applicable,_Z,Not applicable,Q,Constant prices,2024,,2904.11,,2020,,,,,,,,,,0,Units,1,One
DATAFLOW,OECD.ELS.HD:DSD_SHA@DF_SHA(1.1),Health expenditure and financing,I,USA,United States,A,Annual,EXP_HEALTH,Expenditure,USD_PPP_PS,"US dollars per person, PPP converted",HF1,Government/compulsory schemes,_Z,Not application,_T,Total,_T,Total,_T,Total,_Z,Not applicable,_Z,Not applicable,Q,Constant prices,2024,,10435.036,,2020,,,,,,,,,,0,Units,1,One
DATAFLOW,OECD.ELS.HD:DSD_SHA@DF_SHA(1.1),Health expenditure and financing,I,USA,United States,A,Annual,EXP_HEALTH,Expenditure,USD_PPP_PS,"US dollars per person, PPP converted",HF12HF13,Compulsory contributory health insurance schemes,_Z,Not application,_T,Total,_T,Total,_T,Total,_Z,Not applicable,_Z,Not applicable,Q,Constant prices,2024,,6999.618,,2020,,,,,,,,,,0,Units,1,One
DATAFLOW,OECD.ELS.HD:DSD_SHA@DF_SHA(1.1),Health expenditure and financing,I,USA,United States,A,Annual,EXP_HEALTH,Expenditure,USD_PPP_PS,"US dollars per person, PPP converted",HF3,Household out-of-pocket payments,_Z,Not application,_T,Total,_T,Total,_T,Total,_Z,Not applicable,_Z,Not applicable,Q,Constant prices,2024,,1385.979,,2020,,,,,,,,,,0,Units,1,One
DATAFLOW,OECD.ELS.HD:DSD_SHA@DF_SHA(1.1),Health expenditure and financing,I,USA,United States,A,Annual,EXP_HEALTH,Expenditure,USD_PPP_PS,"US dollars per person, PPP converted",_T,Total,_Z,Not application,_T,Total,_T,Total,_T,Total,_Z,Not applicable,_Z,Not applicable,Q,Constant prices,2024,,12550.859,,2020,,,,,,,,,,0,Units,1,One
DATAFLOW,OECD.ELS.HD:DSD_SHA@DF_SHA(1.1),Health expenditure and financing,I,USA,United States,A,Annual,EXP_HEALTH,Expenditure,USD_PPP_PS,"US dollars per person, PPP converted",HF21,Voluntary health insurance schemes,_Z,Not application,_T,Total,_T,Total,_T,Total,_Z,Not applicable,_Z,Not applicable,Q,Constant prices,2024,,137.737,,2020,,,,,,,,,,0,Units,1,One
DATAFLOW,OECD.ELS.HD:DSD_SHA@DF_SHA(1.1),Health expenditure and financing,I,USA,United States,A,Annual,EXP_HEALTH,Expenditure,USD_PPP_PS,"US dollars per person, PPP converted",HF122,Compulsory private insurance schemes,_Z,Not application,_T,Total,_T,Total,_T,Total,_Z,Not applicable,_Z,Not applicable,Q,Constant prices,2024,,4095.508,,2020,,,,,,,,,,0,Units,1,One
DATAFLOW,OECD.ELS.HD:DSD_SHA@DF_SHA(1.1),Health expenditure and financing,I,USA,United States,A,Annual,EXP_HEALTH,Expenditure,USD_PPP_PS,"US dollars per person, PPP converted",HF2HF3,Voluntary schemes/household out-of-pocket payments,_Z,Not application,_T,Total,_T,Total,_T,Total,_Z,Not applicable,_Z,Not applicable,Q,Constant prices,2024,,2115.822,,2020,,,,,,,,,,0,Units,1,One
DATAFLOW,OECD.ELS.HD:DSD_SHA@DF_SHA(1.1),Health expenditure and financing,I,USA,United States,A,Annual,EXP_HEALTH,Expenditure,USD_PPP_PS,"US dollars per person, PPP converted",HF2,Voluntary healthcare payment schemes,_Z,Not application,_T,Total,_T,Total,_T,Total,_Z,Not applicable,_Z,Not applicable,Q,Constant prices,2024,,729.843,,2020,,,,,,,,,,0,Units,1,One
DATAFLOW,OECD.ELS.HD:DSD_SHA@DF_SHA(1.1),Health expenditure and financing,I,USA,United States,A,Annual,EXP_HEALTH,Expenditure,USD_PPP_PS,"US dollars per person, PPP converted",HF12HF13,Compulsory contributory health insurance schemes,_Z,Not application,_T,Total,_T,Total,_T,Total,_Z,Not applicable,_Z,Not applicable,V,Current prices,2016,,5434.082,,,,,,,,,,,,0,Units,1,One
DATAFLOW,OECD.ELS.HD:DSD_SHA@DF_SHA(1.1),Health expenditure and financing,I,USA,United States,A,Annual,EXP_HEALTH,Expenditure,USD_PPP_PS,"US dollars per person, PPP converted",HF3,Household out-of-pocket payments,_Z,Not application,_T,Total,_T,Total,_T,Total,_Z,Not applicable,_Z,Not applicable,V,Current prices,2016,,1157.36,,,,,,,,,,,,0,Units,1,One
DATAFLOW,OECD.ELS.HD:DSD_SHA@DF_SHA(1.1),Health expenditure and financing,I,USA,United States,A,Annual,EXP_HEALTH,Expenditure,USD_PPP_PS,"US dollars per person, PPP converted",HF11,Government schemes,_Z,Not application,_T,Total,_T,Total,_T,Total,_Z,Not applicable,_Z,Not applicable,V,Current prices,2016,,2609.273,,,,,,,,,,,,0,Units,1,One
DATAFLOW,OECD.ELS.HD:DSD_SHA@DF_SHA(1.1),Health expenditure and financing,I,USA,United States,A,Annual,EXP_HEALTH,Expenditure,USD_PPP_PS,"US dollars per person, PPP converted",HF11,Government schemes,_Z,Not application,_T,Total,_T,Total,_T,Total,_Z,Not applicable,_Z,Not applicable,V,Current prices,2017,,2675.036,,,,,,,,,,,,0,Units,1,One
DATAFLOW,OECD.ELS.HD:DSD_SHA@DF_SHA(1.1),Health expenditure and financing,I,USA,United States,A,Annual,EXP_HEALTH,Expenditure,USD_PPP_PS,"US dollars per person, PPP converted",HF3,Household out-of-pocket payments,_Z,Not application,_T,Total,_T,Total,_T,Total,_Z,Not applicable,_Z,Not applicable,V,Current prices,2017,,1179.8,,,,,,,,,,,,0,Units,1,One
DATAFLOW,OECD.ELS.HD:DSD_SHA@DF_SHA(1.1),Health expenditure and financing,I,USA,United States,A,Annual,EXP_HEALTH,Expenditure,USD_PPP_PS,"US dollars per person, PPP converted",HF12HF13,Compulsory contributory health insurance schemes,_Z,Not application,_T,Total,_T,Total,_T,Total,_Z,Not applicable,_Z,Not applicable,V,Current prices,2017,,5621.082,,,,,,,,,,,,0,Units,1,One
DATAFLOW,OECD.ELS.HD:DSD_SHA@DF_SHA(1.1),Health expenditure and financing,I,USA,United States,A,Annual,EXP_HEALTH,Expenditure,USD_PPP_PS,"US dollars per person, PPP converted",_T,Total,_Z,Not application,_T,Total,_T,Total,_T,Total,_Z,Not applicable,_Z,Not applicable,V,Current prices,2017,,10045.443,,,,,,,,,,,,0,Units,1,One
DATAFLOW,OECD.ELS.HD:DSD_SHA@DF_SHA(1.1),Health expenditure and financing,I,USA,United States,A,Annual,EXP_HEALTH,Expenditure,USD_PPP_PS,"US dollars per person, PPP converted",HF1,Government/compulsory schemes,_Z,Not application,_T,Total,_T,Total,_T,Total,_Z,Not applicable,_Z,Not applicable,V,Current prices,2017,,8296.118,,,,,,,,,,,,0,Units,1,One
DATAFLOW,OECD.ELS.HD:DSD_SHA@DF_SHA(1.1),Health expenditure and financing,I,USA,United States,A,Annual,EXP_HEALTH,Expenditure,USD_PPP_PS,"US dollars per person, PPP converted",HF21,Voluntary health insurance schemes,_Z,Not application,_T,Total,_T,Total,_T,Total,_Z,Not applicable,_Z,Not applicable,V,Current prices,2017,,104.994,,,,,,,,,,,,0,Units,1,One
DATAFLOW,OECD.ELS.HD:DSD_SHA@DF_SHA(1.1),Health expenditure and financing,I,USA,United States,A,Annual,EXP_HEALTH,Expenditure,USD_PPP_PS,"US dollars per person, PPP converted",HF122,Compulsory private insurance schemes,_Z,Not application,_T,Total,_T,Total,_T,Total,_Z,Not applicable,_Z,Not applicable,V,Current prices,2017,,3310.978,,,,,,,,,,,,0,Units,1,One
DATAFLOW,OECD.ELS.HD:DSD_SHA@DF_SHA(1.1),Health expenditure and financing,I,USA,United States,A,Annual,EXP_HEALTH,Expenditure,USD_PPP_PS,"US dollars per person, PPP converted",HF2HF3,Voluntary schemes/household out-of-pocket payments,_Z,Not application,_T,Total,_T,Total,_T,Total,_Z,Not applicable,_Z,Not applicable,V,Current prices,2017,,1749.325,,,,,,,,,,,,0,Units,1,One
DATAFLOW,OECD.ELS.HD:DSD_SHA@DF_SHA(1.1),Health expenditure and financing,I,USA,United States,A,Annual,EXP_HEALTH,Expenditure,USD_PPP_PS,"US dollars per person, PPP converted",HF2,Voluntary healthcare payment schemes,_Z,Not application,_T,Total,_T,Total,_T,Total,_Z,Not applicable,_Z,Not applicable,V,Current prices,2017,,569.525,,,,,,,,,,,,0,Units,1,One
DATAFLOW,OECD.ELS.HD:DSD_SHA@DF_SHA(1.1),Health expenditure and financing,I,USA,United States,A,Annual,EXP_HEALTH,Expenditure,USD_PPP_PS,"US dollars per person, PPP converted",HF121,Social health insurance schemes,_Z,Not application,_T,Total,_T,Total,_T,Total,_Z,Not applicable,_Z,Not applicable,V,Current prices,2017,,2310.105,,,,,,,,,,,,0,Units,1,One
DATAFLOW,OECD.ELS.HD:DSD_SHA@DF_SHA(1.1),Health expenditure and financing,I,USA,United States,A,Annual,EXP_HEALTH,Expenditure,USD_PPP_PS,"US dollars per person, PPP converted",HF121,Social health insurance schemes,_Z,Not application,_T,Total,_T,Total,_T,Total,_Z,Not applicable,_Z,Not applicable,V,Current prices,2018,,2440.126,,,,,,,,,,,,0,Units,1,One
DATAFLOW,OECD.ELS.HD:DSD_SHA@DF_SHA(1.1),Health expenditure and financing,I,USA,United States,A,Annual,EXP_HEALTH,Expenditure,USD_PPP_PS,"US dollars per person, PPP converted",HF2,Voluntary healthcare payment schemes,_Z,Not application,_T,Total,_T,Total,_T,Total,_Z,Not applicable,_Z,Not applicable,V,Current prices,2018,,592.766,,,,,,,,,,,,0,Units,1,One
DATAFLOW,OECD.ELS.HD:DSD_SHA@DF_SHA(1.1),Health expenditure and financing,I,USA,United States,A,Annual,EXP_HEALTH,Expenditure,USD_PPP_PS,"US dollars per person, PPP converted",HF2HF3,Voluntary schemes/household out-of-pocket payments,_Z,Not application,_T,Total,_T,Total,_T,Total,_Z,Not applicable,_Z,Not applicable,V,Current prices,2018,,1819.544,,,,,,,,,,,,0,Units,1,One
DATAFLOW,OECD.ELS.HD:DSD_SHA@DF_SHA(1.1),Health expenditure and financing,I,USA,United States,A,Annual,EXP_HEALTH,Expenditure,USD_PPP_PS,"US dollars per person, PPP converted",HF122,Compulsory private insurance schemes,_Z,Not application,_T,Total,_T,Total,_T,Total,_Z,Not applicable,_Z,Not applicable,V,Current prices,2018,,3478.597,,,,,,,,,,,,0,Units,1,One
DATAFLOW,OECD.ELS.HD:DSD_SHA@DF_SHA(1.1),Health expenditure and financing,I,USA,United States,A,Annual,EXP_HEALTH,Expenditure,USD_PPP_PS,"US dollars per person, PPP converted",HF21,Voluntary health insurance schemes,_Z,Not application,_T,Total,_T,Total,_T,Total,_Z,Not applicable,_Z,Not applicable,V,Current prices,2018,,118.15,,,,,,,,,,,,0,Units,1,One
DATAFLOW,OECD.ELS.HD:DSD_SHA@DF_SHA(1.1),Health expenditure and financing,I,USA,United States,A,Annual,EXP_HEALTH,Expenditure,USD_PPP_PS,"US dollars per person, PPP converted",HF1,Government/compulsory schemes,_Z,Not application,_T,Total,_T,Total,_T,Total,_Z,Not applicable,_Z,Not applicable,V,Current prices,2018,,8666.524,,,,,,,,,,,,0,Units,1,One
DATAFLOW,OECD.ELS.HD:DSD_SHA@DF_SHA(1.1),Health expenditure and financing,I,USA,United States,A,Annual,EXP_HEALTH,Expenditure,USD_PPP_PS,"US dollars per person, PPP converted",_T,Total,_Z,Not application,_T,Total,_T,Total,_T,Total,_Z,Not applicable,_Z,Not applicable,V,Current prices,2018,,10486.068,,,,,,,,,,,,0,Units,1,One
DATAFLOW,OECD.ELS.HD:DSD_SHA@DF_SHA(1.1),Health expenditure and financing,I,USA,United States,A,Annual,EXP_HEALTH,Expenditure,USD_PPP_PS,"US dollars per person, PPP converted",HF12HF13,Compulsory contributory health insurance schemes,_Z,Not application,_T,Total,_T,Total,_T,Total,_Z,Not applicable,_Z,Not applicable,V,Current prices,2018,,5918.724,,,,,,,,,,,,0,Units,1,One
DATAFLOW,OECD.ELS.HD:DSD_SHA@DF_SHA(1.1),Health expenditure and financing,I,USA,United States,A,Annual,EXP_HEALTH,Expenditure,USD_PPP_PS,"US dollars per person, PPP converted",HF3,Household out-of-pocket payments,_Z,Not application,_T,Total,_T,Total,_T,Total,_Z,Not applicable,_Z,Not applicable,V,Current prices,2018,,1226.778,,,,,,,,,,,,0,Units,1,One
DATAFLOW,OECD.ELS.HD:DSD_SHA@DF_SHA(1.1),Health expenditure and financing,I,USA,United States,A,Annual,EXP_HEALTH,Expenditure,USD_PPP_PS,"US dollars per person, PPP converted",HF11,Government schemes,_Z,Not application,_T,Total,_T,Total,_T,Total,_Z,Not applicable,_Z,Not applicable,V,Current prices,2018,,2747.8,,,,,,,,,,,,0,Units,1,One
DATAFLOW,OECD.ELS.HD:DSD_SHA@DF_SHA(1.1),Health expenditure and financing,I,USA,United States,A,Annual,EXP_HEALTH,Expenditure,USD_PPP_PS,"US dollars per person, PPP converted",HF11,Government schemes,_Z,Not application,_T,Total,_T,Total,_T,Total,_Z,Not applicable,_Z,Not applicable,V,Current prices,2019,,2853.012,,,,,,,,,,,,0,Units,1,One
DATAFLOW,OECD.ELS.HD:DSD_SHA@DF_SHA(1.1),Health expenditure and financing,I,USA,United States,A,Annual,EXP_HEALTH,Expenditure,USD_PPP_PS,"US dollars per person, PPP converted",HF3,Household out-of-pocket payments,_Z,Not application,_T,Total,_T,Total,_T,Total,_Z,Not applicable,_Z,Not applicable,V,Current prices,2019,,1273.104,,,,,,,,,,,,0,Units,1,One
DATAFLOW,OECD.ELS.HD:DSD_SHA@DF_SHA(1.1),Health expenditure and financing,I,USA,United States,A,Annual,EXP_HEALTH,Expenditure,USD_PPP_PS,"US dollars per person, PPP converted",HF12HF13,Compulsory contributory health insurance schemes,_Z,Not application,_T,Total,_T,Total,_T,Total,_Z,Not applicable,_Z,Not applicable,V,Current prices,2019,,6158.649,,,,,,,,,,,,0,Units,1,One
DATAFLOW,OECD.ELS.HD:DSD_SHA@DF_SHA(1.1),Health expenditure and financing,I,USA,United States,A,Annual,EXP_HEALTH,Expenditure,USD_PPP_PS,"US dollars per person, PPP converted",_T,Total,_Z,Not application,_T,Total,_T,Total,_T,Total,_Z,Not applicable,_Z,Not applicable,V,Current prices,2019,,10922.221,,,,,,,,,,,,0,Units,1,One
DATAFLOW,OECD.ELS.HD:DSD_SHA@DF_SHA(1.1),Health expenditure and financing,I,USA,United States,A,Annual,EXP_HEALTH,Expenditure,USD_PPP_PS,"US dollars per person, PPP converted",HF1,Government/compulsory schemes,_Z,Not application,_T,Total,_T,Total,_T,Total,_Z,Not applicable,_Z,Not applicable,V,Current prices,2019,,9011.661,,,,,,,,,,,,0,Units,1,One
DATAFLOW,OECD.ELS.HD:DSD_SHA@DF_SHA(1.1),Health expenditure and financing,I,USA,United States,A,Annual,EXP_HEALTH,Expenditure,USD_PPP_PS,"US dollars per person, PPP converted",HF21,Voluntary health insurance schemes,_Z,Not application,_T,Total,_T,Total,_T,Total,_Z,Not applicable,_Z,Not applicable,V,Current prices,2019,,128.216,,,,,,,,,,,,0,Units,1,One
DATAFLOW,OECD.ELS.HD:DSD_SHA@DF_SHA(1.1),Health expenditure and financing,I,USA,United States,A,Annual,EXP_HEALTH,Expenditure,USD_PPP_PS,"US dollars per person, PPP converted",HF122,Compulsory private insurance schemes,_Z,Not application,_T,Total,_T,Total,_T,Total,_Z,Not applicable,_Z,Not applicable,V,Current prices,2019,,3571.288,,,,,,,,,,,,0,Units,1,One
DATAFLOW,OECD.ELS.HD:DSD_SHA@DF_SHA(1.1),Health expenditure and financing,I,USA,United States,A,Annual,EXP_HEALTH,Expenditure,USD_PPP_PS,"US dollars per person, PPP converted",HF2HF3,Voluntary schemes/household out-of-pocket payments,_Z,Not application,_T,Total,_T,Total,_T,Total,_Z,Not applicable,_Z,Not applicable,V,Current prices,2019,,1910.559,,,,,,,,,,,,0,Units,1,One
DATAFLOW,OECD.ELS.HD:DSD_SHA@DF_SHA(1.1),Health expenditure and financing,I,USA,United States,A,Annual,EXP_HEALTH,Expenditure,USD_PPP_PS,"US dollars per person, PPP converted",HF2,Voluntary healthcare payment schemes,_Z,Not application,_T,Total,_T,Total,_T,Total,_Z,Not applicable,_Z,Not applicable,V,Current prices,2019,,637.455,,,,,,,,,,,,0,Units,1,One
DATAFLOW,OECD.ELS.HD:DSD_SHA@DF_SHA(1.1),Health expenditure and financing,I,USA,United States,A,Annual,EXP_HEALTH,Expenditure,USD_PPP_PS,"US dollars per person, PPP converted",HF121,Social health insurance schemes,_Z,Not application,_T,Total,_T,Total,_T,Total,_Z,Not applicable,_Z,Not applicable,V,Current prices,2019,,2587.361,,,,,,,,,,,,0,Units,1,One
DATAFLOW,OECD.ELS.HD:DSD_SHA@DF_SHA(1.1),Health expenditure and financing,I,USA,United States,A,Annual,EXP_HEALTH,Expenditure,USD_PPP_PS,"US dollars per person, PPP converted",HF121,Social health insurance schemes,_Z,Not application,_T,Total,_T,Total,_T,Total,_Z,Not applicable,_Z,Not applicable,V,Current prices,2020,,2644.257,,,,,,,,,,,,0,Units,1,One
DATAFLOW,OECD.ELS.HD:DSD_SHA@DF_SHA(1.1),Health expenditure and financing,I,USA,United States,A,Annual,EXP_HEALTH,Expenditure,USD_PPP_PS,"US dollars per person, PPP converted",HF2,Voluntary healthcare payment schemes,_Z,Not application,_T,Total,_T,Total,_T,Total,_Z,Not applicable,_Z,Not applicable,V,Current prices,2020,,649.548,,,,,,,,,,,,0,Units,1,One
DATAFLOW,OECD.ELS.HD:DSD_SHA@DF_SHA(1.1),Health expenditure and financing,I,USA,United States,A,Annual,EXP_HEALTH,Expenditure,USD_PPP_PS,"US dollars per person, PPP converted",HF2HF3,Voluntary schemes/household out-of-pocket payments,_Z,Not application,_T,Total,_T,Total,_T,Total,_Z,Not applicable,_Z,Not applicable,V,Current prices,2020,,1892.925,,,,,,,,,,,,0,Units,1,One
DATAFLOW,OECD.ELS.HD:DSD_SHA@DF_SHA(1.1),Health expenditure and financing,I,USA,United States,A,Annual,EXP_HEALTH,Expenditure,USD_PPP_PS,"US dollars per person, PPP converted",HF122,Compulsory private insurance schemes,_Z,Not application,_T,Total,_T,Total,_T,Total,_Z,Not applicable,_Z,Not applicable,V,Current prices,2020,,3571.627,,,,,,,,,,,,0,Units,1,One
DATAFLOW,OECD.ELS.HD:DSD_SHA@DF_SHA(1.1),Health expenditure and financing,I,USA,United States,A,Annual,EXP_HEALTH,Expenditure,USD_PPP_PS,"US dollars per person, PPP converted",HF21,Voluntary health insurance schemes,_Z,Not application,_T,Total,_T,Total,_T,Total,_Z,Not applicable,_Z,Not applicable,V,Current prices,2020,,131.218,,,,,,,,,,,,0,Units,1,One
DATAFLOW,OECD.ELS.HD:DSD_SHA@DF_SHA(1.1),Health expenditure and financing,I,USA,United States,A,Annual,EXP_HEALTH,Expenditure,USD_PPP_PS,"US dollars per person, PPP converted",HF1,Government/compulsory schemes,_Z,Not application,_T,Total,_T,Total,_T,Total,_Z,Not applicable,_Z,Not applicable,V,Current prices,2020,,10183.869,,,,,,,,,,,,0,Units,1,One
DATAFLOW,OECD.ELS.HD:DSD_SHA@DF_SHA(1.1),Health expenditure and financing,I,USA,United States,A,Annual,EXP_HEALTH,Expenditure,USD_PPP_PS,"US dollars per person, PPP converted",_T,Total,_Z,Not application,_T,Total,_T,Total,_T,Total,_Z,Not applicable,_Z,Not applicable,V,Current prices,2020,,12076.794,,,,,,,,,,,,0,Units,1,One
DATAFLOW,OECD.ELS.HD:DSD_SHA@DF_SHA(1.1),Health expenditure and financing,I,USA,United States,A,Annual,EXP_HEALTH,Expenditure,USD_PPP_PS,"US dollars per person, PPP converted",HF12HF13,Compulsory contributory health insurance schemes,_Z,Not application,_T,Total,_T,Total,_T,Total,_Z,Not applicable,_Z,Not applicable,V,Current prices,2020,,6215.884,,,,,,,,,,,,0,Units,1,One
DATAFLOW,OECD.ELS.HD:DSD_SHA@DF_SHA(1.1),Health expenditure and financing,I,USA,United States,A,Annual,EXP_HEALTH,Expenditure,USD_PPP_PS,"US dollars per person, PPP converted",HF3,Household out-of-pocket payments,_Z,Not application,_T,Total,_T,Total,_T,Total,_Z,Not applicable,_Z,Not applicable,V,Current prices,2020,,1243.376,,,,,,,,,,,,0,Units,1,One
DATAFLOW,OECD.ELS.HD:DSD_SHA@DF_SHA(1.1),Health expenditure and financing,I,USA,United States,A,Annual,EXP_HEALTH,Expenditure,USD_PPP_PS,"US dollars per person, PPP converted",HF11,Government schemes,_Z,Not application,_T,Total,_T,Total,_T,Total,_Z,Not applicable,_Z,Not applicable,V,Current prices,2020,,3967.985,,,,,,,,,,,,0,Units,1,One
DATAFLOW,OECD.ELS.HD:DSD_SHA@DF_SHA(1.1),Health expenditure and financing,I,USA,United States,A,Annual,EXP_HEALTH,Expenditure,USD_PPP_PS,"US dollars per person, PPP converted",HF11,Government schemes,_Z,Not application,_T,Total,_T,Total,_T,Total,_Z,Not applicable,_Z,Not applicable,V,Current prices,2021,,3825.262,,,,,,,,,,,,0,Units,1,One
DATAFLOW,OECD.ELS.HD:DSD_SHA@DF_SHA(1.1),Health expenditure and financing,I,USA,United States,A,Annual,EXP_HEALTH,Expenditure,USD_PPP_PS,"US dollars per person, PPP converted",HF3,Household out-of-pocket payments,_Z,Not application,_T,Total,_T,Total,_T,Total,_Z,Not applicable,_Z,Not applicable,V,Current prices,2021,,1376.572,,,,,,,,,,,,0,Units,1,One
DATAFLOW,OECD.ELS.HD:DSD_SHA@DF_SHA(1.1),Health expenditure and financing,I,USA,United States,A,Annual,EXP_HEALTH,Expenditure,USD_PPP_PS,"US dollars per person, PPP converted",HF12HF13,Compulsory contributory health insurance schemes,_Z,Not application,_T,Total,_T,Total,_T,Total,_Z,Not applicable,_Z,Not applicable,V,Current prices,2021,,6632.943,,,,,,,,,,,,0,Units,1,One
DATAFLOW,OECD.ELS.HD:DSD_SHA@DF_SHA(1.1),Health expenditure and financing,I,USA,United States,A,Annual,EXP_HEALTH,Expenditure,USD_PPP_PS,"US dollars per person, PPP converted",_T,Total,_Z,Not application,_T,Total,_T,Total,_T,Total,_Z,Not applicable,_Z,Not applicable,V,Current prices,2021,,12523.743,,,,,,,,,,,,0,Units,1,One
DATAFLOW,OECD.ELS.HD:DSD_SHA@DF_SHA(1.1),Health expenditure and financing,I,USA,United States,A,Annual,EXP_HEALTH,Expenditure,USD_PPP_PS,"US dollars per person, PPP converted",HF1,Government/compulsory schemes,_Z,Not application,_T,Total,_T,Total,_T,Total,_Z,Not applicable,_Z,Not applicable,V,Current prices,2021,,10458.205,,,,,,,,,,,,0,Units,1,One
DATAFLOW,OECD.ELS.HD:DSD_SHA@DF_SHA(1.1),Health expenditure and financing,I,USA,United States,A,Annual,EXP_HEALTH,Expenditure,USD_PPP_PS,"US dollars per person, PPP converted",HF21,Voluntary health insurance schemes,_Z,Not application,_T,Total,_T,Total,_T,Total,_Z,Not applicable,_Z,Not applicable,V,Current prices,2021,,139.042,,,,,,,,,,,,0,Units,1,One
DATAFLOW,OECD.ELS.HD:DSD_SHA@DF_SHA(1.1),Health expenditure and financing,I,USA,United States,A,Annual,EXP_HEALTH,Expenditure,USD_PPP_PS,"US dollars per person, PPP converted",HF122,Compulsory private insurance schemes,_Z,Not application,_T,Total,_T,Total,_T,Total,_Z,Not applicable,_Z,Not applicable,V,Current prices,2021,,3803.408,,,,,,,,,,,,0,Units,1,One
DATAFLOW,OECD.ELS.HD:DSD_SHA@DF_SHA(1.1),Health expenditure and financing,I,USA,United States,A,Annual,EXP_HEALTH,Expenditure,USD_PPP_PS,"US dollars per person, PPP converted",HF2HF3,Voluntary schemes/household out-of-pocket payments,_Z,Not application,_T,Total,_T,Total,_T,Total,_Z,Not applicable,_Z,Not applicable,V,Current prices,2021,,2065.538,,,,,,,,,,,,0,Units,1,One
DATAFLOW,OECD.ELS.HD:DSD_SHA@DF_SHA(1.1),Health expenditure and financing,I,USA,United States,A,Annual,EXP_HEALTH,Expenditure,USD_PPP_PS,"US dollars per person, PPP converted",HF2,Voluntary healthcare payment schemes,_Z,Not application,_T,Total,_T,Total,_T,Total,_Z,Not applicable,_Z,Not applicable,V,Current prices,2021,,688.967,,,,,,,,,,,,0,Units,1,One
DATAFLOW,OECD.ELS.HD:DSD_SHA@DF_SHA(1.1),Health expenditure and financing,I,USA,United States,A,Annual,EXP_HEALTH,Expenditure,USD_PPP_PS,"US dollars per person, PPP converted",HF121,Social health insurance schemes,_Z,Not application,_T,Total,_T,Total,_T,Total,_Z,Not applicable,_Z,Not applicable,V,Current prices,2021,,2829.535,,,,,,,,,,,,0,Units,1,One
DATAFLOW,OECD.ELS.HD:DSD_SHA@DF_SHA(1.1),Health expenditure and financing,I,USA,United States,A,Annual,EXP_HEALTH,Expenditure,USD_PPP_PS,"US dollars per person, PPP converted",HF121,Social health insurance schemes,_Z,Not application,_T,Total,_T,Total,_T,Total,_Z,Not applicable,_Z,Not applicable,V,Current prices,2022,,2992.437,,,,,,,,,,,,0,Units,1,One
DATAFLOW,OECD.ELS.HD:DSD_SHA@DF_SHA(1.1),Health expenditure and financing,I,USA,United States,A,Annual,EXP_HEALTH,Expenditure,USD_PPP_PS,"US dollars per person, PPP converted",HF2,Voluntary healthcare payment schemes,_Z,Not application,_T,Total,_T,Total,_T,Total,_Z,Not applicable,_Z,Not applicable,V,Current prices,2022,,661.621,,,,,,,,,,,,0,Units,1,One
DATAFLOW,OECD.ELS.HD:DSD_SHA@DF_SHA(1.1),Health expenditure and financing,I,USA,United States,A,Annual,EXP_HEALTH,Expenditure,USD_PPP_PS,"US dollars per person, PPP converted",HF2HF3,Voluntary schemes/household out-of-pocket payments,_Z,Not application,_T,Total,_T,Total,_T,Total,_Z,Not applicable,_Z,Not applicable,V,Current prices,2022,,2134.463,,,,,,,,,,,,0,Units,1,One
DATAFLOW,OECD.ELS.HD:DSD_SHA@DF_SHA(1.1),Health expenditure and financing,I,USA,United States,A,Annual,EXP_HEALTH,Expenditure,USD_PPP_PS,"US dollars per person, PPP converted",HF122,Compulsory private insurance schemes,_Z,Not application,_T,Total,_T,Total,_T,Total,_Z,Not applicable,_Z,Not applicable,V,Current prices,2022,,4067.74,,,,,,,,,,,,0,Units,1,One
DATAFLOW,OECD.ELS.HD:DSD_SHA@DF_SHA(1.1),Health expenditure and financing,I,USA,United States,A,Annual,EXP_HEALTH,Expenditure,USD_PPP_PS,"US dollars per person, PPP converted",HF21,Voluntary health insurance schemes,_Z,Not application,_T,Total,_T,Total,_T,Total,_Z,Not applicable,_Z,Not applicable,V,Current prices,2022,,124.001,,,,,,,,,,,,0,Units,1,One
DATAFLOW,OECD.ELS.HD:DSD_SHA@DF_SHA(1.1),Health expenditure and financing,I,USA,United States,A,Annual,EXP_HEALTH,Expenditure,USD_PPP_PS,"US dollars per person, PPP converted",HF1,Government/compulsory schemes,_Z,Not application,_T,Total,_T,Total,_T,Total,_Z,Not applicable,_Z,Not applicable,V,Current prices,2022,,10927.486,,,,,,,,,,,,0,Units,1,One
DATAFLOW,OECD.ELS.HD:DSD_SHA@DF_SHA(1.1),Health expenditure and financing,I,USA,United States,A,Annual,EXP_HEALTH,Expenditure,USD_PPP_PS,"US dollars per person, PPP converted",_T,Total,_Z,Not application,_T,Total,_T,Total,_T,Total,_Z,Not applicable,_Z,Not applicable,V,Current prices,2022,,13061.949,,,,,,,,,,,,0,Units,1,One
DATAFLOW,OECD.ELS.HD:DSD_SHA@DF_SHA(1.1),Health expenditure and financing,I,USA,United States,A,Annual,EXP_HEALTH,Expenditure,USD_PPP_PS,"US dollars per person, PPP converted",HF12HF13,Compulsory contributory health insurance schemes,_Z,Not application,_T,Total,_T,Total,_T,Total,_Z,Not applicable,_Z,Not applicable,V,Current prices,2022,,7060.177,,,,,,,,,,,,0,Units,1,One
DATAFLOW,OECD.ELS.HD:DSD_SHA@DF_SHA(1.1),Health expenditure and financing,I,USA,United States,A,Annual,EXP_HEALTH,Expenditure,USD_PPP_PS,"US dollars per person, PPP converted",HF3,Household out-of-pocket payments,_Z,Not application,_T,Total,_T,Total,_T,Total,_Z,Not applicable,_Z,Not applicable,V,Current prices,2022,,1472.842,,,,,,,,,,,,0,Units,1,One
DATAFLOW,OECD.ELS.HD:DSD_SHA@DF_SHA(1.1),Health expenditure and financing,I,USA,United States,A,Annual,EXP_HEALTH,Expenditure,USD_PPP_PS,"US dollars per person, PPP converted",HF11,Government schemes,_Z,Not application,_T,Total,_T,Total,_T,Total,_Z,Not applicable,_Z,Not applicable,V,Current prices,2022,,3867.309,,,,,,,,,,,,0,Units,1,One
DATAFLOW,OECD.ELS.HD:DSD_SHA@DF_SHA(1.1),Health expenditure and financing,I,USA,United States,A,Annual,EXP_HEALTH,Expenditure,USD_PPP_PS,"US dollars per person, PPP converted",HF11,Government schemes,_Z,Not application,_T,Total,_T,Total,_T,Total,_Z,Not applicable,_Z,Not applicable,V,Current prices,2023,,3895.881,,,,,,,,,,,,0,Units,1,One
DATAFLOW,OECD.ELS.HD:DSD_SHA@DF_SHA(1.1),Health expenditure and financing,I,USA,United States,A,Annual,EXP_HEALTH,Expenditure,USD_PPP_PS,"US dollars per person, PPP converted",HF3,Household out-of-pocket payments,_Z,Not application,_T,Total,_T,Total,_T,Total,_Z,Not applicable,_Z,Not applicable,V,Current prices,2023,,1560.255,,,,,,,,,,,,0,Units,1,One
DATAFLOW,OECD.ELS.HD:DSD_SHA@DF_SHA(1.1),Health expenditure and financing,I,USA,United States,A,Annual,EXP_HEALTH,Expenditure,USD_PPP_PS,"US dollars per person, PPP converted",HF12HF13,Compulsory contributory health insurance schemes,_Z,Not application,_T,Total,_T,Total,_T,Total,_Z,Not applicable,_Z,Not applicable,V,Current prices,2023,,7710.732,,,,,,,,,,,,0,Units,1,One
DATAFLOW,OECD.ELS.HD:DSD_SHA@DF_SHA(1.1),Health expenditure and financing,I,USA,United States,A,Annual,EXP_HEALTH,Expenditure,USD_PPP_PS,"US dollars per person, PPP converted",_T,Total,_Z,Not application,_T,Total,_T,Total,_T,Total,_Z,Not applicable,_Z,Not applicable,V,Current prices,2023,,13932.605,,,,,,,,,,,,0,Units,1,One
DATAFLOW,OECD.ELS.HD:DSD_SHA@DF_SHA(1.1),Health expenditure and financing,I,USA,United States,A,Annual,EXP_HEALTH,Expenditure,USD_PPP_PS,"US dollars per person, PPP converted",HF1,Government/compulsory schemes,_Z,Not application,_T,Total,_T,Total,_T,Total,_Z,Not applicable,_Z,Not applicable,V,Current prices,2023,,11606.613,,,,,,,,,,,,0,Units,1,One
DATAFLOW,OECD.ELS.HD:DSD_SHA@DF_SHA(1.1),Health expenditure and financing,I,USA,United States,A,Annual,EXP_HEALTH,Expenditure,USD_PPP_PS,"US dollars per person, PPP converted",HF21,Voluntary health insurance schemes,_Z,Not application,_T,Total,_T,Total,_T,Total,_Z,Not applicable,_Z,Not applicable,V,Current prices,2023,,139.873,,,,,,,,,,,,0,Units,1,One
DATAFLOW,OECD.ELS.HD:DSD_SHA@DF_SHA(1.1),Health expenditure and financing,I,USA,United States,A,Annual,EXP_HEALTH,Expenditure,USD_PPP_PS,"US dollars per person, PPP converted",HF122,Compulsory private insurance schemes,_Z,Not application,_T,Total,_T,Total,_T,Total,_Z,Not applicable,_Z,Not applicable,V,Current prices,2023,,4487.457,,,,,,,,,,,,0,Units,1,One
DATAFLOW,OECD.ELS.HD:DSD_SHA@DF_SHA(1.1),Health expenditure and financing,I,USA,United States,A,Annual,EXP_HEALTH,Expenditure,USD_PPP_PS,"US dollars per person, PPP converted",HF2HF3,Voluntary schemes/household out-of-pocket payments,_Z,Not application,_T,Total,_T,Total,_T,Total,_Z,Not applicable,_Z,Not applicable,V,Current prices,2023,,2325.992,,,,,,,,,,,,0,Units,1,One
DATAFLOW,OECD.ELS.HD:DSD_SHA@DF_SHA(1.1),Health expenditure and financing,I,USA,United States,A,Annual,EXP_HEALTH,Expenditure,USD_PPP_PS,"US dollars per person, PPP converted",HF2,Voluntary healthcare payment schemes,_Z,Not application,_T,Total,_T,Total,_T,Total,_Z,Not applicable,_Z,Not applicable,V,Current prices,2023,,765.738,,,,,,,,,,,,0,Units,1,One
DATAFLOW,OECD.ELS.HD:DSD_SHA@DF_SHA(1.1),Health expenditure and financing,I,USA,United States,A,Annual,EXP_HEALTH,Expenditure,USD_PPP_PS,"US dollars per person, PPP converted",HF121,Social health insurance schemes,_Z,Not application,_T,Total,_T,Total,_T,Total,_Z,Not applicable,_Z,Not applicable,V,Current prices,2023,,3223.274,,,,,,,,,,,,0,Units,1,One
DATAFLOW,OECD.ELS.HD:DSD_SHA@DF_SHA(1.1),Health expenditure and financing,I,USA,United States,A,Annual,EXP_HEALTH,Expenditure,USD_PPP_PS,"US dollars per person, PPP converted",HF121,Social health insurance schemes,_Z,Not application,_T,Total,_T,Total,_T,Total,_Z,Not applicable,_Z,Not applicable,V,Current prices,2024,,3429.887,,,,,,,,,,,,0,Units,1,One
DATAFLOW,OECD.ELS.HD:DSD_SHA@DF_SHA(1.1),Health expenditure and financing,I,USA,United States,A,Annual,EXP_HEALTH,Expenditure,USD_PPP_PS,"US dollars per person, PPP converted",HF2,Voluntary healthcare payment schemes,_Z,Not application,_T,Total,_T,Total,_T,Total,_Z,Not applicable,_Z,Not applicable,V,Current prices,2024,,861.978,,,,,,,,,,,,0,Units,1,One
DATAFLOW,OECD.ELS.HD:DSD_SHA@DF_SHA(1.1),Health expenditure and financing,I,USA,United States,A,Annual,EXP_HEALTH,Expenditure,USD_PPP_PS,"US dollars per person, PPP converted",HF2HF3,Voluntary schemes/household out-of-pocket payments,_Z,Not application,_T,Total,_T,Total,_T,Total,_Z,Not applicable,_Z,Not applicable,V,Current prices,2024,,2498.883,,,,,,,,,,,,0,Units,1,One
DATAFLOW,OECD.ELS.HD:DSD_SHA@DF_SHA(1.1),Health expenditure and financing,I,USA,United States,A,Annual,EXP_HEALTH,Expenditure,USD_PPP_PS,"US dollars per person, PPP converted",HF122,Compulsory private insurance schemes,_Z,Not application,_T,Total,_T,Total,_T,Total,_Z,Not applicable,_Z,Not applicable,V,Current prices,2024,,4836.983,,,,,,,,,,,,0,Units,1,One
DATAFLOW,OECD.ELS.HD:DSD_SHA@DF_SHA(1.1),Health expenditure and financing,I,USA,United States,A,Annual,EXP_HEALTH,Expenditure,USD_PPP_PS,"US dollars per person, PPP converted",HF21,Voluntary health insurance schemes,_Z,Not application,_T,Total,_T,Total,_T,Total,_Z,Not applicable,_Z,Not applicable,V,Current prices,2024,,162.673,,,,,,,,,,,,0,Units,1,One
DATAFLOW,OECD.ELS.HD:DSD_SHA@DF_SHA(1.1),Health expenditure and financing,I,USA,United States,A,Annual,EXP_HEALTH,Expenditure,USD_PPP_PS,"US dollars per person, PPP converted",HF1,Government/compulsory schemes,_Z,Not application,_T,Total,_T,Total,_T,Total,_Z,Not applicable,_Z,Not applicable,V,Current prices,2024,,12324.256,,,,,,,,,,,,0,Units,1,One
DATAFLOW,OECD.ELS.HD:DSD_SHA@DF_SHA(1.1),Health expenditure and financing,I,USA,United States,A,Annual,EXP_HEALTH,Expenditure,USD_PPP_PS,"US dollars per person, PPP converted",_T,Total,_Z,Not application,_T,Total,_T,Total,_T,Total,_Z,Not applicable,_Z,Not applicable,V,Current prices,2024,,14823.139,,,,,,,,,,,,0,Units,1,One
DATAFLOW,OECD.ELS.HD:DSD_SHA@DF_SHA(1.1),Health expenditure and financing,I,USA,United States,A,Annual,EXP_HEALTH,Expenditure,USD_PPP_PS,"US dollars per person, PPP converted",HF12HF13,Compulsory contributory health insurance schemes,_Z,Not application,_T,Total,_T,Total,_T,Total,_Z,Not applicable,_Z,Not applicable,V,Current prices,2024,,8266.869,,,,,,,,,,,,0,Units,1,One
DATAFLOW,OECD.ELS.HD:DSD_SHA@DF_SHA(1.1),Health expenditure and financing,I,USA,United States,A,Annual,EXP_HEALTH,Expenditure,USD_PPP_PS,"US dollars per person, PPP converted",HF3,Household out-of-pocket payments,_Z,Not application,_T,Total,_T,Total,_T,Total,_Z,Not applicable,_Z,Not applicable,V,Current prices,2024,,1636.905,,,,,,,,,,,,0,Units,1,One
DATAFLOW,OECD.ELS.HD:DSD_SHA@DF_SHA(1.1),Health expenditure and financing,I,USA,United States,A,Annual,EXP_HEALTH,Expenditure,USD_PPP_PS,"US dollars per person, PPP converted",HF11,Government schemes,_Z,Not application,_T,Total,_T,Total,_T,Total,_Z,Not applicable,_Z,Not applicable,V,Current prices,2024,,4057.386,,,,,,,,,,,,0,Units,1,One
DATAFLOW,OECD.ELS.HD:DSD_SHA@DF_SHA(1.1),Health expenditure and financing,I,JPN,Japan,A,Annual,EXP_HEALTH,Expenditure,USD_PPP_PS,"US dollars per person, PPP converted",HF23,Enterprise financing schemes,_Z,Not application,_T,Total,_T,Total,_T,Total,_Z,Not applicable,_Z,Not applicable,V,Current prices,2015,,35.439,,,,,,,,,,,,0,Units,1,One
DATAFLOW,OECD.ELS.HD:DSD_SHA@DF_SHA(1.1),Health expenditure and financing,I,JPN,Japan,A,Annual,EXP_HEALTH,Expenditure,USD_PPP_PS,"US dollars per person, PPP converted",HF23,Enterprise financing schemes,_Z,Not application,_T,Total,_T,Total,_T,Total,_Z,Not applicable,_Z,Not applicable,V,Current prices,2016,,36.892,,,,,,,,,,,,0,Units,1,One
DATAFLOW,OECD.ELS.HD:DSD_SHA@DF_SHA(1.1),Health expenditure and financing,I,JPN,Japan,A,Annual,EXP_HEALTH,Expenditure,USD_PPP_PS,"US dollars per person, PPP converted",HF23,Enterprise financing schemes,_Z,Not application,_T,Total,_T,Total,_T,Total,_Z,Not applicable,_Z,Not applicable,V,Current prices,2017,,38.033,,,,,,,,,,,,0,Units,1,One
DATAFLOW,OECD.ELS.HD:DSD_SHA@DF_SHA(1.1),Health expenditure and financing,I,JPN,Japan,A,Annual,EXP_HEALTH,Expenditure,USD_PPP_PS,"US dollars per person, PPP converted",HF23,Enterprise financing schemes,_Z,Not application,_T,Total,_T,Total,_T,Total,_Z,Not applicable,_Z,Not applicable,V,Current prices,2018,,42.343,,,,,,,,,,,,0,Units,1,One
DATAFLOW,OECD.ELS.HD:DSD_SHA@DF_SHA(1.1),Health expenditure and financing,I,JPN,Japan,A,Annual,EXP_HEALTH,Expenditure,USD_PPP_PS,"US dollars per person, PPP converted",HF23,Enterprise financing schemes,_Z,Not application,_T,Total,_T,Total,_T,Total,_Z,Not applicable,_Z,Not applicable,V,Current prices,2019,,41.648,,,,,,,,,,,,0,Units,1,One
DATAFLOW,OECD.ELS.HD:DSD_SHA@DF_SHA(1.1),Health expenditure and financing,I,JPN,Japan,A,Annual,EXP_HEALTH,Expenditure,USD_PPP_PS,"US dollars per person, PPP converted",HF23,Enterprise financing schemes,_Z,Not application,_T,Total,_T,Total,_T,Total,_Z,Not applicable,_Z,Not applicable,V,Current prices,2020,,42.975,,,,,,,,,,,,0,Units,1,One
DATAFLOW,OECD.ELS.HD:DSD_SHA@DF_SHA(1.1),Health expenditure and financing,I,JPN,Japan,A,Annual,EXP_HEALTH,Expenditure,USD_PPP_PS,"US dollars per person, PPP converted",HF23,Enterprise financing schemes,_Z,Not application,_T,Total,_T,Total,_T,Total,_Z,Not applicable,_Z,Not applicable,V,Current prices,2021,,44.473,,,,,,,,,,,,0,Units,1,One
DATAFLOW,OECD.ELS.HD:DSD_SHA@DF_SHA(1.1),Health expenditure and financing,I,JPN,Japan,A,Annual,EXP_HEALTH,Expenditure,USD_PPP_PS,"US dollars per person, PPP converted",HF23,Enterprise financing schemes,_Z,Not application,_T,Total,_T,Total,_T,Total,_Z,Not applicable,_Z,Not applicable,V,Current prices,2022,,46.948,,,,,,,,,,,,0,Units,1,One
DATAFLOW,OECD.ELS.HD:DSD_SHA@DF_SHA(1.1),Health expenditure and financing,I,JPN,Japan,A,Annual,EXP_HEALTH,Expenditure,USD_PPP_PS,"US dollars per person, PPP converted",HF23,Enterprise financing schemes,_Z,Not application,_T,Total,_T,Total,_T,Total,_Z,Not applicable,_Z,Not applicable,V,Current prices,2023,,49.125,,,,,,,,,,,,0,Units,1,One
DATAFLOW,OECD.ELS.HD:DSD_SHA@DF_SHA(1.1),Health expenditure and financing,I,JPN,Japan,A,Annual,EXP_HEALTH,Expenditure,USD_PPP_PS,"US dollars per person, PPP converted",HF121,Social health insurance schemes,_Z,Not application,_T,Total,_T,Total,_T,Total,_Z,Not applicable,_Z,Not applicable,V,Current prices,2015,,3417.079,,,,,,,,,,,,0,Units,1,One
DATAFLOW,OECD.ELS.HD:DSD_SHA@DF_SHA(1.1),Health expenditure and financing,I,JPN,Japan,A,Annual,EXP_HEALTH,Expenditure,USD_PPP_PS,"US dollars per person, PPP converted",HF121,Social health insurance schemes,_Z,Not application,_T,Total,_T,Total,_T,Total,_Z,Not applicable,_Z,Not applicable,V,Current prices,2017,,3338.242,,,,,,,,,,,,0,Units,1,One
DATAFLOW,OECD.ELS.HD:DSD_SHA@DF_SHA(1.1),Health expenditure and financing,I,JPN,Japan,A,Annual,EXP_HEALTH,Expenditure,USD_PPP_PS,"US dollars per person, PPP converted",HF121,Social health insurance schemes,_Z,Not application,_T,Total,_T,Total,_T,Total,_Z,Not applicable,_Z,Not applicable,V,Current prices,2019,,3534.474,,,,,,,,,,,,0,Units,1,One
DATAFLOW,OECD.ELS.HD:DSD_SHA@DF_SHA(1.1),Health expenditure and financing,I,JPN,Japan,A,Annual,EXP_HEALTH,Expenditure,USD_PPP_PS,"US dollars per person, PPP converted",HF121,Social health insurance schemes,_Z,Not application,_T,Total,_T,Total,_T,Total,_Z,Not applicable,_Z,Not applicable,V,Current prices,2020,,3573.852,,,,,,,,,,,,0,Units,1,One
DATAFLOW,OECD.ELS.HD:DSD_SHA@DF_SHA(1.1),Health expenditure and financing,I,JPN,Japan,A,Annual,EXP_HEALTH,Expenditure,USD_PPP_PS,"US dollars per person, PPP converted",HF121,Social health insurance schemes,_Z,Not application,_T,Total,_T,Total,_T,Total,_Z,Not applicable,_Z,Not applicable,V,Current prices,2021,,3875.427,,,,,,,,,,,,0,Units,1,One
DATAFLOW,OECD.ELS.HD:DSD_SHA@DF_SHA(1.1),Health expenditure and financing,I,JPN,Japan,A,Annual,EXP_HEALTH,Expenditure,USD_PPP_PS,"US dollars per person, PPP converted",HF121,Social health insurance schemes,_Z,Not application,_T,Total,_T,Total,_T,Total,_Z,Not applicable,_Z,Not applicable,V,Current prices,2022,,4219.236,,,,,,,,,,,,0,Units,1,One
DATAFLOW,OECD.ELS.HD:DSD_SHA@DF_SHA(1.1),Health expenditure and financing,I,JPN,Japan,A,Annual,EXP_HEALTH,Expenditure,USD_PPP_PS,"US dollars per person, PPP converted",HF121,Social health insurance schemes,_Z,Not application,_T,Total,_T,Total,_T,Total,_Z,Not applicable,_Z,Not applicable,V,Current prices,2023,,4541.793,,,,,,,,,,,,0,Units,1,One
DATAFLOW,OECD.ELS.HD:DSD_SHA@DF_SHA(1.1),Health expenditure and financing,I,JPN,Japan,A,Annual,EXP_HEALTH,Expenditure,USD_PPP_PS,"US dollars per person, PPP converted",HF31,Out-of-pocket excluding cost-sharing,_Z,Not application,_T,Total,_T,Total,_T,Total,_Z,Not applicable,_Z,Not applicable,V,Current prices,2015,,202.92,,,,,,,,,,,,0,Units,1,One
DATAFLOW,OECD.ELS.HD:DSD_SHA@DF_SHA(1.1),Health expenditure and financing,I,JPN,Japan,A,Annual,EXP_HEALTH,Expenditure,USD_PPP_PS,"US dollars per person, PPP converted",HF31,Out-of-pocket excluding cost-sharing,_Z,Not application,_T,Total,_T,Total,_T,Total,_Z,Not applicable,_Z,Not applicable,V,Current prices,2016,,189.126,,,,,,,,,,,,0,Units,1,One
DATAFLOW,OECD.ELS.HD:DSD_SHA@DF_SHA(1.1),Health expenditure and financing,I,JPN,Japan,A,Annual,EXP_HEALTH,Expenditure,USD_PPP_PS,"US dollars per person, PPP converted",HF31,Out-of-pocket excluding cost-sharing,_Z,Not application,_T,Total,_T,Total,_T,Total,_Z,Not applicable,_Z,Not applicable,V,Current prices,2017,,183.287,,,,,,,,,,,,0,Units,1,One
DATAFLOW,OECD.ELS.HD:DSD_SHA@DF_SHA(1.1),Health expenditure and financing,I,JPN,Japan,A,Annual,EXP_HEALTH,Expenditure,USD_PPP_PS,"US dollars per person, PPP converted",HF31,Out-of-pocket excluding cost-sharing,_Z,Not application,_T,Total,_T,Total,_T,Total,_Z,Not applicable,_Z,Not applicable,V,Current prices,2018,,198.758,,,,,,,,,,,,0,Units,1,One
DATAFLOW,OECD.ELS.HD:DSD_SHA@DF_SHA(1.1),Health expenditure and financing,I,JPN,Japan,A,Annual,EXP_HEALTH,Expenditure,USD_PPP_PS,"US dollars per person, PPP converted",HF31,Out-of-pocket excluding cost-sharing,_Z,Not application,_T,Total,_T,Total,_T,Total,_Z,Not applicable,_Z,Not applicable,V,Current prices,2019,,202.29,,,,,,,,,,,,0,Units,1,One
DATAFLOW,OECD.ELS.HD:DSD_SHA@DF_SHA(1.1),Health expenditure and financing,I,JPN,Japan,A,Annual,EXP_HEALTH,Expenditure,USD_PPP_PS,"US dollars per person, PPP converted",HF31,Out-of-pocket excluding cost-sharing,_Z,Not application,_T,Total,_T,Total,_T,Total,_Z,Not applicable,_Z,Not applicable,V,Current prices,2020,,168.352,,,,,,,,,,,,0,Units,1,One
DATAFLOW,OECD.ELS.HD:DSD_SHA@DF_SHA(1.1),Health expenditure and financing,I,JPN,Japan,A,Annual,EXP_HEALTH,Expenditure,USD_PPP_PS,"US dollars per person, PPP converted",HF31,Out-of-pocket excluding cost-sharing,_Z,Not application,_T,Total,_T,Total,_T,Total,_Z,Not applicable,_Z,Not applicable,V,Current prices,2021,,162.334,,,,,,,,,,,,0,Units,1,One
DATAFLOW,OECD.ELS.HD:DSD_SHA@DF_SHA(1.1),Health expenditure and financing,I,JPN,Japan,A,Annual,EXP_HEALTH,Expenditure,USD_PPP_PS,"US dollars per person, PPP converted",HF31,Out-of-pocket excluding cost-sharing,_Z,Not application,_T,Total,_T,Total,_T,Total,_Z,Not applicable,_Z,Not applicable,V,Current prices,2022,,176.51,,,,,,,,,,,,0,Units,1,One
DATAFLOW,OECD.ELS.HD:DSD_SHA@DF_SHA(1.1),Health expenditure and financing,I,JPN,Japan,A,Annual,EXP_HEALTH,Expenditure,USD_PPP_PS,"US dollars per person, PPP converted",HF31,Out-of-pocket excluding cost-sharing,_Z,Not application,_T,Total,_T,Total,_T,Total,_Z,Not applicable,_Z,Not applicable,V,Current prices,2023,,196.486,,,,,,,,,,,,0,Units,1,One
DATAFLOW,OECD.ELS.HD:DSD_SHA@DF_SHA(1.1),Health expenditure and financing,I,JPN,Japan,A,Annual,EXP_HEALTH,Expenditure,USD_PPP_PS,"US dollars per person, PPP converted",HF21,Voluntary health insurance schemes,_Z,Not application,_T,Total,_T,Total,_T,Total,_Z,Not applicable,_Z,Not applicable,V,Current prices,2015,,98.643,,,,,,,,,,,,0,Units,1,One
DATAFLOW,OECD.ELS.HD:DSD_SHA@DF_SHA(1.1),Health expenditure and financing,I,JPN,Japan,A,Annual,EXP_HEALTH,Expenditure,USD_PPP_PS,"US dollars per person, PPP converted",HF21,Voluntary health insurance schemes,_Z,Not application,_T,Total,_T,Total,_T,Total,_Z,Not applicable,_Z,Not applicable,V,Current prices,2016,,96.525,,,,,,,,,,,,0,Units,1,One
DATAFLOW,OECD.ELS.HD:DSD_SHA@DF_SHA(1.1),Health expenditure and financing,I,JPN,Japan,A,Annual,EXP_HEALTH,Expenditure,USD_PPP_PS,"US dollars per person, PPP converted",HF21,Voluntary health insurance schemes,_Z,Not application,_T,Total,_T,Total,_T,Total,_Z,Not applicable,_Z,Not applicable,V,Current prices,2017,,99.875,,,,,,,,,,,,0,Units,1,One
DATAFLOW,OECD.ELS.HD:DSD_SHA@DF_SHA(1.1),Health expenditure and financing,I,JPN,Japan,A,Annual,EXP_HEALTH,Expenditure,USD_PPP_PS,"US dollars per person, PPP converted",HF21,Voluntary health insurance schemes,_Z,Not application,_T,Total,_T,Total,_T,Total,_Z,Not applicable,_Z,Not applicable,V,Current prices,2018,,104.61,,,,,,,,,,,,0,Units,1,One
DATAFLOW,OECD.ELS.HD:DSD_SHA@DF_SHA(1.1),Health expenditure and financing,I,JPN,Japan,A,Annual,EXP_HEALTH,Expenditure,USD_PPP_PS,"US dollars per person, PPP converted",HF21,Voluntary health insurance schemes,_Z,Not application,_T,Total,_T,Total,_T,Total,_Z,Not applicable,_Z,Not applicable,V,Current prices,2019,,104.396,,,,,,,,,,,,0,Units,1,One
DATAFLOW,OECD.ELS.HD:DSD_SHA@DF_SHA(1.1),Health expenditure and financing,I,JPN,Japan,A,Annual,EXP_HEALTH,Expenditure,USD_PPP_PS,"US dollars per person, PPP converted",HF21,Voluntary health insurance schemes,_Z,Not application,_T,Total,_T,Total,_T,Total,_Z,Not applicable,_Z,Not applicable,V,Current prices,2020,,106.394,,,,,,,,,,,,0,Units,1,One
DATAFLOW,OECD.ELS.HD:DSD_SHA@DF_SHA(1.1),Health expenditure and financing,I,JPN,Japan,A,Annual,EXP_HEALTH,Expenditure,USD_PPP_PS,"US dollars per person, PPP converted",HF21,Voluntary health insurance schemes,_Z,Not application,_T,Total,_T,Total,_T,Total,_Z,Not applicable,_Z,Not applicable,V,Current prices,2021,,110.51,,,,,,,,,,,,0,Units,1,One
DATAFLOW,OECD.ELS.HD:DSD_SHA@DF_SHA(1.1),Health expenditure and financing,I,JPN,Japan,A,Annual,EXP_HEALTH,Expenditure,USD_PPP_PS,"US dollars per person, PPP converted",HF21,Voluntary health insurance schemes,_Z,Not application,_T,Total,_T,Total,_T,Total,_Z,Not applicable,_Z,Not applicable,V,Current prices,2022,,121.168,,,,,,,,,,,,0,Units,1,One
DATAFLOW,OECD.ELS.HD:DSD_SHA@DF_SHA(1.1),Health expenditure and financing,I,JPN,Japan,A,Annual,EXP_HEALTH,Expenditure,USD_PPP_PS,"US dollars per person, PPP converted",HF21,Voluntary health insurance schemes,_Z,Not application,_T,Total,_T,Total,_T,Total,_Z,Not applicable,_Z,Not applicable,V,Current prices,2023,,119.043,,,,,,,,,,,,0,Units,1,One
DATAFLOW,OECD.ELS.HD:DSD_SHA@DF_SHA(1.1),Health expenditure and financing,I,JPN,Japan,A,Annual,EXP_HEALTH,Expenditure,USD_PPP_PS,"US dollars per person, PPP converted",HF2,Voluntary healthcare payment schemes,_Z,Not application,_T,Total,_T,Total,_T,Total,_Z,Not applicable,_Z,Not applicable,V,Current prices,2015,,134.082,,,,,,,,,,,,0,Units,1,One
DATAFLOW,OECD.ELS.HD:DSD_SHA@DF_SHA(1.1),Health expenditure and financing,I,JPN,Japan,A,Annual,EXP_HEALTH,Expenditure,USD_PPP_PS,"US dollars per person, PPP converted",HF2,Voluntary healthcare payment schemes,_Z,Not application,_T,Total,_T,Total,_T,Total,_Z,Not applicable,_Z,Not applicable,V,Current prices,2016,,133.417,,,,,,,,,,,,0,Units,1,One
DATAFLOW,OECD.ELS.HD:DSD_SHA@DF_SHA(1.1),Health expenditure and financing,I,JPN,Japan,A,Annual,EXP_HEALTH,Expenditure,USD_PPP_PS,"US dollars per person, PPP converted",HF2,Voluntary healthcare payment schemes,_Z,Not application,_T,Total,_T,Total,_T,Total,_Z,Not applicable,_Z,Not applicable,V,Current prices,2017,,137.908,,,,,,,,,,,,0,Units,1,One
DATAFLOW,OECD.ELS.HD:DSD_SHA@DF_SHA(1.1),Health expenditure and financing,I,JPN,Japan,A,Annual,EXP_HEALTH,Expenditure,USD_PPP_PS,"US dollars per person, PPP converted",HF2,Voluntary healthcare payment schemes,_Z,Not application,_T,Total,_T,Total,_T,Total,_Z,Not applicable,_Z,Not applicable,V,Current prices,2018,,146.952,,,,,,,,,,,,0,Units,1,One
DATAFLOW,OECD.ELS.HD:DSD_SHA@DF_SHA(1.1),Health expenditure and financing,I,JPN,Japan,A,Annual,EXP_HEALTH,Expenditure,USD_PPP_PS,"US dollars per person, PPP converted",HF2,Voluntary healthcare payment schemes,_Z,Not application,_T,Total,_T,Total,_T,Total,_Z,Not applicable,_Z,Not applicable,V,Current prices,2019,,146.044,,,,,,,,,,,,0,Units,1,One
DATAFLOW,OECD.ELS.HD:DSD_SHA@DF_SHA(1.1),Health expenditure and financing,I,JPN,Japan,A,Annual,EXP_HEALTH,Expenditure,USD_PPP_PS,"US dollars per person, PPP converted",HF2,Voluntary healthcare payment schemes,_Z,Not application,_T,Total,_T,Total,_T,Total,_Z,Not applicable,_Z,Not applicable,V,Current prices,2020,,149.369,,,,,,,,,,,,0,Units,1,One
DATAFLOW,OECD.ELS.HD:DSD_SHA@DF_SHA(1.1),Health expenditure and financing,I,JPN,Japan,A,Annual,EXP_HEALTH,Expenditure,USD_PPP_PS,"US dollars per person, PPP converted",HF2,Voluntary healthcare payment schemes,_Z,Not application,_T,Total,_T,Total,_T,Total,_Z,Not applicable,_Z,Not applicable,V,Current prices,2021,,154.983,,,,,,,,,,,,0,Units,1,One
DATAFLOW,OECD.ELS.HD:DSD_SHA@DF_SHA(1.1),Health expenditure and financing,I,JPN,Japan,A,Annual,EXP_HEALTH,Expenditure,USD_PPP_PS,"US dollars per person, PPP converted",HF2,Voluntary healthcare payment schemes,_Z,Not application,_T,Total,_T,Total,_T,Total,_Z,Not applicable,_Z,Not applicable,V,Current prices,2022,,168.116,,,,,,,,,,,,0,Units,1,One
DATAFLOW,OECD.ELS.HD:DSD_SHA@DF_SHA(1.1),Health expenditure and financing,I,JPN,Japan,A,Annual,EXP_HEALTH,Expenditure,USD_PPP_PS,"US dollars per person, PPP converted",HF2,Voluntary healthcare payment schemes,_Z,Not application,_T,Total,_T,Total,_T,Total,_Z,Not applicable,_Z,Not applicable,V,Current prices,2023,,168.168,,,,,,,,,,,,0,Units,1,One
DATAFLOW,OECD.ELS.HD:DSD_SHA@DF_SHA(1.1),Health expenditure and financing,I,JPN,Japan,A,Annual,EXP_HEALTH,Expenditure,USD_PPP_PS,"US dollars per person, PPP converted",HF32,Cost-sharing with third-party payers,_Z,Not application,_T,Total,_T,Total,_T,Total,_Z,Not applicable,_Z,Not applicable,V,Current prices,2015,,381.739,,,,,,,,,,,,0,Units,1,One
DATAFLOW,OECD.ELS.HD:DSD_SHA@DF_SHA(1.1),Health expenditure and financing,I,JPN,Japan,A,Annual,EXP_HEALTH,Expenditure,USD_PPP_PS,"US dollars per person, PPP converted",HF32,Cost-sharing with third-party payers,_Z,Not application,_T,Total,_T,Total,_T,Total,_Z,Not applicable,_Z,Not applicable,V,Current prices,2016,,362.606,,,,,,,,,,,,0,Units,1,One
DATAFLOW,OECD.ELS.HD:DSD_SHA@DF_SHA(1.1),Health expenditure and financing,I,JPN,Japan,A,Annual,EXP_HEALTH,Expenditure,USD_PPP_PS,"US dollars per person, PPP converted",HF32,Cost-sharing with third-party payers,_Z,Not application,_T,Total,_T,Total,_T,Total,_Z,Not applicable,_Z,Not applicable,V,Current prices,2017,,374.222,,,,,,,,,,,,0,Units,1,One
DATAFLOW,OECD.ELS.HD:DSD_SHA@DF_SHA(1.1),Health expenditure and financing,I,JPN,Japan,A,Annual,EXP_HEALTH,Expenditure,USD_PPP_PS,"US dollars per person, PPP converted",HF32,Cost-sharing with third-party payers,_Z,Not application,_T,Total,_T,Total,_T,Total,_Z,Not applicable,_Z,Not applicable,V,Current prices,2018,,391.624,,,,,,,,,,,,0,Units,1,One
DATAFLOW,OECD.ELS.HD:DSD_SHA@DF_SHA(1.1),Health expenditure and financing,I,JPN,Japan,A,Annual,EXP_HEALTH,Expenditure,USD_PPP_PS,"US dollars per person, PPP converted",HF32,Cost-sharing with third-party payers,_Z,Not application,_T,Total,_T,Total,_T,Total,_Z,Not applicable,_Z,Not applicable,V,Current prices,2019,,398.879,,,,,,,,,,,,0,Units,1,One
DATAFLOW,OECD.ELS.HD:DSD_SHA@DF_SHA(1.1),Health expenditure and financing,I,JPN,Japan,A,Annual,EXP_HEALTH,Expenditure,USD_PPP_PS,"US dollars per person, PPP converted",HF32,Cost-sharing with third-party payers,_Z,Not application,_T,Total,_T,Total,_T,Total,_Z,Not applicable,_Z,Not applicable,V,Current prices,2020,,393.265,,,,,,,,,,,,0,Units,1,One
DATAFLOW,OECD.ELS.HD:DSD_SHA@DF_SHA(1.1),Health expenditure and financing,I,JPN,Japan,A,Annual,EXP_HEALTH,Expenditure,USD_PPP_PS,"US dollars per person, PPP converted",HF32,Cost-sharing with third-party payers,_Z,Not application,_T,Total,_T,Total,_T,Total,_Z,Not applicable,_Z,Not applicable,V,Current prices,2021,,427.862,,,,,,,,,,,,0,Units,1,One
DATAFLOW,OECD.ELS.HD:DSD_SHA@DF_SHA(1.1),Health expenditure and financing,I,JPN,Japan,A,Annual,EXP_HEALTH,Expenditure,USD_PPP_PS,"US dollars per person, PPP converted",HF32,Cost-sharing with third-party payers,_Z,Not application,_T,Total,_T,Total,_T,Total,_Z,Not applicable,_Z,Not applicable,V,Current prices,2022,,472.209,,,,,,,,,,,,0,Units,1,One
DATAFLOW,OECD.ELS.HD:DSD_SHA@DF_SHA(1.1),Health expenditure and financing,I,JPN,Japan,A,Annual,EXP_HEALTH,Expenditure,USD_PPP_PS,"US dollars per person, PPP converted",HF32,Cost-sharing with third-party payers,_Z,Not application,_T,Total,_T,Total,_T,Total,_Z,Not applicable,_Z,Not applicable,V,Current prices,2023,,519.905,,,,,,,,,,,,0,Units,1,One
DATAFLOW,OECD.ELS.HD:DSD_SHA@DF_SHA(1.1),Health expenditure and financing,I,JPN,Japan,A,Annual,EXP_HEALTH,Expenditure,USD_PPP_PS,"US dollars per person, PPP converted",HF3,Household out-of-pocket payments,_Z,Not application,_T,Total,_T,Total,_T,Total,_Z,Not applicable,_Z,Not applicable,V,Current prices,2015,,584.659,,,,,,,,,,,,0,Units,1,One
DATAFLOW,OECD.ELS.HD:DSD_SHA@DF_SHA(1.1),Health expenditure and financing,I,JPN,Japan,A,Annual,EXP_HEALTH,Expenditure,USD_PPP_PS,"US dollars per person, PPP converted",HF3,Household out-of-pocket payments,_Z,Not application,_T,Total,_T,Total,_T,Total,_Z,Not applicable,_Z,Not applicable,V,Current prices,2016,,551.733,,,,,,,,,,,,0,Units,1,One
DATAFLOW,OECD.ELS.HD:DSD_SHA@DF_SHA(1.1),Health expenditure and financing,I,JPN,Japan,A,Annual,EXP_HEALTH,Expenditure,USD_PPP_PS,"US dollars per person, PPP converted",HF3,Household out-of-pocket payments,_Z,Not application,_T,Total,_T,Total,_T,Total,_Z,Not applicable,_Z,Not applicable,V,Current prices,2017,,557.509,,,,,,,,,,,,0,Units,1,One
DATAFLOW,OECD.ELS.HD:DSD_SHA@DF_SHA(1.1),Health expenditure and financing,I,JPN,Japan,A,Annual,EXP_HEALTH,Expenditure,USD_PPP_PS,"US dollars per person, PPP converted",HF3,Household out-of-pocket payments,_Z,Not application,_T,Total,_T,Total,_T,Total,_Z,Not applicable,_Z,Not applicable,V,Current prices,2018,,590.383,,,,,,,,,,,,0,Units,1,One
DATAFLOW,OECD.ELS.HD:DSD_SHA@DF_SHA(1.1),Health expenditure and financing,I,JPN,Japan,A,Annual,EXP_HEALTH,Expenditure,USD_PPP_PS,"US dollars per person, PPP converted",HF3,Household out-of-pocket payments,_Z,Not application,_T,Total,_T,Total,_T,Total,_Z,Not applicable,_Z,Not applicable,V,Current prices,2019,,601.168,,,,,,,,,,,,0,Units,1,One
DATAFLOW,OECD.ELS.HD:DSD_SHA@DF_SHA(1.1),Health expenditure and financing,I,JPN,Japan,A,Annual,EXP_HEALTH,Expenditure,USD_PPP_PS,"US dollars per person, PPP converted",HF3,Household out-of-pocket payments,_Z,Not application,_T,Total,_T,Total,_T,Total,_Z,Not applicable,_Z,Not applicable,V,Current prices,2020,,561.617,,,,,,,,,,,,0,Units,1,One
DATAFLOW,OECD.ELS.HD:DSD_SHA@DF_SHA(1.1),Health expenditure and financing,I,JPN,Japan,A,Annual,EXP_HEALTH,Expenditure,USD_PPP_PS,"US dollars per person, PPP converted",HF3,Household out-of-pocket payments,_Z,Not application,_T,Total,_T,Total,_T,Total,_Z,Not applicable,_Z,Not applicable,V,Current prices,2021,,590.195,,,,,,,,,,,,0,Units,1,One
DATAFLOW,OECD.ELS.HD:DSD_SHA@DF_SHA(1.1),Health expenditure and financing,I,JPN,Japan,A,Annual,EXP_HEALTH,Expenditure,USD_PPP_PS,"US dollars per person, PPP converted",HF3,Household out-of-pocket payments,_Z,Not application,_T,Total,_T,Total,_T,Total,_Z,Not applicable,_Z,Not applicable,V,Current prices,2022,,648.719,,,,,,,,,,,,0,Units,1,One
DATAFLOW,OECD.ELS.HD:DSD_SHA@DF_SHA(1.1),Health expenditure and financing,I,JPN,Japan,A,Annual,EXP_HEALTH,Expenditure,USD_PPP_PS,"US dollars per person, PPP converted",HF3,Household out-of-pocket payments,_Z,Not application,_T,Total,_T,Total,_T,Total,_Z,Not applicable,_Z,Not applicable,V,Current prices,2023,,716.391,,,,,,,,,,,,0,Units,1,One
DATAFLOW,OECD.ELS.HD:DSD_SHA@DF_SHA(1.1),Health expenditure and financing,I,JPN,Japan,A,Annual,EXP_HEALTH,Expenditure,USD_PPP_PS,"US dollars per person, PPP converted",HF12HF13,Compulsory contributory health insurance schemes,_Z,Not application,_T,Total,_T,Total,_T,Total,_Z,Not applicable,_Z,Not applicable,V,Current prices,2015,,3417.079,,,,,,,,,,,,0,Units,1,One
DATAFLOW,OECD.ELS.HD:DSD_SHA@DF_SHA(1.1),Health expenditure and financing,I,JPN,Japan,A,Annual,EXP_HEALTH,Expenditure,USD_PPP_PS,"US dollars per person, PPP converted",HF12HF13,Compulsory contributory health insurance schemes,_Z,Not application,_T,Total,_T,Total,_T,Total,_Z,Not applicable,_Z,Not applicable,V,Current prices,2016,,3240.343,,,,,,,,,,,,0,Units,1,One
DATAFLOW,OECD.ELS.HD:DSD_SHA@DF_SHA(1.1),Health expenditure and financing,I,JPN,Japan,A,Annual,EXP_HEALTH,Expenditure,USD_PPP_PS,"US dollars per person, PPP converted",HF12HF13,Compulsory contributory health insurance schemes,_Z,Not application,_T,Total,_T,Total,_T,Total,_Z,Not applicable,_Z,Not applicable,V,Current prices,2017,,3338.242,,,,,,,,,,,,0,Units,1,One
DATAFLOW,OECD.ELS.HD:DSD_SHA@DF_SHA(1.1),Health expenditure and financing,I,JPN,Japan,A,Annual,EXP_HEALTH,Expenditure,USD_PPP_PS,"US dollars per person, PPP converted",HF12HF13,Compulsory contributory health insurance schemes,_Z,Not application,_T,Total,_T,Total,_T,Total,_Z,Not applicable,_Z,Not applicable,V,Current prices,2018,,3438.033,,,,,,,,,,,,0,Units,1,One
DATAFLOW,OECD.ELS.HD:DSD_SHA@DF_SHA(1.1),Health expenditure and financing,I,JPN,Japan,A,Annual,EXP_HEALTH,Expenditure,USD_PPP_PS,"US dollars per person, PPP converted",HF12HF13,Compulsory contributory health insurance schemes,_Z,Not application,_T,Total,_T,Total,_T,Total,_Z,Not applicable,_Z,Not applicable,V,Current prices,2019,,3534.474,,,,,,,,,,,,0,Units,1,One
DATAFLOW,OECD.ELS.HD:DSD_SHA@DF_SHA(1.1),Health expenditure and financing,I,JPN,Japan,A,Annual,EXP_HEALTH,Expenditure,USD_PPP_PS,"US dollars per person, PPP converted",HF12HF13,Compulsory contributory health insurance schemes,_Z,Not application,_T,Total,_T,Total,_T,Total,_Z,Not applicable,_Z,Not applicable,V,Current prices,2020,,3573.852,,,,,,,,,,,,0,Units,1,One
DATAFLOW,OECD.ELS.HD:DSD_SHA@DF_SHA(1.1),Health expenditure and financing,I,JPN,Japan,A,Annual,EXP_HEALTH,Expenditure,USD_PPP_PS,"US dollars per person, PPP converted",HF12HF13,Compulsory contributory health insurance schemes,_Z,Not application,_T,Total,_T,Total,_T,Total,_Z,Not applicable,_Z,Not applicable,V,Current prices,2021,,3875.427,,,,,,,,,,,,0,Units,1,One
DATAFLOW,OECD.ELS.HD:DSD_SHA@DF_SHA(1.1),Health expenditure and financing,I,JPN,Japan,A,Annual,EXP_HEALTH,Expenditure,USD_PPP_PS,"US dollars per person, PPP converted",HF12HF13,Compulsory contributory health insurance schemes,_Z,Not application,_T,Total,_T,Total,_T,Total,_Z,Not applicable,_Z,Not applicable,V,Current prices,2022,,4219.236,,,,,,,,,,,,0,Units,1,One
DATAFLOW,OECD.ELS.HD:DSD_SHA@DF_SHA(1.1),Health expenditure and financing,I,JPN,Japan,A,Annual,EXP_HEALTH,Expenditure,USD_PPP_PS,"US dollars per person, PPP converted",HF12HF13,Compulsory contributory health insurance schemes,_Z,Not application,_T,Total,_T,Total,_T,Total,_Z,Not applicable,_Z,Not applicable,V,Current prices,2023,,4541.793,,,,,,,,,,,,0,Units,1,One
DATAFLOW,OECD.ELS.HD:DSD_SHA@DF_SHA(1.1),Health expenditure and financing,I,JPN,Japan,A,Annual,EXP_HEALTH,Expenditure,USD_PPP_PS,"US dollars per person, PPP converted",HF2HF3,Voluntary schemes/household out-of-pocket payments,_Z,Not application,_T,Total,_T,Total,_T,Total,_Z,Not applicable,_Z,Not applicable,V,Current prices,2015,,718.742,,,,,,,,,,,,0,Units,1,One
DATAFLOW,OECD.ELS.HD:DSD_SHA@DF_SHA(1.1),Health expenditure and financing,I,JPN,Japan,A,Annual,EXP_HEALTH,Expenditure,USD_PPP_PS,"US dollars per person, PPP converted",HF2HF3,Voluntary schemes/household out-of-pocket payments,_Z,Not application,_T,Total,_T,Total,_T,Total,_Z,Not applicable,_Z,Not applicable,V,Current prices,2016,,685.15,,,,,,,,,,,,0,Units,1,One
DATAFLOW,OECD.ELS.HD:DSD_SHA@DF_SHA(1.1),Health expenditure and financing,I,JPN,Japan,A,Annual,EXP_HEALTH,Expenditure,USD_PPP_PS,"US dollars per person, PPP converted",HF2HF3,Voluntary schemes/household out-of-pocket payments,_Z,Not application,_T,Total,_T,Total,_T,Total,_Z,Not applicable,_Z,Not applicable,V,Current prices,2017,,695.417,,,,,,,,,,,,0,Units,1,One
DATAFLOW,OECD.ELS.HD:DSD_SHA@DF_SHA(1.1),Health expenditure and financing,I,JPN,Japan,A,Annual,EXP_HEALTH,Expenditure,USD_PPP_PS,"US dollars per person, PPP converted",HF2HF3,Voluntary schemes/household out-of-pocket payments,_Z,Not application,_T,Total,_T,Total,_T,Total,_Z,Not applicable,_Z,Not applicable,V,Current prices,2018,,737.335,,,,,,,,,,,,0,Units,1,One
DATAFLOW,OECD.ELS.HD:DSD_SHA@DF_SHA(1.1),Health expenditure and financing,I,JPN,Japan,A,Annual,EXP_HEALTH,Expenditure,USD_PPP_PS,"US dollars per person, PPP converted",HF2HF3,Voluntary schemes/household out-of-pocket payments,_Z,Not application,_T,Total,_T,Total,_T,Total,_Z,Not applicable,_Z,Not applicable,V,Current prices,2019,,747.212,,,,,,,,,,,,0,Units,1,One
DATAFLOW,OECD.ELS.HD:DSD_SHA@DF_SHA(1.1),Health expenditure and financing,I,JPN,Japan,A,Annual,EXP_HEALTH,Expenditure,USD_PPP_PS,"US dollars per person, PPP converted",HF2HF3,Voluntary schemes/household out-of-pocket payments,_Z,Not application,_T,Total,_T,Total,_T,Total,_Z,Not applicable,_Z,Not applicable,V,Current prices,2020,,710.987,,,,,,,,,,,,0,Units,1,One
DATAFLOW,OECD.ELS.HD:DSD_SHA@DF_SHA(1.1),Health expenditure and financing,I,JPN,Japan,A,Annual,EXP_HEALTH,Expenditure,USD_PPP_PS,"US dollars per person, PPP converted",HF2HF3,Voluntary schemes/household out-of-pocket payments,_Z,Not application,_T,Total,_T,Total,_T,Total,_Z,Not applicable,_Z,Not applicable,V,Current prices,2021,,745.179,,,,,,,,,,,,0,Units,1,One
DATAFLOW,OECD.ELS.HD:DSD_SHA@DF_SHA(1.1),Health expenditure and financing,I,JPN,Japan,A,Annual,EXP_HEALTH,Expenditure,USD_PPP_PS,"US dollars per person, PPP converted",HF2HF3,Voluntary schemes/household out-of-pocket payments,_Z,Not application,_T,Total,_T,Total,_T,Total,_Z,Not applicable,_Z,Not applicable,V,Current prices,2022,,816.835,,,,,,,,,,,,0,Units,1,One
DATAFLOW,OECD.ELS.HD:DSD_SHA@DF_SHA(1.1),Health expenditure and financing,I,JPN,Japan,A,Annual,EXP_HEALTH,Expenditure,USD_PPP_PS,"US dollars per person, PPP converted",HF2HF3,Voluntary schemes/household out-of-pocket payments,_Z,Not application,_T,Total,_T,Total,_T,Total,_Z,Not applicable,_Z,Not applicable,V,Current prices,2023,,884.559,,,,,,,,,,,,0,Units,1,One
DATAFLOW,OECD.ELS.HD:DSD_SHA@DF_SHA(1.1),Health expenditure and financing,I,JPN,Japan,A,Annual,EXP_HEALTH,Expenditure,USD_PPP_PS,"US dollars per person, PPP converted",HF11,Government schemes,_Z,Not application,_T,Total,_T,Total,_T,Total,_Z,Not applicable,_Z,Not applicable,V,Current prices,2015,,379.736,,,,,,,,,,,,0,Units,1,One
DATAFLOW,OECD.ELS.HD:DSD_SHA@DF_SHA(1.1),Health expenditure and financing,I,JPN,Japan,A,Annual,EXP_HEALTH,Expenditure,USD_PPP_PS,"US dollars per person, PPP converted",HF11,Government schemes,_Z,Not application,_T,Total,_T,Total,_T,Total,_Z,Not applicable,_Z,Not applicable,V,Current prices,2016,,366.678,,,,,,,,,,,,0,Units,1,One
DATAFLOW,OECD.ELS.HD:DSD_SHA@DF_SHA(1.1),Health expenditure and financing,I,JPN,Japan,A,Annual,EXP_HEALTH,Expenditure,USD_PPP_PS,"US dollars per person, PPP converted",HF11,Government schemes,_Z,Not application,_T,Total,_T,Total,_T,Total,_Z,Not applicable,_Z,Not applicable,V,Current prices,2017,,371.81,,,,,,,,,,,,0,Units,1,One
DATAFLOW,OECD.ELS.HD:DSD_SHA@DF_SHA(1.1),Health expenditure and financing,I,JPN,Japan,A,Annual,EXP_HEALTH,Expenditure,USD_PPP_PS,"US dollars per person, PPP converted",HF11,Government schemes,_Z,Not application,_T,Total,_T,Total,_T,Total,_Z,Not applicable,_Z,Not applicable,V,Current prices,2018,,367.937,,,,,,,,,,,,0,Units,1,One
DATAFLOW,OECD.ELS.HD:DSD_SHA@DF_SHA(1.1),Health expenditure and financing,I,JPN,Japan,A,Annual,EXP_HEALTH,Expenditure,USD_PPP_PS,"US dollars per person, PPP converted",HF11,Government schemes,_Z,Not application,_T,Total,_T,Total,_T,Total,_Z,Not applicable,_Z,Not applicable,V,Current prices,2019,,377.893,,,,,,,,,,,,0,Units,1,One
DATAFLOW,OECD.ELS.HD:DSD_SHA@DF_SHA(1.1),Health expenditure and financing,I,JPN,Japan,A,Annual,EXP_HEALTH,Expenditure,USD_PPP_PS,"US dollars per person, PPP converted",HF11,Government schemes,_Z,Not application,_T,Total,_T,Total,_T,Total,_Z,Not applicable,_Z,Not applicable,V,Current prices,2020,,573.672,,,,,,,,,,,,0,Units,1,One
DATAFLOW,OECD.ELS.HD:DSD_SHA@DF_SHA(1.1),Health expenditure and financing,I,JPN,Japan,A,Annual,EXP_HEALTH,Expenditure,USD_PPP_PS,"US dollars per person, PPP converted",HF11,Government schemes,_Z,Not application,_T,Total,_T,Total,_T,Total,_Z,Not applicable,_Z,Not applicable,V,Current prices,2021,,844.435,,,,,,,,,,,,0,Units,1,One
DATAFLOW,OECD.ELS.HD:DSD_SHA@DF_SHA(1.1),Health expenditure and financing,I,JPN,Japan,A,Annual,EXP_HEALTH,Expenditure,USD_PPP_PS,"US dollars per person, PPP converted",HF11,Government schemes,_Z,Not application,_T,Total,_T,Total,_T,Total,_Z,Not applicable,_Z,Not applicable,V,Current prices,2022,,842.158,,,,,,,,,,,,0,Units,1,One
DATAFLOW,OECD.ELS.HD:DSD_SHA@DF_SHA(1.1),Health expenditure and financing,I,JPN,Japan,A,Annual,EXP_HEALTH,Expenditure,USD_PPP_PS,"US dollars per person, PPP converted",HF11,Government schemes,_Z,Not application,_T,Total,_T,Total,_T,Total,_Z,Not applicable,_Z,Not applicable,V,Current prices,2023,,537.204,,,,,,,,,,,,0,Units,1,One
DATAFLOW,OECD.ELS.HD:DSD_SHA@DF_SHA(1.1),Health expenditure and financing,I,JPN,Japan,A,Annual,EXP_HEALTH,Expenditure,USD_PPP_PS,"US dollars per person, PPP converted",HF1,Government/compulsory schemes,_Z,Not application,_T,Total,_T,Total,_T,Total,_Z,Not applicable,_Z,Not applicable,V,Current prices,2015,,3796.814,,,,,,,,,,,,0,Units,1,One
DATAFLOW,OECD.ELS.HD:DSD_SHA@DF_SHA(1.1),Health expenditure and financing,I,JPN,Japan,A,Annual,EXP_HEALTH,Expenditure,USD_PPP_PS,"US dollars per person, PPP converted",HF1,Government/compulsory schemes,_Z,Not application,_T,Total,_T,Total,_T,Total,_Z,Not applicable,_Z,Not applicable,V,Current prices,2016,,3607.021,,,,,,,,,,,,0,Units,1,One
DATAFLOW,OECD.ELS.HD:DSD_SHA@DF_SHA(1.1),Health expenditure and financing,I,JPN,Japan,A,Annual,EXP_HEALTH,Expenditure,USD_PPP_PS,"US dollars per person, PPP converted",HF1,Government/compulsory schemes,_Z,Not application,_T,Total,_T,Total,_T,Total,_Z,Not applicable,_Z,Not applicable,V,Current prices,2017,,3710.052,,,,,,,,,,,,0,Units,1,One
DATAFLOW,OECD.ELS.HD:DSD_SHA@DF_SHA(1.1),Health expenditure and financing,I,JPN,Japan,A,Annual,EXP_HEALTH,Expenditure,USD_PPP_PS,"US dollars per person, PPP converted",HF1,Government/compulsory schemes,_Z,Not application,_T,Total,_T,Total,_T,Total,_Z,Not applicable,_Z,Not applicable,V,Current prices,2018,,3805.97,,,,,,,,,,,,0,Units,1,One
DATAFLOW,OECD.ELS.HD:DSD_SHA@DF_SHA(1.1),Health expenditure and financing,I,JPN,Japan,A,Annual,EXP_HEALTH,Expenditure,USD_PPP_PS,"US dollars per person, PPP converted",HF1,Government/compulsory schemes,_Z,Not application,_T,Total,_T,Total,_T,Total,_Z,Not applicable,_Z,Not applicable,V,Current prices,2019,,3912.367,,,,,,,,,,,,0,Units,1,One
DATAFLOW,OECD.ELS.HD:DSD_SHA@DF_SHA(1.1),Health expenditure and financing,I,JPN,Japan,A,Annual,EXP_HEALTH,Expenditure,USD_PPP_PS,"US dollars per person, PPP converted",HF1,Government/compulsory schemes,_Z,Not application,_T,Total,_T,Total,_T,Total,_Z,Not applicable,_Z,Not applicable,V,Current prices,2020,,4147.524,,,,,,,,,,,,0,Units,1,One
DATAFLOW,OECD.ELS.HD:DSD_SHA@DF_SHA(1.1),Health expenditure and financing,I,JPN,Japan,A,Annual,EXP_HEALTH,Expenditure,USD_PPP_PS,"US dollars per person, PPP converted",HF1,Government/compulsory schemes,_Z,Not application,_T,Total,_T,Total,_T,Total,_Z,Not applicable,_Z,Not applicable,V,Current prices,2021,,4719.861,,,,,,,,,,,,0,Units,1,One
DATAFLOW,OECD.ELS.HD:DSD_SHA@DF_SHA(1.1),Health expenditure and financing,I,JPN,Japan,A,Annual,EXP_HEALTH,Expenditure,USD_PPP_PS,"US dollars per person, PPP converted",HF1,Government/compulsory schemes,_Z,Not application,_T,Total,_T,Total,_T,Total,_Z,Not applicable,_Z,Not applicable,V,Current prices,2022,,5061.395,,,,,,,,,,,,0,Units,1,One
DATAFLOW,OECD.ELS.HD:DSD_SHA@DF_SHA(1.1),Health expenditure and financing,I,JPN,Japan,A,Annual,EXP_HEALTH,Expenditure,USD_PPP_PS,"US dollars per person, PPP converted",HF1,Government/compulsory schemes,_Z,Not application,_T,Total,_T,Total,_T,Total,_Z,Not applicable,_Z,Not applicable,V,Current prices,2023,,5078.998,,,,,,,,,,,,0,Units,1,One
DATAFLOW,OECD.ELS.HD:DSD_SHA@DF_SHA(1.1),Health expenditure and financing,I,JPN,Japan,A,Annual,EXP_HEALTH,Expenditure,USD_PPP_PS,"US dollars per person, PPP converted",_T,Total,_Z,Not application,_T,Total,_T,Total,_T,Total,_Z,Not applicable,_Z,Not applicable,V,Current prices,2015,,4515.556,,,,,,,,,,,,0,Units,1,One
DATAFLOW,OECD.ELS.HD:DSD_SHA@DF_SHA(1.1),Health expenditure and financing,I,JPN,Japan,A,Annual,EXP_HEALTH,Expenditure,USD_PPP_PS,"US dollars per person, PPP converted",_T,Total,_Z,Not application,_T,Total,_T,Total,_T,Total,_Z,Not applicable,_Z,Not applicable,V,Current prices,2016,,4292.171,,,,,,,,,,,,0,Units,1,One
DATAFLOW,OECD.ELS.HD:DSD_SHA@DF_SHA(1.1),Health expenditure and financing,I,JPN,Japan,A,Annual,EXP_HEALTH,Expenditure,USD_PPP_PS,"US dollars per person, PPP converted",_T,Total,_Z,Not application,_T,Total,_T,Total,_T,Total,_Z,Not applicable,_Z,Not applicable,V,Current prices,2017,,4405.469,,,,,,,,,,,,0,Units,1,One
DATAFLOW,OECD.ELS.HD:DSD_SHA@DF_SHA(1.1),Health expenditure and financing,I,JPN,Japan,A,Annual,EXP_HEALTH,Expenditure,USD_PPP_PS,"US dollars per person, PPP converted",_T,Total,_Z,Not application,_T,Total,_T,Total,_T,Total,_Z,Not applicable,_Z,Not applicable,V,Current prices,2018,,4543.305,,,,,,,,,,,,0,Units,1,One
DATAFLOW,OECD.ELS.HD:DSD_SHA@DF_SHA(1.1),Health expenditure and financing,I,JPN,Japan,A,Annual,EXP_HEALTH,Expenditure,USD_PPP_PS,"US dollars per person, PPP converted",_T,Total,_Z,Not application,_T,Total,_T,Total,_T,Total,_Z,Not applicable,_Z,Not applicable,V,Current prices,2019,,4659.58,,,,,,,,,,,,0,Units,1,One
DATAFLOW,OECD.ELS.HD:DSD_SHA@DF_SHA(1.1),Health expenditure and financing,I,JPN,Japan,A,Annual,EXP_HEALTH,Expenditure,USD_PPP_PS,"US dollars per person, PPP converted",_T,Total,_Z,Not application,_T,Total,_T,Total,_T,Total,_Z,Not applicable,_Z,Not applicable,V,Current prices,2020,,4858.511,,,,,,,,,,,,0,Units,1,One
DATAFLOW,OECD.ELS.HD:DSD_SHA@DF_SHA(1.1),Health expenditure and financing,I,JPN,Japan,A,Annual,EXP_HEALTH,Expenditure,USD_PPP_PS,"US dollars per person, PPP converted",_T,Total,_Z,Not application,_T,Total,_T,Total,_T,Total,_Z,Not applicable,_Z,Not applicable,V,Current prices,2021,,5465.04,,,,,,,,,,,,0,Units,1,One
DATAFLOW,OECD.ELS.HD:DSD_SHA@DF_SHA(1.1),Health expenditure and financing,I,JPN,Japan,A,Annual,EXP_HEALTH,Expenditure,USD_PPP_PS,"US dollars per person, PPP converted",_T,Total,_Z,Not application,_T,Total,_T,Total,_T,Total,_Z,Not applicable,_Z,Not applicable,V,Current prices,2022,,5878.23,,,,,,,,,,,,0,Units,1,One
DATAFLOW,OECD.ELS.HD:DSD_SHA@DF_SHA(1.1),Health expenditure and financing,I,JPN,Japan,A,Annual,EXP_HEALTH,Expenditure,USD_PPP_PS,"US dollars per person, PPP converted",_T,Total,_Z,Not application,_T,Total,_T,Total,_T,Total,_Z,Not applicable,_Z,Not applicable,V,Current prices,2023,,5963.557,,,,,,,,,,,,0,Units,1,One
DATAFLOW,OECD.ELS.HD:DSD_SHA@DF_SHA(1.1),Health expenditure and financing,I,JPN,Japan,A,Annual,EXP_HEALTH,Expenditure,USD_PPP_PS,"US dollars per person, PPP converted",_T,Total,_Z,Not application,_T,Total,_T,Total,_T,Total,_Z,Not applicable,_Z,Not applicable,Q,Constant prices,2015,,4605.609,,2020,,,,,,,,,,0,Units,1,One
DATAFLOW,OECD.ELS.HD:DSD_SHA@DF_SHA(1.1),Health expenditure and financing,I,JPN,Japan,A,Annual,EXP_HEALTH,Expenditure,USD_PPP_PS,"US dollars per person, PPP converted",_T,Total,_Z,Not application,_T,Total,_T,Total,_T,Total,_Z,Not applicable,_Z,Not applicable,Q,Constant prices,2016,,4635.302,,2020,,,,,,,,,,0,Units,1,One
DATAFLOW,OECD.ELS.HD:DSD_SHA@DF_SHA(1.1),Health expenditure and financing,I,JPN,Japan,A,Annual,EXP_HEALTH,Expenditure,USD_PPP_PS,"US dollars per person, PPP converted",_T,Total,_Z,Not application,_T,Total,_T,Total,_T,Total,_Z,Not applicable,_Z,Not applicable,Q,Constant prices,2017,,4694.512,,2020,,,,,,,,,,0,Units,1,One
DATAFLOW,OECD.ELS.HD:DSD_SHA@DF_SHA(1.1),Health expenditure and financing,I,JPN,Japan,A,Annual,EXP_HEALTH,Expenditure,USD_PPP_PS,"US dollars per person, PPP converted",_T,Total,_Z,Not application,_T,Total,_T,Total,_T,Total,_Z,Not applicable,_Z,Not applicable,Q,Constant prices,2018,,4741.327,,2020,,,,,,,,,,0,Units,1,One
DATAFLOW,OECD.ELS.HD:DSD_SHA@DF_SHA(1.1),Health expenditure and financing,I,JPN,Japan,A,Annual,EXP_HEALTH,Expenditure,USD_PPP_PS,"US dollars per person, PPP converted",_T,Total,_Z,Not application,_T,Total,_T,Total,_T,Total,_Z,Not applicable,_Z,Not applicable,Q,Constant prices,2019,,4826.319,,2020,,,,,,,,,,0,Units,1,One
DATAFLOW,OECD.ELS.HD:DSD_SHA@DF_SHA(1.1),Health expenditure and financing,I,JPN,Japan,A,Annual,EXP_HEALTH,Expenditure,USD_PPP_PS,"US dollars per person, PPP converted",_T,Total,_Z,Not application,_T,Total,_T,Total,_T,Total,_Z,Not applicable,_Z,Not applicable,Q,Constant prices,2020,,4858.511,,2020,,,,,,,,,,0,Units,1,One
DATAFLOW,OECD.ELS.HD:DSD_SHA@DF_SHA(1.1),Health expenditure and financing,I,JPN,Japan,A,Annual,EXP_HEALTH,Expenditure,USD_PPP_PS,"US dollars per person, PPP converted",_T,Total,_Z,Not application,_T,Total,_T,Total,_T,Total,_Z,Not applicable,_Z,Not applicable,Q,Constant prices,2021,,5264.429,,2020,,,,,,,,,,0,Units,1,One
DATAFLOW,OECD.ELS.HD:DSD_SHA@DF_SHA(1.1),Health expenditure and financing,I,JPN,Japan,A,Annual,EXP_HEALTH,Expenditure,USD_PPP_PS,"US dollars per person, PPP converted",_T,Total,_Z,Not application,_T,Total,_T,Total,_T,Total,_Z,Not applicable,_Z,Not applicable,Q,Constant prices,2022,,5244.311,,2020,,,,,,,,,,0,Units,1,One
DATAFLOW,OECD.ELS.HD:DSD_SHA@DF_SHA(1.1),Health expenditure and financing,I,JPN,Japan,A,Annual,EXP_HEALTH,Expenditure,USD_PPP_PS,"US dollars per person, PPP converted",_T,Total,_Z,Not application,_T,Total,_T,Total,_T,Total,_Z,Not applicable,_Z,Not applicable,Q,Constant prices,2023,,4960.415,,2020,,,,,,,,,,0,Units,1,One
DATAFLOW,OECD.ELS.HD:DSD_SHA@DF_SHA(1.1),Health expenditure and financing,I,JPN,Japan,A,Annual,EXP_HEALTH,Expenditure,USD_PPP_PS,"US dollars per person, PPP converted",HF1,Government/compulsory schemes,_Z,Not application,_T,Total,_T,Total,_T,Total,_Z,Not applicable,_Z,Not applicable,Q,Constant prices,2015,,3872.534,,2020,,,,,,,,,,0,Units,1,One
DATAFLOW,OECD.ELS.HD:DSD_SHA@DF_SHA(1.1),Health expenditure and financing,I,JPN,Japan,A,Annual,EXP_HEALTH,Expenditure,USD_PPP_PS,"US dollars per person, PPP converted",HF1,Government/compulsory schemes,_Z,Not application,_T,Total,_T,Total,_T,Total,_Z,Not applicable,_Z,Not applicable,Q,Constant prices,2016,,3895.378,,2020,,,,,,,,,,0,Units,1,One
DATAFLOW,OECD.ELS.HD:DSD_SHA@DF_SHA(1.1),Health expenditure and financing,I,JPN,Japan,A,Annual,EXP_HEALTH,Expenditure,USD_PPP_PS,"US dollars per person, PPP converted",HF1,Government/compulsory schemes,_Z,Not application,_T,Total,_T,Total,_T,Total,_Z,Not applicable,_Z,Not applicable,Q,Constant prices,2017,,3953.469,,2020,,,,,,,,,,0,Units,1,One
DATAFLOW,OECD.ELS.HD:DSD_SHA@DF_SHA(1.1),Health expenditure and financing,I,JPN,Japan,A,Annual,EXP_HEALTH,Expenditure,USD_PPP_PS,"US dollars per person, PPP converted",HF1,Government/compulsory schemes,_Z,Not application,_T,Total,_T,Total,_T,Total,_Z,Not applicable,_Z,Not applicable,Q,Constant prices,2018,,3971.855,,2020,,,,,,,,,,0,Units,1,One
DATAFLOW,OECD.ELS.HD:DSD_SHA@DF_SHA(1.1),Health expenditure and financing,I,JPN,Japan,A,Annual,EXP_HEALTH,Expenditure,USD_PPP_PS,"US dollars per person, PPP converted",HF1,Government/compulsory schemes,_Z,Not application,_T,Total,_T,Total,_T,Total,_Z,Not applicable,_Z,Not applicable,Q,Constant prices,2019,,4052.368,,2020,,,,,,,,,,0,Units,1,One
DATAFLOW,OECD.ELS.HD:DSD_SHA@DF_SHA(1.1),Health expenditure and financing,I,JPN,Japan,A,Annual,EXP_HEALTH,Expenditure,USD_PPP_PS,"US dollars per person, PPP converted",HF1,Government/compulsory schemes,_Z,Not application,_T,Total,_T,Total,_T,Total,_Z,Not applicable,_Z,Not applicable,Q,Constant prices,2020,,4147.524,,2020,,,,,,,,,,0,Units,1,One
DATAFLOW,OECD.ELS.HD:DSD_SHA@DF_SHA(1.1),Health expenditure and financing,I,JPN,Japan,A,Annual,EXP_HEALTH,Expenditure,USD_PPP_PS,"US dollars per person, PPP converted",HF1,Government/compulsory schemes,_Z,Not application,_T,Total,_T,Total,_T,Total,_Z,Not applicable,_Z,Not applicable,Q,Constant prices,2021,,4546.604,,2020,,,,,,,,,,0,Units,1,One
DATAFLOW,OECD.ELS.HD:DSD_SHA@DF_SHA(1.1),Health expenditure and financing,I,JPN,Japan,A,Annual,EXP_HEALTH,Expenditure,USD_PPP_PS,"US dollars per person, PPP converted",HF1,Government/compulsory schemes,_Z,Not application,_T,Total,_T,Total,_T,Total,_Z,Not applicable,_Z,Not applicable,Q,Constant prices,2022,,4515.565,,2020,,,,,,,,,,0,Units,1,One
DATAFLOW,OECD.ELS.HD:DSD_SHA@DF_SHA(1.1),Health expenditure and financing,I,JPN,Japan,A,Annual,EXP_HEALTH,Expenditure,USD_PPP_PS,"US dollars per person, PPP converted",HF1,Government/compulsory schemes,_Z,Not application,_T,Total,_T,Total,_T,Total,_Z,Not applicable,_Z,Not applicable,Q,Constant prices,2023,,4224.649,,2020,,,,,,,,,,0,Units,1,One
DATAFLOW,OECD.ELS.HD:DSD_SHA@DF_SHA(1.1),Health expenditure and financing,I,JPN,Japan,A,Annual,EXP_HEALTH,Expenditure,USD_PPP_PS,"US dollars per person, PPP converted",HF11,Government schemes,_Z,Not application,_T,Total,_T,Total,_T,Total,_Z,Not applicable,_Z,Not applicable,Q,Constant prices,2015,,387.309,,2020,,,,,,,,,,0,Units,1,One
DATAFLOW,OECD.ELS.HD:DSD_SHA@DF_SHA(1.1),Health expenditure and financing,I,JPN,Japan,A,Annual,EXP_HEALTH,Expenditure,USD_PPP_PS,"US dollars per person, PPP converted",HF11,Government schemes,_Z,Not application,_T,Total,_T,Total,_T,Total,_Z,Not applicable,_Z,Not applicable,Q,Constant prices,2016,,395.992,,2020,,,,,,,,,,0,Units,1,One
DATAFLOW,OECD.ELS.HD:DSD_SHA@DF_SHA(1.1),Health expenditure and financing,I,JPN,Japan,A,Annual,EXP_HEALTH,Expenditure,USD_PPP_PS,"US dollars per person, PPP converted",HF11,Government schemes,_Z,Not application,_T,Total,_T,Total,_T,Total,_Z,Not applicable,_Z,Not applicable,Q,Constant prices,2017,,396.204,,2020,,,,,,,,,,0,Units,1,One
DATAFLOW,OECD.ELS.HD:DSD_SHA@DF_SHA(1.1),Health expenditure and financing,I,JPN,Japan,A,Annual,EXP_HEALTH,Expenditure,USD_PPP_PS,"US dollars per person, PPP converted",HF11,Government schemes,_Z,Not application,_T,Total,_T,Total,_T,Total,_Z,Not applicable,_Z,Not applicable,Q,Constant prices,2018,,383.974,,2020,,,,,,,,,,0,Units,1,One
DATAFLOW,OECD.ELS.HD:DSD_SHA@DF_SHA(1.1),Health expenditure and financing,I,JPN,Japan,A,Annual,EXP_HEALTH,Expenditure,USD_PPP_PS,"US dollars per person, PPP converted",HF11,Government schemes,_Z,Not application,_T,Total,_T,Total,_T,Total,_Z,Not applicable,_Z,Not applicable,Q,Constant prices,2019,,391.416,,2020,,,,,,,,,,0,Units,1,One
DATAFLOW,OECD.ELS.HD:DSD_SHA@DF_SHA(1.1),Health expenditure and financing,I,JPN,Japan,A,Annual,EXP_HEALTH,Expenditure,USD_PPP_PS,"US dollars per person, PPP converted",HF11,Government schemes,_Z,Not application,_T,Total,_T,Total,_T,Total,_Z,Not applicable,_Z,Not applicable,Q,Constant prices,2020,,573.672,,2020,,,,,,,,,,0,Units,1,One
DATAFLOW,OECD.ELS.HD:DSD_SHA@DF_SHA(1.1),Health expenditure and financing,I,JPN,Japan,A,Annual,EXP_HEALTH,Expenditure,USD_PPP_PS,"US dollars per person, PPP converted",HF11,Government schemes,_Z,Not application,_T,Total,_T,Total,_T,Total,_Z,Not applicable,_Z,Not applicable,Q,Constant prices,2021,,813.437,,2020,,,,,,,,,,0,Units,1,One
DATAFLOW,OECD.ELS.HD:DSD_SHA@DF_SHA(1.1),Health expenditure and financing,I,JPN,Japan,A,Annual,EXP_HEALTH,Expenditure,USD_PPP_PS,"US dollars per person, PPP converted",HF11,Government schemes,_Z,Not application,_T,Total,_T,Total,_T,Total,_Z,Not applicable,_Z,Not applicable,Q,Constant prices,2022,,751.339,,2020,,,,,,,,,,0,Units,1,One
DATAFLOW,OECD.ELS.HD:DSD_SHA@DF_SHA(1.1),Health expenditure and financing,I,JPN,Japan,A,Annual,EXP_HEALTH,Expenditure,USD_PPP_PS,"US dollars per person, PPP converted",HF11,Government schemes,_Z,Not application,_T,Total,_T,Total,_T,Total,_Z,Not applicable,_Z,Not applicable,Q,Constant prices,2023,,446.84,,2020,,,,,,,,,,0,Units,1,One
DATAFLOW,OECD.ELS.HD:DSD_SHA@DF_SHA(1.1),Health expenditure and financing,I,JPN,Japan,A,Annual,EXP_HEALTH,Expenditure,USD_PPP_PS,"US dollars per person, PPP converted",HF2HF3,Voluntary schemes/household out-of-pocket payments,_Z,Not application,_T,Total,_T,Total,_T,Total,_Z,Not applicable,_Z,Not applicable,Q,Constant prices,2015,,733.076,,2020,,,,,,,,,,0,Units,1,One
DATAFLOW,OECD.ELS.HD:DSD_SHA@DF_SHA(1.1),Health expenditure and financing,I,JPN,Japan,A,Annual,EXP_HEALTH,Expenditure,USD_PPP_PS,"US dollars per person, PPP converted",HF2HF3,Voluntary schemes/household out-of-pocket payments,_Z,Not application,_T,Total,_T,Total,_T,Total,_Z,Not applicable,_Z,Not applicable,Q,Constant prices,2016,,739.923,,2020,,,,,,,,,,0,Units,1,One
DATAFLOW,OECD.ELS.HD:DSD_SHA@DF_SHA(1.1),Health expenditure and financing,I,JPN,Japan,A,Annual,EXP_HEALTH,Expenditure,USD_PPP_PS,"US dollars per person, PPP converted",HF2HF3,Voluntary schemes/household out-of-pocket payments,_Z,Not application,_T,Total,_T,Total,_T,Total,_Z,Not applicable,_Z,Not applicable,Q,Constant prices,2017,,741.043,,2020,,,,,,,,,,0,Units,1,One
DATAFLOW,OECD.ELS.HD:DSD_SHA@DF_SHA(1.1),Health expenditure and financing,I,JPN,Japan,A,Annual,EXP_HEALTH,Expenditure,USD_PPP_PS,"US dollars per person, PPP converted",HF2HF3,Voluntary schemes/household out-of-pocket payments,_Z,Not application,_T,Total,_T,Total,_T,Total,_Z,Not applicable,_Z,Not applicable,Q,Constant prices,2018,,769.472,,2020,,,,,,,,,,0,Units,1,One
DATAFLOW,OECD.ELS.HD:DSD_SHA@DF_SHA(1.1),Health expenditure and financing,I,JPN,Japan,A,Annual,EXP_HEALTH,Expenditure,USD_PPP_PS,"US dollars per person, PPP converted",HF2HF3,Voluntary schemes/household out-of-pocket payments,_Z,Not application,_T,Total,_T,Total,_T,Total,_Z,Not applicable,_Z,Not applicable,Q,Constant prices,2019,,773.951,,2020,,,,,,,,,,0,Units,1,One
DATAFLOW,OECD.ELS.HD:DSD_SHA@DF_SHA(1.1),Health expenditure and financing,I,JPN,Japan,A,Annual,EXP_HEALTH,Expenditure,USD_PPP_PS,"US dollars per person, PPP converted",HF2HF3,Voluntary schemes/household out-of-pocket payments,_Z,Not application,_T,Total,_T,Total,_T,Total,_Z,Not applicable,_Z,Not applicable,Q,Constant prices,2020,,710.987,,2020,,,,,,,,,,0,Units,1,One
DATAFLOW,OECD.ELS.HD:DSD_SHA@DF_SHA(1.1),Health expenditure and financing,I,JPN,Japan,A,Annual,EXP_HEALTH,Expenditure,USD_PPP_PS,"US dollars per person, PPP converted",HF2HF3,Voluntary schemes/household out-of-pocket payments,_Z,Not application,_T,Total,_T,Total,_T,Total,_Z,Not applicable,_Z,Not applicable,Q,Constant prices,2021,,717.825,,2020,,,,,,,,,,0,Units,1,One
DATAFLOW,OECD.ELS.HD:DSD_SHA@DF_SHA(1.1),Health expenditure and financing,I,JPN,Japan,A,Annual,EXP_HEALTH,Expenditure,USD_PPP_PS,"US dollars per person, PPP converted",HF2HF3,Voluntary schemes/household out-of-pocket payments,_Z,Not application,_T,Total,_T,Total,_T,Total,_Z,Not applicable,_Z,Not applicable,Q,Constant prices,2022,,728.746,,2020,,,,,,,,,,0,Units,1,One
DATAFLOW,OECD.ELS.HD:DSD_SHA@DF_SHA(1.1),Health expenditure and financing,I,JPN,Japan,A,Annual,EXP_HEALTH,Expenditure,USD_PPP_PS,"US dollars per person, PPP converted",HF2HF3,Voluntary schemes/household out-of-pocket payments,_Z,Not application,_T,Total,_T,Total,_T,Total,_Z,Not applicable,_Z,Not applicable,Q,Constant prices,2023,,735.766,,2020,,,,,,,,,,0,Units,1,One
DATAFLOW,OECD.ELS.HD:DSD_SHA@DF_SHA(1.1),Health expenditure and financing,I,JPN,Japan,A,Annual,EXP_HEALTH,Expenditure,USD_PPP_PS,"US dollars per person, PPP converted",HF12HF13,Compulsory contributory health insurance schemes,_Z,Not application,_T,Total,_T,Total,_T,Total,_Z,Not applicable,_Z,Not applicable,Q,Constant prices,2015,,3485.225,,2020,,,,,,,,,,0,Units,1,One
DATAFLOW,OECD.ELS.HD:DSD_SHA@DF_SHA(1.1),Health expenditure and financing,I,JPN,Japan,A,Annual,EXP_HEALTH,Expenditure,USD_PPP_PS,"US dollars per person, PPP converted",HF12HF13,Compulsory contributory health insurance schemes,_Z,Not application,_T,Total,_T,Total,_T,Total,_Z,Not applicable,_Z,Not applicable,Q,Constant prices,2016,,3499.387,,2020,,,,,,,,,,0,Units,1,One
DATAFLOW,OECD.ELS.HD:DSD_SHA@DF_SHA(1.1),Health expenditure and financing,I,JPN,Japan,A,Annual,EXP_HEALTH,Expenditure,USD_PPP_PS,"US dollars per person, PPP converted",HF12HF13,Compulsory contributory health insurance schemes,_Z,Not application,_T,Total,_T,Total,_T,Total,_Z,Not applicable,_Z,Not applicable,Q,Constant prices,2017,,3557.264,,2020,,,,,,,,,,0,Units,1,One
DATAFLOW,OECD.ELS.HD:DSD_SHA@DF_SHA(1.1),Health expenditure and financing,I,JPN,Japan,A,Annual,EXP_HEALTH,Expenditure,USD_PPP_PS,"US dollars per person, PPP converted",HF12HF13,Compulsory contributory health insurance schemes,_Z,Not application,_T,Total,_T,Total,_T,Total,_Z,Not applicable,_Z,Not applicable,Q,Constant prices,2018,,3587.881,,2020,,,,,,,,,,0,Units,1,One
DATAFLOW,OECD.ELS.HD:DSD_SHA@DF_SHA(1.1),Health expenditure and financing,I,JPN,Japan,A,Annual,EXP_HEALTH,Expenditure,USD_PPP_PS,"US dollars per person, PPP converted",HF12HF13,Compulsory contributory health insurance schemes,_Z,Not application,_T,Total,_T,Total,_T,Total,_Z,Not applicable,_Z,Not applicable,Q,Constant prices,2019,,3660.952,,2020,,,,,,,,,,0,Units,1,One
DATAFLOW,OECD.ELS.HD:DSD_SHA@DF_SHA(1.1),Health expenditure and financing,I,JPN,Japan,A,Annual,EXP_HEALTH,Expenditure,USD_PPP_PS,"US dollars per person, PPP converted",HF12HF13,Compulsory contributory health insurance schemes,_Z,Not application,_T,Total,_T,Total,_T,Total,_Z,Not applicable,_Z,Not applicable,Q,Constant prices,2020,,3573.852,,2020,,,,,,,,,,0,Units,1,One
DATAFLOW,OECD.ELS.HD:DSD_SHA@DF_SHA(1.1),Health expenditure and financing,I,JPN,Japan,A,Annual,EXP_HEALTH,Expenditure,USD_PPP_PS,"US dollars per person, PPP converted",HF12HF13,Compulsory contributory health insurance schemes,_Z,Not application,_T,Total,_T,Total,_T,Total,_Z,Not applicable,_Z,Not applicable,Q,Constant prices,2021,,3733.167,,2020,,,,,,,,,,0,Units,1,One
DATAFLOW,OECD.ELS.HD:DSD_SHA@DF_SHA(1.1),Health expenditure and financing,I,JPN,Japan,A,Annual,EXP_HEALTH,Expenditure,USD_PPP_PS,"US dollars per person, PPP converted",HF12HF13,Compulsory contributory health insurance schemes,_Z,Not application,_T,Total,_T,Total,_T,Total,_Z,Not applicable,_Z,Not applicable,Q,Constant prices,2022,,3764.226,,2020,,,,,,,,,,0,Units,1,One
DATAFLOW,OECD.ELS.HD:DSD_SHA@DF_SHA(1.1),Health expenditure and financing,I,JPN,Japan,A,Annual,EXP_HEALTH,Expenditure,USD_PPP_PS,"US dollars per person, PPP converted",HF12HF13,Compulsory contributory health insurance schemes,_Z,Not application,_T,Total,_T,Total,_T,Total,_Z,Not applicable,_Z,Not applicable,Q,Constant prices,2023,,3777.809,,2020,,,,,,,,,,0,Units,1,One
DATAFLOW,OECD.ELS.HD:DSD_SHA@DF_SHA(1.1),Health expenditure and financing,I,JPN,Japan,A,Annual,EXP_HEALTH,Expenditure,USD_PPP_PS,"US dollars per person, PPP converted",HF3,Household out-of-pocket payments,_Z,Not application,_T,Total,_T,Total,_T,Total,_Z,Not applicable,_Z,Not applicable,Q,Constant prices,2015,,596.319,,2020,,,,,,,,,,0,Units,1,One
DATAFLOW,OECD.ELS.HD:DSD_SHA@DF_SHA(1.1),Health expenditure and financing,I,JPN,Japan,A,Annual,EXP_HEALTH,Expenditure,USD_PPP_PS,"US dollars per person, PPP converted",HF3,Household out-of-pocket payments,_Z,Not application,_T,Total,_T,Total,_T,Total,_Z,Not applicable,_Z,Not applicable,Q,Constant prices,2016,,595.84,,2020,,,,,,,,,,0,Units,1,One
DATAFLOW,OECD.ELS.HD:DSD_SHA@DF_SHA(1.1),Health expenditure and financing,I,JPN,Japan,A,Annual,EXP_HEALTH,Expenditure,USD_PPP_PS,"US dollars per person, PPP converted",HF3,Household out-of-pocket payments,_Z,Not application,_T,Total,_T,Total,_T,Total,_Z,Not applicable,_Z,Not applicable,Q,Constant prices,2017,,594.087,,2020,,,,,,,,,,0,Units,1,One
DATAFLOW,OECD.ELS.HD:DSD_SHA@DF_SHA(1.1),Health expenditure and financing,I,JPN,Japan,A,Annual,EXP_HEALTH,Expenditure,USD_PPP_PS,"US dollars per person, PPP converted",HF3,Household out-of-pocket payments,_Z,Not application,_T,Total,_T,Total,_T,Total,_Z,Not applicable,_Z,Not applicable,Q,Constant prices,2018,,616.115,,2020,,,,,,,,,,0,Units,1,One
DATAFLOW,OECD.ELS.HD:DSD_SHA@DF_SHA(1.1),Health expenditure and financing,I,JPN,Japan,A,Annual,EXP_HEALTH,Expenditure,USD_PPP_PS,"US dollars per person, PPP converted",HF3,Household out-of-pocket payments,_Z,Not application,_T,Total,_T,Total,_T,Total,_Z,Not applicable,_Z,Not applicable,Q,Constant prices,2019,,622.681,,2020,,,,,,,,,,0,Units,1,One
DATAFLOW,OECD.ELS.HD:DSD_SHA@DF_SHA(1.1),Health expenditure and financing,I,JPN,Japan,A,Annual,EXP_HEALTH,Expenditure,USD_PPP_PS,"US dollars per person, PPP converted",HF3,Household out-of-pocket payments,_Z,Not application,_T,Total,_T,Total,_T,Total,_Z,Not applicable,_Z,Not applicable,Q,Constant prices,2020,,561.617,,2020,,,,,,,,,,0,Units,1,One
DATAFLOW,OECD.ELS.HD:DSD_SHA@DF_SHA(1.1),Health expenditure and financing,I,JPN,Japan,A,Annual,EXP_HEALTH,Expenditure,USD_PPP_PS,"US dollars per person, PPP converted",HF3,Household out-of-pocket payments,_Z,Not application,_T,Total,_T,Total,_T,Total,_Z,Not applicable,_Z,Not applicable,Q,Constant prices,2021,,568.53,,2020,,,,,,,,,,0,Units,1,One
DATAFLOW,OECD.ELS.HD:DSD_SHA@DF_SHA(1.1),Health expenditure and financing,I,JPN,Japan,A,Annual,EXP_HEALTH,Expenditure,USD_PPP_PS,"US dollars per person, PPP converted",HF3,Household out-of-pocket payments,_Z,Not application,_T,Total,_T,Total,_T,Total,_Z,Not applicable,_Z,Not applicable,Q,Constant prices,2022,,578.76,,2020,,,,,,,,,,0,Units,1,One
DATAFLOW,OECD.ELS.HD:DSD_SHA@DF_SHA(1.1),Health expenditure and financing,I,JPN,Japan,A,Annual,EXP_HEALTH,Expenditure,USD_PPP_PS,"US dollars per person, PPP converted",HF3,Household out-of-pocket payments,_Z,Not application,_T,Total,_T,Total,_T,Total,_Z,Not applicable,_Z,Not applicable,Q,Constant prices,2023,,595.886,,2020,,,,,,,,,,0,Units,1,One
DATAFLOW,OECD.ELS.HD:DSD_SHA@DF_SHA(1.1),Health expenditure and financing,I,JPN,Japan,A,Annual,EXP_HEALTH,Expenditure,USD_PPP_PS,"US dollars per person, PPP converted",HF32,Cost-sharing with third-party payers,_Z,Not application,_T,Total,_T,Total,_T,Total,_Z,Not applicable,_Z,Not applicable,Q,Constant prices,2015,,389.352,,2020,,,,,,,,,,0,Units,1,One
DATAFLOW,OECD.ELS.HD:DSD_SHA@DF_SHA(1.1),Health expenditure and financing,I,JPN,Japan,A,Annual,EXP_HEALTH,Expenditure,USD_PPP_PS,"US dollars per person, PPP converted",HF32,Cost-sharing with third-party payers,_Z,Not application,_T,Total,_T,Total,_T,Total,_Z,Not applicable,_Z,Not applicable,Q,Constant prices,2016,,391.594,,2020,,,,,,,,,,0,Units,1,One
DATAFLOW,OECD.ELS.HD:DSD_SHA@DF_SHA(1.1),Health expenditure and financing,I,JPN,Japan,A,Annual,EXP_HEALTH,Expenditure,USD_PPP_PS,"US dollars per person, PPP converted",HF32,Cost-sharing with third-party payers,_Z,Not application,_T,Total,_T,Total,_T,Total,_Z,Not applicable,_Z,Not applicable,Q,Constant prices,2017,,398.775,,2020,,,,,,,,,,0,Units,1,One
DATAFLOW,OECD.ELS.HD:DSD_SHA@DF_SHA(1.1),Health expenditure and financing,I,JPN,Japan,A,Annual,EXP_HEALTH,Expenditure,USD_PPP_PS,"US dollars per person, PPP converted",HF32,Cost-sharing with third-party payers,_Z,Not application,_T,Total,_T,Total,_T,Total,_Z,Not applicable,_Z,Not applicable,Q,Constant prices,2018,,408.694,,2020,,,,,,,,,,0,Units,1,One
DATAFLOW,OECD.ELS.HD:DSD_SHA@DF_SHA(1.1),Health expenditure and financing,I,JPN,Japan,A,Annual,EXP_HEALTH,Expenditure,USD_PPP_PS,"US dollars per person, PPP converted",HF32,Cost-sharing with third-party payers,_Z,Not application,_T,Total,_T,Total,_T,Total,_Z,Not applicable,_Z,Not applicable,Q,Constant prices,2019,,413.152,,2020,,,,,,,,,,0,Units,1,One
DATAFLOW,OECD.ELS.HD:DSD_SHA@DF_SHA(1.1),Health expenditure and financing,I,JPN,Japan,A,Annual,EXP_HEALTH,Expenditure,USD_PPP_PS,"US dollars per person, PPP converted",HF32,Cost-sharing with third-party payers,_Z,Not application,_T,Total,_T,Total,_T,Total,_Z,Not applicable,_Z,Not applicable,Q,Constant prices,2020,,393.265,,2020,,,,,,,,,,0,Units,1,One
DATAFLOW,OECD.ELS.HD:DSD_SHA@DF_SHA(1.1),Health expenditure and financing,I,JPN,Japan,A,Annual,EXP_HEALTH,Expenditure,USD_PPP_PS,"US dollars per person, PPP converted",HF32,Cost-sharing with third-party payers,_Z,Not application,_T,Total,_T,Total,_T,Total,_Z,Not applicable,_Z,Not applicable,Q,Constant prices,2021,,412.156,,2020,,,,,,,,,,0,Units,1,One
DATAFLOW,OECD.ELS.HD:DSD_SHA@DF_SHA(1.1),Health expenditure and financing,I,JPN,Japan,A,Annual,EXP_HEALTH,Expenditure,USD_PPP_PS,"US dollars per person, PPP converted",HF32,Cost-sharing with third-party payers,_Z,Not application,_T,Total,_T,Total,_T,Total,_Z,Not applicable,_Z,Not applicable,Q,Constant prices,2022,,421.285,,2020,,,,,,,,,,0,Units,1,One
DATAFLOW,OECD.ELS.HD:DSD_SHA@DF_SHA(1.1),Health expenditure and financing,I,JPN,Japan,A,Annual,EXP_HEALTH,Expenditure,USD_PPP_PS,"US dollars per person, PPP converted",HF32,Cost-sharing with third-party payers,_Z,Not application,_T,Total,_T,Total,_T,Total,_Z,Not applicable,_Z,Not applicable,Q,Constant prices,2023,,432.451,,2020,,,,,,,,,,0,Units,1,One
DATAFLOW,OECD.ELS.HD:DSD_SHA@DF_SHA(1.1),Health expenditure and financing,I,JPN,Japan,A,Annual,EXP_HEALTH,Expenditure,USD_PPP_PS,"US dollars per person, PPP converted",HF2,Voluntary healthcare payment schemes,_Z,Not application,_T,Total,_T,Total,_T,Total,_Z,Not applicable,_Z,Not applicable,Q,Constant prices,2015,,136.756,,2020,,,,,,,,,,0,Units,1,One
DATAFLOW,OECD.ELS.HD:DSD_SHA@DF_SHA(1.1),Health expenditure and financing,I,JPN,Japan,A,Annual,EXP_HEALTH,Expenditure,USD_PPP_PS,"US dollars per person, PPP converted",HF2,Voluntary healthcare payment schemes,_Z,Not application,_T,Total,_T,Total,_T,Total,_Z,Not applicable,_Z,Not applicable,Q,Constant prices,2016,,144.083,,2020,,,,,,,,,,0,Units,1,One
DATAFLOW,OECD.ELS.HD:DSD_SHA@DF_SHA(1.1),Health expenditure and financing,I,JPN,Japan,A,Annual,EXP_HEALTH,Expenditure,USD_PPP_PS,"US dollars per person, PPP converted",HF2,Voluntary healthcare payment schemes,_Z,Not application,_T,Total,_T,Total,_T,Total,_Z,Not applicable,_Z,Not applicable,Q,Constant prices,2017,,146.956,,2020,,,,,,,,,,0,Units,1,One
DATAFLOW,OECD.ELS.HD:DSD_SHA@DF_SHA(1.1),Health expenditure and financing,I,JPN,Japan,A,Annual,EXP_HEALTH,Expenditure,USD_PPP_PS,"US dollars per person, PPP converted",HF2,Voluntary healthcare payment schemes,_Z,Not application,_T,Total,_T,Total,_T,Total,_Z,Not applicable,_Z,Not applicable,Q,Constant prices,2018,,153.357,,2020,,,,,,,,,,0,Units,1,One
DATAFLOW,OECD.ELS.HD:DSD_SHA@DF_SHA(1.1),Health expenditure and financing,I,JPN,Japan,A,Annual,EXP_HEALTH,Expenditure,USD_PPP_PS,"US dollars per person, PPP converted",HF2,Voluntary healthcare payment schemes,_Z,Not application,_T,Total,_T,Total,_T,Total,_Z,Not applicable,_Z,Not applicable,Q,Constant prices,2019,,151.27,,2020,,,,,,,,,,0,Units,1,One
DATAFLOW,OECD.ELS.HD:DSD_SHA@DF_SHA(1.1),Health expenditure and financing,I,JPN,Japan,A,Annual,EXP_HEALTH,Expenditure,USD_PPP_PS,"US dollars per person, PPP converted",HF2,Voluntary healthcare payment schemes,_Z,Not application,_T,Total,_T,Total,_T,Total,_Z,Not applicable,_Z,Not applicable,Q,Constant prices,2020,,149.369,,2020,,,,,,,,,,0,Units,1,One
DATAFLOW,OECD.ELS.HD:DSD_SHA@DF_SHA(1.1),Health expenditure and financing,I,JPN,Japan,A,Annual,EXP_HEALTH,Expenditure,USD_PPP_PS,"US dollars per person, PPP converted",HF2,Voluntary healthcare payment schemes,_Z,Not application,_T,Total,_T,Total,_T,Total,_Z,Not applicable,_Z,Not applicable,Q,Constant prices,2021,,149.294,,2020,,,,,,,,,,0,Units,1,One
DATAFLOW,OECD.ELS.HD:DSD_SHA@DF_SHA(1.1),Health expenditure and financing,I,JPN,Japan,A,Annual,EXP_HEALTH,Expenditure,USD_PPP_PS,"US dollars per person, PPP converted",HF2,Voluntary healthcare payment schemes,_Z,Not application,_T,Total,_T,Total,_T,Total,_Z,Not applicable,_Z,Not applicable,Q,Constant prices,2022,,149.986,,2020,,,,,,,,,,0,Units,1,One
DATAFLOW,OECD.ELS.HD:DSD_SHA@DF_SHA(1.1),Health expenditure and financing,I,JPN,Japan,A,Annual,EXP_HEALTH,Expenditure,USD_PPP_PS,"US dollars per person, PPP converted",HF2,Voluntary healthcare payment schemes,_Z,Not application,_T,Total,_T,Total,_T,Total,_Z,Not applicable,_Z,Not applicable,Q,Constant prices,2023,,139.88,,2020,,,,,,,,,,0,Units,1,One
DATAFLOW,OECD.ELS.HD:DSD_SHA@DF_SHA(1.1),Health expenditure and financing,I,JPN,Japan,A,Annual,EXP_HEALTH,Expenditure,USD_PPP_PS,"US dollars per person, PPP converted",HF21,Voluntary health insurance schemes,_Z,Not application,_T,Total,_T,Total,_T,Total,_Z,Not applicable,_Z,Not applicable,Q,Constant prices,2015,,100.611,,2020,,,,,,,,,,0,Units,1,One
DATAFLOW,OECD.ELS.HD:DSD_SHA@DF_SHA(1.1),Health expenditure and financing,I,JPN,Japan,A,Annual,EXP_HEALTH,Expenditure,USD_PPP_PS,"US dollars per person, PPP converted",HF21,Voluntary health insurance schemes,_Z,Not application,_T,Total,_T,Total,_T,Total,_Z,Not applicable,_Z,Not applicable,Q,Constant prices,2016,,104.242,,2020,,,,,,,,,,0,Units,1,One
DATAFLOW,OECD.ELS.HD:DSD_SHA@DF_SHA(1.1),Health expenditure and financing,I,JPN,Japan,A,Annual,EXP_HEALTH,Expenditure,USD_PPP_PS,"US dollars per person, PPP converted",HF21,Voluntary health insurance schemes,_Z,Not application,_T,Total,_T,Total,_T,Total,_Z,Not applicable,_Z,Not applicable,Q,Constant prices,2017,,106.428,,2020,,,,,,,,,,0,Units,1,One
DATAFLOW,OECD.ELS.HD:DSD_SHA@DF_SHA(1.1),Health expenditure and financing,I,JPN,Japan,A,Annual,EXP_HEALTH,Expenditure,USD_PPP_PS,"US dollars per person, PPP converted",HF21,Voluntary health insurance schemes,_Z,Not application,_T,Total,_T,Total,_T,Total,_Z,Not applicable,_Z,Not applicable,Q,Constant prices,2018,,109.169,,2020,,,,,,,,,,0,Units,1,One
DATAFLOW,OECD.ELS.HD:DSD_SHA@DF_SHA(1.1),Health expenditure and financing,I,JPN,Japan,A,Annual,EXP_HEALTH,Expenditure,USD_PPP_PS,"US dollars per person, PPP converted",HF21,Voluntary health insurance schemes,_Z,Not application,_T,Total,_T,Total,_T,Total,_Z,Not applicable,_Z,Not applicable,Q,Constant prices,2019,,108.132,,2020,,,,,,,,,,0,Units,1,One
DATAFLOW,OECD.ELS.HD:DSD_SHA@DF_SHA(1.1),Health expenditure and financing,I,JPN,Japan,A,Annual,EXP_HEALTH,Expenditure,USD_PPP_PS,"US dollars per person, PPP converted",HF21,Voluntary health insurance schemes,_Z,Not application,_T,Total,_T,Total,_T,Total,_Z,Not applicable,_Z,Not applicable,Q,Constant prices,2020,,106.394,,2020,,,,,,,,,,0,Units,1,One
DATAFLOW,OECD.ELS.HD:DSD_SHA@DF_SHA(1.1),Health expenditure and financing,I,JPN,Japan,A,Annual,EXP_HEALTH,Expenditure,USD_PPP_PS,"US dollars per person, PPP converted",HF21,Voluntary health insurance schemes,_Z,Not application,_T,Total,_T,Total,_T,Total,_Z,Not applicable,_Z,Not applicable,Q,Constant prices,2021,,106.454,,2020,,,,,,,,,,0,Units,1,One
DATAFLOW,OECD.ELS.HD:DSD_SHA@DF_SHA(1.1),Health expenditure and financing,I,JPN,Japan,A,Annual,EXP_HEALTH,Expenditure,USD_PPP_PS,"US dollars per person, PPP converted",HF21,Voluntary health insurance schemes,_Z,Not application,_T,Total,_T,Total,_T,Total,_Z,Not applicable,_Z,Not applicable,Q,Constant prices,2022,,108.101,,2020,,,,,,,,,,0,Units,1,One
DATAFLOW,OECD.ELS.HD:DSD_SHA@DF_SHA(1.1),Health expenditure and financing,I,JPN,Japan,A,Annual,EXP_HEALTH,Expenditure,USD_PPP_PS,"US dollars per person, PPP converted",HF21,Voluntary health insurance schemes,_Z,Not application,_T,Total,_T,Total,_T,Total,_Z,Not applicable,_Z,Not applicable,Q,Constant prices,2023,,99.018,,2020,,,,,,,,,,0,Units,1,One
DATAFLOW,OECD.ELS.HD:DSD_SHA@DF_SHA(1.1),Health expenditure and financing,I,JPN,Japan,A,Annual,EXP_HEALTH,Expenditure,USD_PPP_PS,"US dollars per person, PPP converted",HF31,Out-of-pocket excluding cost-sharing,_Z,Not application,_T,Total,_T,Total,_T,Total,_Z,Not applicable,_Z,Not applicable,Q,Constant prices,2015,,206.967,,2020,,,,,,,,,,0,Units,1,One
DATAFLOW,OECD.ELS.HD:DSD_SHA@DF_SHA(1.1),Health expenditure and financing,I,JPN,Japan,A,Annual,EXP_HEALTH,Expenditure,USD_PPP_PS,"US dollars per person, PPP converted",HF31,Out-of-pocket excluding cost-sharing,_Z,Not application,_T,Total,_T,Total,_T,Total,_Z,Not applicable,_Z,Not applicable,Q,Constant prices,2016,,204.246,,2020,,,,,,,,,,0,Units,1,One
DATAFLOW,OECD.ELS.HD:DSD_SHA@DF_SHA(1.1),Health expenditure and financing,I,JPN,Japan,A,Annual,EXP_HEALTH,Expenditure,USD_PPP_PS,"US dollars per person, PPP converted",HF31,Out-of-pocket excluding cost-sharing,_Z,Not application,_T,Total,_T,Total,_T,Total,_Z,Not applicable,_Z,Not applicable,Q,Constant prices,2017,,195.312,,2020,,,,,,,,,,0,Units,1,One
DATAFLOW,OECD.ELS.HD:DSD_SHA@DF_SHA(1.1),Health expenditure and financing,I,JPN,Japan,A,Annual,EXP_HEALTH,Expenditure,USD_PPP_PS,"US dollars per person, PPP converted",HF31,Out-of-pocket excluding cost-sharing,_Z,Not application,_T,Total,_T,Total,_T,Total,_Z,Not applicable,_Z,Not applicable,Q,Constant prices,2018,,207.421,,2020,,,,,,,,,,0,Units,1,One
DATAFLOW,OECD.ELS.HD:DSD_SHA@DF_SHA(1.1),Health expenditure and financing,I,JPN,Japan,A,Annual,EXP_HEALTH,Expenditure,USD_PPP_PS,"US dollars per person, PPP converted",HF31,Out-of-pocket excluding cost-sharing,_Z,Not application,_T,Total,_T,Total,_T,Total,_Z,Not applicable,_Z,Not applicable,Q,Constant prices,2019,,209.529,,2020,,,,,,,,,,0,Units,1,One
DATAFLOW,OECD.ELS.HD:DSD_SHA@DF_SHA(1.1),Health expenditure and financing,I,JPN,Japan,A,Annual,EXP_HEALTH,Expenditure,USD_PPP_PS,"US dollars per person, PPP converted",HF31,Out-of-pocket excluding cost-sharing,_Z,Not application,_T,Total,_T,Total,_T,Total,_Z,Not applicable,_Z,Not applicable,Q,Constant prices,2020,,168.352,,2020,,,,,,,,,,0,Units,1,One
DATAFLOW,OECD.ELS.HD:DSD_SHA@DF_SHA(1.1),Health expenditure and financing,I,JPN,Japan,A,Annual,EXP_HEALTH,Expenditure,USD_PPP_PS,"US dollars per person, PPP converted",HF31,Out-of-pocket excluding cost-sharing,_Z,Not application,_T,Total,_T,Total,_T,Total,_Z,Not applicable,_Z,Not applicable,Q,Constant prices,2021,,156.375,,2020,,,,,,,,,,0,Units,1,One
DATAFLOW,OECD.ELS.HD:DSD_SHA@DF_SHA(1.1),Health expenditure and financing,I,JPN,Japan,A,Annual,EXP_HEALTH,Expenditure,USD_PPP_PS,"US dollars per person, PPP converted",HF31,Out-of-pocket excluding cost-sharing,_Z,Not application,_T,Total,_T,Total,_T,Total,_Z,Not applicable,_Z,Not applicable,Q,Constant prices,2022,,157.475,,2020,,,,,,,,,,0,Units,1,One
DATAFLOW,OECD.ELS.HD:DSD_SHA@DF_SHA(1.1),Health expenditure and financing,I,JPN,Japan,A,Annual,EXP_HEALTH,Expenditure,USD_PPP_PS,"US dollars per person, PPP converted",HF31,Out-of-pocket excluding cost-sharing,_Z,Not application,_T,Total,_T,Total,_T,Total,_Z,Not applicable,_Z,Not applicable,Q,Constant prices,2023,,163.435,,2020,,,,,,,,,,0,Units,1,One
DATAFLOW,OECD.ELS.HD:DSD_SHA@DF_SHA(1.1),Health expenditure and financing,I,JPN,Japan,A,Annual,EXP_HEALTH,Expenditure,USD_PPP_PS,"US dollars per person, PPP converted",HF121,Social health insurance schemes,_Z,Not application,_T,Total,_T,Total,_T,Total,_Z,Not applicable,_Z,Not applicable,Q,Constant prices,2015,,3485.225,,2020,,,,,,,,,,0,Units,1,One
DATAFLOW,OECD.ELS.HD:DSD_SHA@DF_SHA(1.1),Health expenditure and financing,I,JPN,Japan,A,Annual,EXP_HEALTH,Expenditure,USD_PPP_PS,"US dollars per person, PPP converted",HF121,Social health insurance schemes,_Z,Not application,_T,Total,_T,Total,_T,Total,_Z,Not applicable,_Z,Not applicable,Q,Constant prices,2017,,3557.264,,2020,,,,,,,,,,0,Units,1,One
DATAFLOW,OECD.ELS.HD:DSD_SHA@DF_SHA(1.1),Health expenditure and financing,I,JPN,Japan,A,Annual,EXP_HEALTH,Expenditure,USD_PPP_PS,"US dollars per person, PPP converted",HF121,Social health insurance schemes,_Z,Not application,_T,Total,_T,Total,_T,Total,_Z,Not applicable,_Z,Not applicable,Q,Constant prices,2019,,3660.952,,2020,,,,,,,,,,0,Units,1,One
DATAFLOW,OECD.ELS.HD:DSD_SHA@DF_SHA(1.1),Health expenditure and financing,I,JPN,Japan,A,Annual,EXP_HEALTH,Expenditure,USD_PPP_PS,"US dollars per person, PPP converted",HF121,Social health insurance schemes,_Z,Not application,_T,Total,_T,Total,_T,Total,_Z,Not applicable,_Z,Not applicable,Q,Constant prices,2020,,3573.852,,2020,,,,,,,,,,0,Units,1,One
DATAFLOW,OECD.ELS.HD:DSD_SHA@DF_SHA(1.1),Health expenditure and financing,I,JPN,Japan,A,Annual,EXP_HEALTH,Expenditure,USD_PPP_PS,"US dollars per person, PPP converted",HF121,Social health insurance schemes,_Z,Not application,_T,Total,_T,Total,_T,Total,_Z,Not applicable,_Z,Not applicable,Q,Constant prices,2021,,3733.167,,2020,,,,,,,,,,0,Units,1,One
DATAFLOW,OECD.ELS.HD:DSD_SHA@DF_SHA(1.1),Health expenditure and financing,I,JPN,Japan,A,Annual,EXP_HEALTH,Expenditure,USD_PPP_PS,"US dollars per person, PPP converted",HF121,Social health insurance schemes,_Z,Not application,_T,Total,_T,Total,_T,Total,_Z,Not applicable,_Z,Not applicable,Q,Constant prices,2022,,3764.226,,2020,,,,,,,,,,0,Units,1,One
DATAFLOW,OECD.ELS.HD:DSD_SHA@DF_SHA(1.1),Health expenditure and financing,I,JPN,Japan,A,Annual,EXP_HEALTH,Expenditure,USD_PPP_PS,"US dollars per person, PPP converted",HF121,Social health insurance schemes,_Z,Not application,_T,Total,_T,Total,_T,Total,_Z,Not applicable,_Z,Not applicable,Q,Constant prices,2023,,3777.809,,2020,,,,,,,,,,0,Units,1,One
DATAFLOW,OECD.ELS.HD:DSD_SHA@DF_SHA(1.1),Health expenditure and financing,I,JPN,Japan,A,Annual,EXP_HEALTH,Expenditure,USD_PPP_PS,"US dollars per person, PPP converted",HF23,Enterprise financing schemes,_Z,Not application,_T,Total,_T,Total,_T,Total,_Z,Not applicable,_Z,Not applicable,Q,Constant prices,2015,,36.146,,2020,,,,,,,,,,0,Units,1,One
DATAFLOW,OECD.ELS.HD:DSD_SHA@DF_SHA(1.1),Health expenditure and financing,I,JPN,Japan,A,Annual,EXP_HEALTH,Expenditure,USD_PPP_PS,"US dollars per person, PPP converted",HF23,Enterprise financing schemes,_Z,Not application,_T,Total,_T,Total,_T,Total,_Z,Not applicable,_Z,Not applicable,Q,Constant prices,2016,,39.841,,2020,,,,,,,,,,0,Units,1,One
DATAFLOW,OECD.ELS.HD:DSD_SHA@DF_SHA(1.1),Health expenditure and financing,I,JPN,Japan,A,Annual,EXP_HEALTH,Expenditure,USD_PPP_PS,"US dollars per person, PPP converted",HF23,Enterprise financing schemes,_Z,Not application,_T,Total,_T,Total,_T,Total,_Z,Not applicable,_Z,Not applicable,Q,Constant prices,2017,,40.528,,2020,,,,,,,,,,0,Units,1,One
DATAFLOW,OECD.ELS.HD:DSD_SHA@DF_SHA(1.1),Health expenditure and financing,I,JPN,Japan,A,Annual,EXP_HEALTH,Expenditure,USD_PPP_PS,"US dollars per person, PPP converted",HF23,Enterprise financing schemes,_Z,Not application,_T,Total,_T,Total,_T,Total,_Z,Not applicable,_Z,Not applicable,Q,Constant prices,2018,,44.188,,2020,,,,,,,,,,0,Units,1,One
DATAFLOW,OECD.ELS.HD:DSD_SHA@DF_SHA(1.1),Health expenditure and financing,I,JPN,Japan,A,Annual,EXP_HEALTH,Expenditure,USD_PPP_PS,"US dollars per person, PPP converted",HF23,Enterprise financing schemes,_Z,Not application,_T,Total,_T,Total,_T,Total,_Z,Not applicable,_Z,Not applicable,Q,Constant prices,2019,,43.138,,2020,,,,,,,,,,0,Units,1,One
DATAFLOW,OECD.ELS.HD:DSD_SHA@DF_SHA(1.1),Health expenditure and financing,I,JPN,Japan,A,Annual,EXP_HEALTH,Expenditure,USD_PPP_PS,"US dollars per person, PPP converted",HF23,Enterprise financing schemes,_Z,Not application,_T,Total,_T,Total,_T,Total,_Z,Not applicable,_Z,Not applicable,Q,Constant prices,2020,,42.975,,2020,,,,,,,,,,0,Units,1,One
DATAFLOW,OECD.ELS.HD:DSD_SHA@DF_SHA(1.1),Health expenditure and financing,I,JPN,Japan,A,Annual,EXP_HEALTH,Expenditure,USD_PPP_PS,"US dollars per person, PPP converted",HF23,Enterprise financing schemes,_Z,Not application,_T,Total,_T,Total,_T,Total,_Z,Not applicable,_Z,Not applicable,Q,Constant prices,2021,,42.841,,2020,,,,,,,,,,0,Units,1,One
DATAFLOW,OECD.ELS.HD:DSD_SHA@DF_SHA(1.1),Health expenditure and financing,I,JPN,Japan,A,Annual,EXP_HEALTH,Expenditure,USD_PPP_PS,"US dollars per person, PPP converted",HF23,Enterprise financing schemes,_Z,Not application,_T,Total,_T,Total,_T,Total,_Z,Not applicable,_Z,Not applicable,Q,Constant prices,2022,,41.885,,2020,,,,,,,,,,0,Units,1,One
DATAFLOW,OECD.ELS.HD:DSD_SHA@DF_SHA(1.1),Health expenditure and financing,I,JPN,Japan,A,Annual,EXP_HEALTH,Expenditure,USD_PPP_PS,"US dollars per person, PPP converted",HF23,Enterprise financing schemes,_Z,Not application,_T,Total,_T,Total,_T,Total,_Z,Not applicable,_Z,Not applicable,Q,Constant prices,2023,,40.862,,2020,,,,,,,,,,0,Units,1,One
DATAFLOW,OECD.ELS.HD:DSD_SHA@DF_SHA(1.1),Health expenditure and financing,I,ITA,Italy,A,Annual,EXP_HEALTH,Expenditure,USD_PPP_PS,"US dollars per person, PPP converted",HF121,Social health insurance schemes,_Z,Not application,_T,Total,_T,Total,_T,Total,_Z,Not applicable,_Z,Not applicable,Q,Constant prices,2024,,7.585,,2020,,,,,,,,,,0,Units,1,One
DATAFLOW,OECD.ELS.HD:DSD_SHA@DF_SHA(1.1),Health expenditure and financing,I,ITA,Italy,A,Annual,EXP_HEALTH,Expenditure,USD_PPP_PS,"US dollars per person, PPP converted",_T,Total,_Z,Not application,_T,Total,_T,Total,_T,Total,_Z,Not applicable,_Z,Not applicable,Q,Constant prices,2024,,4130.278,,2020,,,,,,,,,,0,Units,1,One
DATAFLOW,OECD.ELS.HD:DSD_SHA@DF_SHA(1.1),Health expenditure and financing,I,ITA,Italy,A,Annual,EXP_HEALTH,Expenditure,USD_PPP_PS,"US dollars per person, PPP converted",HF21,Voluntary health insurance schemes,_Z,Not application,_T,Total,_T,Total,_T,Total,_Z,Not applicable,_Z,Not applicable,Q,Constant prices,2024,,104.106,,2020,,,,,,,,,,0,Units,1,One
DATAFLOW,OECD.ELS.HD:DSD_SHA@DF_SHA(1.1),Health expenditure and financing,I,ITA,Italy,A,Annual,EXP_HEALTH,Expenditure,USD_PPP_PS,"US dollars per person, PPP converted",HF11,Government schemes,_Z,Not application,_T,Total,_T,Total,_T,Total,_Z,Not applicable,_Z,Not applicable,Q,Constant prices,2024,,3033.28,,2020,,,,,,,,,,0,Units,1,One
DATAFLOW,OECD.ELS.HD:DSD_SHA@DF_SHA(1.1),Health expenditure and financing,I,ITA,Italy,A,Annual,EXP_HEALTH,Expenditure,USD_PPP_PS,"US dollars per person, PPP converted",HF12HF13,Compulsory contributory health insurance schemes,_Z,Not application,_T,Total,_T,Total,_T,Total,_Z,Not applicable,_Z,Not applicable,Q,Constant prices,2024,,7.585,,2020,,,,,,,,,,0,Units,1,One
DATAFLOW,OECD.ELS.HD:DSD_SHA@DF_SHA(1.1),Health expenditure and financing,I,ITA,Italy,A,Annual,EXP_HEALTH,Expenditure,USD_PPP_PS,"US dollars per person, PPP converted",HF22,NPISH financing schemes,_Z,Not application,_T,Total,_T,Total,_T,Total,_Z,Not applicable,_Z,Not applicable,Q,Constant prices,2024,,14.926,,2020,,,,,,,,,,0,Units,1,One
DATAFLOW,OECD.ELS.HD:DSD_SHA@DF_SHA(1.1),Health expenditure and financing,I,ITA,Italy,A,Annual,EXP_HEALTH,Expenditure,USD_PPP_PS,"US dollars per person, PPP converted",HF2,Voluntary healthcare payment schemes,_Z,Not application,_T,Total,_T,Total,_T,Total,_Z,Not applicable,_Z,Not applicable,Q,Constant prices,2024,,140.368,,2020,,,,,,,,,,0,Units,1,One
DATAFLOW,OECD.ELS.HD:DSD_SHA@DF_SHA(1.1),Health expenditure and financing,I,ITA,Italy,A,Annual,EXP_HEALTH,Expenditure,USD_PPP_PS,"US dollars per person, PPP converted",HF23,Enterprise financing schemes,_Z,Not application,_T,Total,_T,Total,_T,Total,_Z,Not applicable,_Z,Not applicable,Q,Constant prices,2024,,21.336,,2020,,,,,,,,,,0,Units,1,One
DATAFLOW,OECD.ELS.HD:DSD_SHA@DF_SHA(1.1),Health expenditure and financing,I,ITA,Italy,A,Annual,EXP_HEALTH,Expenditure,USD_PPP_PS,"US dollars per person, PPP converted",HF3,Household out-of-pocket payments,_Z,Not application,_T,Total,_T,Total,_T,Total,_Z,Not applicable,_Z,Not applicable,Q,Constant prices,2024,,949.045,,2020,,,,,,,,,,0,Units,1,One
DATAFLOW,OECD.ELS.HD:DSD_SHA@DF_SHA(1.1),Health expenditure and financing,I,ITA,Italy,A,Annual,EXP_HEALTH,Expenditure,USD_PPP_PS,"US dollars per person, PPP converted",HF2HF3,Voluntary schemes/household out-of-pocket payments,_Z,Not application,_T,Total,_T,Total,_T,Total,_Z,Not applicable,_Z,Not applicable,Q,Constant prices,2024,,1089.413,,2020,,,,,,,,,,0,Units,1,One
DATAFLOW,OECD.ELS.HD:DSD_SHA@DF_SHA(1.1),Health expenditure and financing,I,ITA,Italy,A,Annual,EXP_HEALTH,Expenditure,USD_PPP_PS,"US dollars per person, PPP converted",HF1,Government/compulsory schemes,_Z,Not application,_T,Total,_T,Total,_T,Total,_Z,Not applicable,_Z,Not applicable,Q,Constant prices,2024,,3040.865,,2020,,,,,,,,,,0,Units,1,One
DATAFLOW,OECD.ELS.HD:DSD_SHA@DF_SHA(1.1),Health expenditure and financing,I,ITA,Italy,A,Annual,EXP_HEALTH,Expenditure,USD_PPP_PS,"US dollars per person, PPP converted",HF121,Social health insurance schemes,_Z,Not application,_T,Total,_T,Total,_T,Total,_Z,Not applicable,_Z,Not applicable,Q,Constant prices,2021,,6.791,,2020,,,,,,,,,,0,Units,1,One
DATAFLOW,OECD.ELS.HD:DSD_SHA@DF_SHA(1.1),Health expenditure and financing,I,ITA,Italy,A,Annual,EXP_HEALTH,Expenditure,USD_PPP_PS,"US dollars per person, PPP converted",HF1,Government/compulsory schemes,_Z,Not application,_T,Total,_T,Total,_T,Total,_Z,Not applicable,_Z,Not applicable,Q,Constant prices,2023,,2955.022,,2020,,,,,,,,,,0,Units,1,One
DATAFLOW,OECD.ELS.HD:DSD_SHA@DF_SHA(1.1),Health expenditure and financing,I,ITA,Italy,A,Annual,EXP_HEALTH,Expenditure,USD_PPP_PS,"US dollars per person, PPP converted",HF2HF3,Voluntary schemes/household out-of-pocket payments,_Z,Not application,_T,Total,_T,Total,_T,Total,_Z,Not applicable,_Z,Not applicable,Q,Constant prices,2023,,1091.839,,2020,,,,,,,,,,0,Units,1,One
DATAFLOW,OECD.ELS.HD:DSD_SHA@DF_SHA(1.1),Health expenditure and financing,I,ITA,Italy,A,Annual,EXP_HEALTH,Expenditure,USD_PPP_PS,"US dollars per person, PPP converted",HF3,Household out-of-pocket payments,_Z,Not application,_T,Total,_T,Total,_T,Total,_Z,Not applicable,_Z,Not applicable,Q,Constant prices,2023,,959.045,,2020,,,,,,,,,,0,Units,1,One
DATAFLOW,OECD.ELS.HD:DSD_SHA@DF_SHA(1.1),Health expenditure and financing,I,ITA,Italy,A,Annual,EXP_HEALTH,Expenditure,USD_PPP_PS,"US dollars per person, PPP converted",HF23,Enterprise financing schemes,_Z,Not application,_T,Total,_T,Total,_T,Total,_Z,Not applicable,_Z,Not applicable,Q,Constant prices,2023,,20.748,,2020,,,,,,,,,,0,Units,1,One
DATAFLOW,OECD.ELS.HD:DSD_SHA@DF_SHA(1.1),Health expenditure and financing,I,ITA,Italy,A,Annual,EXP_HEALTH,Expenditure,USD_PPP_PS,"US dollars per person, PPP converted",HF2,Voluntary healthcare payment schemes,_Z,Not application,_T,Total,_T,Total,_T,Total,_Z,Not applicable,_Z,Not applicable,Q,Constant prices,2023,,132.794,,2020,,,,,,,,,,0,Units,1,One
DATAFLOW,OECD.ELS.HD:DSD_SHA@DF_SHA(1.1),Health expenditure and financing,I,ITA,Italy,A,Annual,EXP_HEALTH,Expenditure,USD_PPP_PS,"US dollars per person, PPP converted",HF22,NPISH financing schemes,_Z,Not application,_T,Total,_T,Total,_T,Total,_Z,Not applicable,_Z,Not applicable,Q,Constant prices,2023,,14.788,,2020,,,,,,,,,,0,Units,1,One
DATAFLOW,OECD.ELS.HD:DSD_SHA@DF_SHA(1.1),Health expenditure and financing,I,ITA,Italy,A,Annual,EXP_HEALTH,Expenditure,USD_PPP_PS,"US dollars per person, PPP converted",HF12HF13,Compulsory contributory health insurance schemes,_Z,Not application,_T,Total,_T,Total,_T,Total,_Z,Not applicable,_Z,Not applicable,Q,Constant prices,2023,,7.811,,2020,,,,,,,,,,0,Units,1,One
DATAFLOW,OECD.ELS.HD:DSD_SHA@DF_SHA(1.1),Health expenditure and financing,I,ITA,Italy,A,Annual,EXP_HEALTH,Expenditure,USD_PPP_PS,"US dollars per person, PPP converted",HF11,Government schemes,_Z,Not application,_T,Total,_T,Total,_T,Total,_Z,Not applicable,_Z,Not applicable,Q,Constant prices,2023,,2947.211,,2020,,,,,,,,,,0,Units,1,One
DATAFLOW,OECD.ELS.HD:DSD_SHA@DF_SHA(1.1),Health expenditure and financing,I,ITA,Italy,A,Annual,EXP_HEALTH,Expenditure,USD_PPP_PS,"US dollars per person, PPP converted",HF21,Voluntary health insurance schemes,_Z,Not application,_T,Total,_T,Total,_T,Total,_Z,Not applicable,_Z,Not applicable,Q,Constant prices,2023,,97.259,,2020,,,,,,,,,,0,Units,1,One
DATAFLOW,OECD.ELS.HD:DSD_SHA@DF_SHA(1.1),Health expenditure and financing,I,ITA,Italy,A,Annual,EXP_HEALTH,Expenditure,USD_PPP_PS,"US dollars per person, PPP converted",_T,Total,_Z,Not application,_T,Total,_T,Total,_T,Total,_Z,Not applicable,_Z,Not applicable,Q,Constant prices,2023,,4046.861,,2020,,,,,,,,,,0,Units,1,One
DATAFLOW,OECD.ELS.HD:DSD_SHA@DF_SHA(1.1),Health expenditure and financing,I,ITA,Italy,A,Annual,EXP_HEALTH,Expenditure,USD_PPP_PS,"US dollars per person, PPP converted",HF121,Social health insurance schemes,_Z,Not application,_T,Total,_T,Total,_T,Total,_Z,Not applicable,_Z,Not applicable,Q,Constant prices,2023,,7.811,,2020,,,,,,,,,,0,Units,1,One
DATAFLOW,OECD.ELS.HD:DSD_SHA@DF_SHA(1.1),Health expenditure and financing,I,ITA,Italy,A,Annual,EXP_HEALTH,Expenditure,USD_PPP_PS,"US dollars per person, PPP converted",HF121,Social health insurance schemes,_Z,Not application,_T,Total,_T,Total,_T,Total,_Z,Not applicable,_Z,Not applicable,Q,Constant prices,2022,,7.418,,2020,,,,,,,,,,0,Units,1,One
DATAFLOW,OECD.ELS.HD:DSD_SHA@DF_SHA(1.1),Health expenditure and financing,I,ITA,Italy,A,Annual,EXP_HEALTH,Expenditure,USD_PPP_PS,"US dollars per person, PPP converted",_T,Total,_Z,Not application,_T,Total,_T,Total,_T,Total,_Z,Not applicable,_Z,Not applicable,Q,Constant prices,2022,,4164.445,,2020,,,,,,,,,,0,Units,1,One
DATAFLOW,OECD.ELS.HD:DSD_SHA@DF_SHA(1.1),Health expenditure and financing,I,ITA,Italy,A,Annual,EXP_HEALTH,Expenditure,USD_PPP_PS,"US dollars per person, PPP converted",HF21,Voluntary health insurance schemes,_Z,Not application,_T,Total,_T,Total,_T,Total,_Z,Not applicable,_Z,Not applicable,Q,Constant prices,2022,,89.043,,2020,,,,,,,,,,0,Units,1,One
DATAFLOW,OECD.ELS.HD:DSD_SHA@DF_SHA(1.1),Health expenditure and financing,I,ITA,Italy,A,Annual,EXP_HEALTH,Expenditure,USD_PPP_PS,"US dollars per person, PPP converted",HF11,Government schemes,_Z,Not application,_T,Total,_T,Total,_T,Total,_Z,Not applicable,_Z,Not applicable,Q,Constant prices,2022,,3062.21,,2020,,,,,,,,,,0,Units,1,One
DATAFLOW,OECD.ELS.HD:DSD_SHA@DF_SHA(1.1),Health expenditure and financing,I,ITA,Italy,A,Annual,EXP_HEALTH,Expenditure,USD_PPP_PS,"US dollars per person, PPP converted",HF12HF13,Compulsory contributory health insurance schemes,_Z,Not application,_T,Total,_T,Total,_T,Total,_Z,Not applicable,_Z,Not applicable,Q,Constant prices,2022,,7.418,,2020,,,,,,,,,,0,Units,1,One
DATAFLOW,OECD.ELS.HD:DSD_SHA@DF_SHA(1.1),Health expenditure and financing,I,ITA,Italy,A,Annual,EXP_HEALTH,Expenditure,USD_PPP_PS,"US dollars per person, PPP converted",HF22,NPISH financing schemes,_Z,Not application,_T,Total,_T,Total,_T,Total,_Z,Not applicable,_Z,Not applicable,Q,Constant prices,2022,,14.648,,2020,,,,,,,,,,0,Units,1,One
DATAFLOW,OECD.ELS.HD:DSD_SHA@DF_SHA(1.1),Health expenditure and financing,I,ITA,Italy,A,Annual,EXP_HEALTH,Expenditure,USD_PPP_PS,"US dollars per person, PPP converted",HF2,Voluntary healthcare payment schemes,_Z,Not application,_T,Total,_T,Total,_T,Total,_Z,Not applicable,_Z,Not applicable,Q,Constant prices,2022,,123.638,,2020,,,,,,,,,,0,Units,1,One
DATAFLOW,OECD.ELS.HD:DSD_SHA@DF_SHA(1.1),Health expenditure and financing,I,ITA,Italy,A,Annual,EXP_HEALTH,Expenditure,USD_PPP_PS,"US dollars per person, PPP converted",HF23,Enterprise financing schemes,_Z,Not application,_T,Total,_T,Total,_T,Total,_Z,Not applicable,_Z,Not applicable,Q,Constant prices,2022,,19.947,,2020,,,,,,,,,,0,Units,1,One
DATAFLOW,OECD.ELS.HD:DSD_SHA@DF_SHA(1.1),Health expenditure and financing,I,ITA,Italy,A,Annual,EXP_HEALTH,Expenditure,USD_PPP_PS,"US dollars per person, PPP converted",HF3,Household out-of-pocket payments,_Z,Not application,_T,Total,_T,Total,_T,Total,_Z,Not applicable,_Z,Not applicable,Q,Constant prices,2022,,971.179,,2020,,,,,,,,,,0,Units,1,One
DATAFLOW,OECD.ELS.HD:DSD_SHA@DF_SHA(1.1),Health expenditure and financing,I,ITA,Italy,A,Annual,EXP_HEALTH,Expenditure,USD_PPP_PS,"US dollars per person, PPP converted",HF2HF3,Voluntary schemes/household out-of-pocket payments,_Z,Not application,_T,Total,_T,Total,_T,Total,_Z,Not applicable,_Z,Not applicable,Q,Constant prices,2022,,1094.817,,2020,,,,,,,,,,0,Units,1,One
DATAFLOW,OECD.ELS.HD:DSD_SHA@DF_SHA(1.1),Health expenditure and financing,I,ITA,Italy,A,Annual,EXP_HEALTH,Expenditure,USD_PPP_PS,"US dollars per person, PPP converted",HF1,Government/compulsory schemes,_Z,Not application,_T,Total,_T,Total,_T,Total,_Z,Not applicable,_Z,Not applicable,Q,Constant prices,2022,,3069.628,,2020,,,,,,,,,,0,Units,1,One
DATAFLOW,OECD.ELS.HD:DSD_SHA@DF_SHA(1.1),Health expenditure and financing,I,FRA,France,A,Annual,EXP_HEALTH,Expenditure,USD_PPP_PS,"US dollars per person, PPP converted",HF2,Voluntary healthcare payment schemes,_Z,Not application,_T,Total,_T,Total,_T,Total,_Z,Not applicable,_Z,Not applicable,Q,Constant prices,2023,,383.31,,2020,,,,,,,,,,0,Units,1,One
DATAFLOW,OECD.ELS.HD:DSD_SHA@DF_SHA(1.1),Health expenditure and financing,I,FRA,France,A,Annual,EXP_HEALTH,Expenditure,USD_PPP_PS,"US dollars per person, PPP converted",HF21,Voluntary health insurance schemes,_Z,Not application,_T,Total,_T,Total,_T,Total,_Z,Not applicable,_Z,Not applicable,Q,Constant prices,2023,,341.993,,2020,,,,,,,,,,0,Units,1,One
DATAFLOW,OECD.ELS.HD:DSD_SHA@DF_SHA(1.1),Health expenditure and financing,I,FRA,France,A,Annual,EXP_HEALTH,Expenditure,USD_PPP_PS,"US dollars per person, PPP converted",HF2HF3,Voluntary schemes/household out-of-pocket payments,_Z,Not application,_T,Total,_T,Total,_T,Total,_Z,Not applicable,_Z,Not applicable,Q,Constant prices,2023,,989.69,,2020,,,,,,,,,,0,Units,1,One
DATAFLOW,OECD.ELS.HD:DSD_SHA@DF_SHA(1.1),Health expenditure and financing,I,FRA,France,A,Annual,EXP_HEALTH,Expenditure,USD_PPP_PS,"US dollars per person, PPP converted",HF31,Out-of-pocket excluding cost-sharing,_Z,Not application,_T,Total,_T,Total,_T,Total,_Z,Not applicable,_Z,Not applicable,Q,Constant prices,2023,,139.564,,2020,,,,,,,,,,0,Units,1,One
DATAFLOW,OECD.ELS.HD:DSD_SHA@DF_SHA(1.1),Health expenditure and financing,I,FRA,France,A,Annual,EXP_HEALTH,Expenditure,USD_PPP_PS,"US dollars per person, PPP converted",HF122,Compulsory private insurance schemes,_Z,Not application,_T,Total,_T,Total,_T,Total,_Z,Not applicable,_Z,Not applicable,Q,Constant prices,2023,,382.741,,2020,,,,,,,,,,0,Units,1,One
DATAFLOW,OECD.ELS.HD:DSD_SHA@DF_SHA(1.1),Health expenditure and financing,I,FRA,France,A,Annual,EXP_HEALTH,Expenditure,USD_PPP_PS,"US dollars per person, PPP converted",HF3,Household out-of-pocket payments,_Z,Not application,_T,Total,_T,Total,_T,Total,_Z,Not applicable,_Z,Not applicable,Q,Constant prices,2023,,606.38,,2020,,,,,,,,,,0,Units,1,One
DATAFLOW,OECD.ELS.HD:DSD_SHA@DF_SHA(1.1),Health expenditure and financing,I,FRA,France,A,Annual,EXP_HEALTH,Expenditure,USD_PPP_PS,"US dollars per person, PPP converted",_T,Total,_Z,Not application,_T,Total,_T,Total,_T,Total,_Z,Not applicable,_Z,Not applicable,Q,Constant prices,2023,,5937.124,,2020,,,,,,,,,,0,Units,1,One
DATAFLOW,OECD.ELS.HD:DSD_SHA@DF_SHA(1.1),Health expenditure and financing,I,FRA,France,A,Annual,EXP_HEALTH,Expenditure,USD_PPP_PS,"US dollars per person, PPP converted",HF12HF13,Compulsory contributory health insurance schemes,_Z,Not application,_T,Total,_T,Total,_T,Total,_Z,Not applicable,_Z,Not applicable,Q,Constant prices,2023,,4742.104,,2020,,,,,,,,,,0,Units,1,One
DATAFLOW,OECD.ELS.HD:DSD_SHA@DF_SHA(1.1),Health expenditure and financing,I,FRA,France,A,Annual,EXP_HEALTH,Expenditure,USD_PPP_PS,"US dollars per person, PPP converted",HF1,Government/compulsory schemes,_Z,Not application,_T,Total,_T,Total,_T,Total,_Z,Not applicable,_Z,Not applicable,Q,Constant prices,2023,,4947.434,,2020,,,,,,,,,,0,Units,1,One
DATAFLOW,OECD.ELS.HD:DSD_SHA@DF_SHA(1.1),Health expenditure and financing,I,FRA,France,A,Annual,EXP_HEALTH,Expenditure,USD_PPP_PS,"US dollars per person, PPP converted",HF121,Social health insurance schemes,_Z,Not application,_T,Total,_T,Total,_T,Total,_Z,Not applicable,_Z,Not applicable,Q,Constant prices,2023,,4359.362,,2020,,,,,,,,,,0,Units,1,One
DATAFLOW,OECD.ELS.HD:DSD_SHA@DF_SHA(1.1),Health expenditure and financing,I,FRA,France,A,Annual,EXP_HEALTH,Expenditure,USD_PPP_PS,"US dollars per person, PPP converted",HF23,Enterprise financing schemes,_Z,Not application,_T,Total,_T,Total,_T,Total,_Z,Not applicable,_Z,Not applicable,Q,Constant prices,2023,,41.317,,2020,,,,,,,,,,0,Units,1,One
DATAFLOW,OECD.ELS.HD:DSD_SHA@DF_SHA(1.1),Health expenditure and financing,I,FRA,France,A,Annual,EXP_HEALTH,Expenditure,USD_PPP_PS,"US dollars per person, PPP converted",HF32,Cost-sharing with third-party payers,_Z,Not application,_T,Total,_T,Total,_T,Total,_Z,Not applicable,_Z,Not applicable,Q,Constant prices,2023,,466.816,,2020,,,,,,,,,,0,Units,1,One
DATAFLOW,OECD.ELS.HD:DSD_SHA@DF_SHA(1.1),Health expenditure and financing,I,FRA,France,A,Annual,EXP_HEALTH,Expenditure,USD_PPP_PS,"US dollars per person, PPP converted",HF11,Government schemes,_Z,Not application,_T,Total,_T,Total,_T,Total,_Z,Not applicable,_Z,Not applicable,Q,Constant prices,2023,,205.331,,2020,,,,,,,,,,0,Units,1,One
DATAFLOW,OECD.ELS.HD:DSD_SHA@DF_SHA(1.1),Health expenditure and financing,I,FRA,France,A,Annual,EXP_HEALTH,Expenditure,USD_PPP_PS,"US dollars per person, PPP converted",HF2HF3,Voluntary schemes/household out-of-pocket payments,_Z,Not application,_T,Total,_T,Total,_T,Total,_Z,Not applicable,_Z,Not applicable,Q,Constant prices,2021,,1048.848,,2020,,,,,,,,,,0,Units,1,One
DATAFLOW,OECD.ELS.HD:DSD_SHA@DF_SHA(1.1),Health expenditure and financing,I,FRA,France,A,Annual,EXP_HEALTH,Expenditure,USD_PPP_PS,"US dollars per person, PPP converted",HF31,Out-of-pocket excluding cost-sharing,_Z,Not application,_T,Total,_T,Total,_T,Total,_Z,Not applicable,_Z,Not applicable,Q,Constant prices,2021,,150.367,,2020,,,,,,,,,,0,Units,1,One
DATAFLOW,OECD.ELS.HD:DSD_SHA@DF_SHA(1.1),Health expenditure and financing,I,FRA,France,A,Annual,EXP_HEALTH,Expenditure,USD_PPP_PS,"US dollars per person, PPP converted",HF122,Compulsory private insurance schemes,_Z,Not application,_T,Total,_T,Total,_T,Total,_Z,Not applicable,_Z,Not applicable,Q,Constant prices,2021,,381.567,,2020,,,,,,,,,,0,Units,1,One
DATAFLOW,OECD.ELS.HD:DSD_SHA@DF_SHA(1.1),Health expenditure and financing,I,FRA,France,A,Annual,EXP_HEALTH,Expenditure,USD_PPP_PS,"US dollars per person, PPP converted",HF3,Household out-of-pocket payments,_Z,Not application,_T,Total,_T,Total,_T,Total,_Z,Not applicable,_Z,Not applicable,Q,Constant prices,2021,,642.395,,2020,,,,,,,,,,0,Units,1,One
DATAFLOW,OECD.ELS.HD:DSD_SHA@DF_SHA(1.1),Health expenditure and financing,I,FRA,France,A,Annual,EXP_HEALTH,Expenditure,USD_PPP_PS,"US dollars per person, PPP converted",_T,Total,_Z,Not application,_T,Total,_T,Total,_T,Total,_Z,Not applicable,_Z,Not applicable,Q,Constant prices,2021,,6237.002,,2020,,,,,,,,,,0,Units,1,One
DATAFLOW,OECD.ELS.HD:DSD_SHA@DF_SHA(1.1),Health expenditure and financing,I,FRA,France,A,Annual,EXP_HEALTH,Expenditure,USD_PPP_PS,"US dollars per person, PPP converted",HF12HF13,Compulsory contributory health insurance schemes,_Z,Not application,_T,Total,_T,Total,_T,Total,_Z,Not applicable,_Z,Not applicable,Q,Constant prices,2021,,4991.269,,2020,,,,,,,,,,0,Units,1,One
DATAFLOW,OECD.ELS.HD:DSD_SHA@DF_SHA(1.1),Health expenditure and financing,I,FRA,France,A,Annual,EXP_HEALTH,Expenditure,USD_PPP_PS,"US dollars per person, PPP converted",HF1,Government/compulsory schemes,_Z,Not application,_T,Total,_T,Total,_T,Total,_Z,Not applicable,_Z,Not applicable,Q,Constant prices,2021,,5188.155,,2020,,,,,,,,,,0,Units,1,One
DATAFLOW,OECD.ELS.HD:DSD_SHA@DF_SHA(1.1),Health expenditure and financing,I,FRA,France,A,Annual,EXP_HEALTH,Expenditure,USD_PPP_PS,"US dollars per person, PPP converted",HF121,Social health insurance schemes,_Z,Not application,_T,Total,_T,Total,_T,Total,_Z,Not applicable,_Z,Not applicable,Q,Constant prices,2021,,4609.702,,2020,,,,,,,,,,0,Units,1,One
DATAFLOW,OECD.ELS.HD:DSD_SHA@DF_SHA(1.1),Health expenditure and financing,I,FRA,France,A,Annual,EXP_HEALTH,Expenditure,USD_PPP_PS,"US dollars per person, PPP converted",HF23,Enterprise financing schemes,_Z,Not application,_T,Total,_T,Total,_T,Total,_Z,Not applicable,_Z,Not applicable,Q,Constant prices,2021,,44.843,,2020,,,,,,,,,,0,Units,1,One
DATAFLOW,OECD.ELS.HD:DSD_SHA@DF_SHA(1.1),Health expenditure and financing,I,FRA,France,A,Annual,EXP_HEALTH,Expenditure,USD_PPP_PS,"US dollars per person, PPP converted",HF32,Cost-sharing with third-party payers,_Z,Not application,_T,Total,_T,Total,_T,Total,_Z,Not applicable,_Z,Not applicable,Q,Constant prices,2021,,492.027,,2020,,,,,,,,,,0,Units,1,One
DATAFLOW,OECD.ELS.HD:DSD_SHA@DF_SHA(1.1),Health expenditure and financing,I,FRA,France,A,Annual,EXP_HEALTH,Expenditure,USD_PPP_PS,"US dollars per person, PPP converted",HF11,Government schemes,_Z,Not application,_T,Total,_T,Total,_T,Total,_Z,Not applicable,_Z,Not applicable,Q,Constant prices,2021,,196.886,,2020,,,,,,,,,,0,Units,1,One
DATAFLOW,OECD.ELS.HD:DSD_SHA@DF_SHA(1.1),Health expenditure and financing,I,FRA,France,A,Annual,EXP_HEALTH,Expenditure,USD_PPP_PS,"US dollars per person, PPP converted",HF11,Government schemes,_Z,Not application,_T,Total,_T,Total,_T,Total,_Z,Not applicable,_Z,Not applicable,Q,Constant prices,2022,,189.56,,2020,,,,,,,,,,0,Units,1,One
DATAFLOW,OECD.ELS.HD:DSD_SHA@DF_SHA(1.1),Health expenditure and financing,I,FRA,France,A,Annual,EXP_HEALTH,Expenditure,USD_PPP_PS,"US dollars per person, PPP converted",HF32,Cost-sharing with third-party payers,_Z,Not application,_T,Total,_T,Total,_T,Total,_Z,Not applicable,_Z,Not applicable,Q,Constant prices,2022,,485.144,,2020,,,,,,,,,,0,Units,1,One
DATAFLOW,OECD.ELS.HD:DSD_SHA@DF_SHA(1.1),Health expenditure and financing,I,FRA,France,A,Annual,EXP_HEALTH,Expenditure,USD_PPP_PS,"US dollars per person, PPP converted",HF23,Enterprise financing schemes,_Z,Not application,_T,Total,_T,Total,_T,Total,_Z,Not applicable,_Z,Not applicable,Q,Constant prices,2022,,44.812,,2020,,,,,,,,,,0,Units,1,One
DATAFLOW,OECD.ELS.HD:DSD_SHA@DF_SHA(1.1),Health expenditure and financing,I,FRA,France,A,Annual,EXP_HEALTH,Expenditure,USD_PPP_PS,"US dollars per person, PPP converted",HF121,Social health insurance schemes,_Z,Not application,_T,Total,_T,Total,_T,Total,_Z,Not applicable,_Z,Not applicable,Q,Constant prices,2022,,4522.484,,2020,,,,,,,,,,0,Units,1,One
DATAFLOW,OECD.ELS.HD:DSD_SHA@DF_SHA(1.1),Health expenditure and financing,I,FRA,France,A,Annual,EXP_HEALTH,Expenditure,USD_PPP_PS,"US dollars per person, PPP converted",HF1,Government/compulsory schemes,_Z,Not application,_T,Total,_T,Total,_T,Total,_Z,Not applicable,_Z,Not applicable,Q,Constant prices,2022,,5095.659,,2020,,,,,,,,,,0,Units,1,One
DATAFLOW,OECD.ELS.HD:DSD_SHA@DF_SHA(1.1),Health expenditure and financing,I,FRA,France,A,Annual,EXP_HEALTH,Expenditure,USD_PPP_PS,"US dollars per person, PPP converted",HF12HF13,Compulsory contributory health insurance schemes,_Z,Not application,_T,Total,_T,Total,_T,Total,_Z,Not applicable,_Z,Not applicable,Q,Constant prices,2022,,4906.099,,2020,,,,,,,,,,0,Units,1,One
DATAFLOW,OECD.ELS.HD:DSD_SHA@DF_SHA(1.1),Health expenditure and financing,I,FRA,France,A,Annual,EXP_HEALTH,Expenditure,USD_PPP_PS,"US dollars per person, PPP converted",_T,Total,_Z,Not application,_T,Total,_T,Total,_T,Total,_Z,Not applicable,_Z,Not applicable,Q,Constant prices,2022,,6125.395,,2020,,,,,,,,,,0,Units,1,One
DATAFLOW,OECD.ELS.HD:DSD_SHA@DF_SHA(1.1),Health expenditure and financing,I,FRA,France,A,Annual,EXP_HEALTH,Expenditure,USD_PPP_PS,"US dollars per person, PPP converted",HF3,Household out-of-pocket payments,_Z,Not application,_T,Total,_T,Total,_T,Total,_Z,Not applicable,_Z,Not applicable,Q,Constant prices,2022,,635.492,,2020,,,,,,,,,,0,Units,1,One
DATAFLOW,OECD.ELS.HD:DSD_SHA@DF_SHA(1.1),Health expenditure and financing,I,FRA,France,A,Annual,EXP_HEALTH,Expenditure,USD_PPP_PS,"US dollars per person, PPP converted",HF122,Compulsory private insurance schemes,_Z,Not application,_T,Total,_T,Total,_T,Total,_Z,Not applicable,_Z,Not applicable,Q,Constant prices,2022,,383.615,,2020,,,,,,,,,,0,Units,1,One
DATAFLOW,OECD.ELS.HD:DSD_SHA@DF_SHA(1.1),Health expenditure and financing,I,FRA,France,A,Annual,EXP_HEALTH,Expenditure,USD_PPP_PS,"US dollars per person, PPP converted",HF31,Out-of-pocket excluding cost-sharing,_Z,Not application,_T,Total,_T,Total,_T,Total,_Z,Not applicable,_Z,Not applicable,Q,Constant prices,2022,,150.349,,2020,,,,,,,,,,0,Units,1,One
DATAFLOW,OECD.ELS.HD:DSD_SHA@DF_SHA(1.1),Health expenditure and financing,I,FRA,France,A,Annual,EXP_HEALTH,Expenditure,USD_PPP_PS,"US dollars per person, PPP converted",HF2HF3,Voluntary schemes/household out-of-pocket payments,_Z,Not application,_T,Total,_T,Total,_T,Total,_Z,Not applicable,_Z,Not applicable,Q,Constant prices,2022,,1029.736,,2020,,,,,,,,,,0,Units,1,One
DATAFLOW,OECD.ELS.HD:DSD_SHA@DF_SHA(1.1),Health expenditure and financing,I,FRA,France,A,Annual,EXP_HEALTH,Expenditure,USD_PPP_PS,"US dollars per person, PPP converted",HF21,Voluntary health insurance schemes,_Z,Not application,_T,Total,_T,Total,_T,Total,_Z,Not applicable,_Z,Not applicable,Q,Constant prices,2022,,349.431,,2020,,,,,,,,,,0,Units,1,One
DATAFLOW,OECD.ELS.HD:DSD_SHA@DF_SHA(1.1),Health expenditure and financing,I,FRA,France,A,Annual,EXP_HEALTH,Expenditure,USD_PPP_PS,"US dollars per person, PPP converted",HF2,Voluntary healthcare payment schemes,_Z,Not application,_T,Total,_T,Total,_T,Total,_Z,Not applicable,_Z,Not applicable,Q,Constant prices,2022,,394.243,,2020,,,,,,,,,,0,Units,1,One
DATAFLOW,OECD.ELS.HD:DSD_SHA@DF_SHA(1.1),Health expenditure and financing,I,DEU,Germany,A,Annual,EXP_HEALTH,Expenditure,USD_PPP_PS,"US dollars per person, PPP converted",HF121,Social health insurance schemes,_Z,Not application,_T,Total,_T,Total,_T,Total,_Z,Not applicable,_Z,Not applicable,Q,Constant prices,2018,,4793.578,,2020,,,,,,,,,,0,Units,1,One
DATAFLOW,OECD.ELS.HD:DSD_SHA@DF_SHA(1.1),Health expenditure and financing,I,DEU,Germany,A,Annual,EXP_HEALTH,Expenditure,USD_PPP_PS,"US dollars per person, PPP converted",HF23,Enterprise financing schemes,_Z,Not application,_T,Total,_T,Total,_T,Total,_Z,Not applicable,_Z,Not applicable,Q,Constant prices,2018,,31.286,,2020,,,,,,,,,,0,Units,1,One
DATAFLOW,OECD.ELS.HD:DSD_SHA@DF_SHA(1.1),Health expenditure and financing,I,DEU,Germany,A,Annual,EXP_HEALTH,Expenditure,USD_PPP_PS,"US dollars per person, PPP converted",HF2,Voluntary healthcare payment schemes,_Z,Not application,_T,Total,_T,Total,_T,Total,_Z,Not applicable,_Z,Not applicable,Q,Constant prices,2018,,210.135,,2020,,,,,,,,,,0,Units,1,One
DATAFLOW,OECD.ELS.HD:DSD_SHA@DF_SHA(1.1),Health expenditure and financing,I,DEU,Germany,A,Annual,EXP_HEALTH,Expenditure,USD_PPP_PS,"US dollars per person, PPP converted",HF1,Government/compulsory schemes,_Z,Not application,_T,Total,_T,Total,_T,Total,_Z,Not applicable,_Z,Not applicable,Q,Constant prices,2018,,5729.951,,2020,,,,,,,,,,0,Units,1,One
DATAFLOW,OECD.ELS.HD:DSD_SHA@DF_SHA(1.1),Health expenditure and financing,I,DEU,Germany,A,Annual,EXP_HEALTH,Expenditure,USD_PPP_PS,"US dollars per person, PPP converted",_T,Total,_Z,Not application,_T,Total,_T,Total,_T,Total,_Z,Not applicable,_Z,Not applicable,Q,Constant prices,2018,,6763.583,,2020,,,,,,,,,,0,Units,1,One
DATAFLOW,OECD.ELS.HD:DSD_SHA@DF_SHA(1.1),Health expenditure and financing,I,DEU,Germany,A,Annual,EXP_HEALTH,Expenditure,USD_PPP_PS,"US dollars per person, PPP converted",HF12HF13,Compulsory contributory health insurance schemes,_Z,Not application,_T,Total,_T,Total,_T,Total,_Z,Not applicable,_Z,Not applicable,Q,Constant prices,2018,,5281.408,,2020,,,,,,,,,,0,Units,1,One
DATAFLOW,OECD.ELS.HD:DSD_SHA@DF_SHA(1.1),Health expenditure and financing,I,DEU,Germany,A,Annual,EXP_HEALTH,Expenditure,USD_PPP_PS,"US dollars per person, PPP converted",HF2HF3,Voluntary schemes/household out-of-pocket payments,_Z,Not application,_T,Total,_T,Total,_T,Total,_Z,Not applicable,_Z,Not applicable,Q,Constant prices,2018,,1033.65,,2020,,,,,,,,,,0,Units,1,One
DATAFLOW,OECD.ELS.HD:DSD_SHA@DF_SHA(1.1),Health expenditure and financing,I,DEU,Germany,A,Annual,EXP_HEALTH,Expenditure,USD_PPP_PS,"US dollars per person, PPP converted",HF11,Government schemes,_Z,Not application,_T,Total,_T,Total,_T,Total,_Z,Not applicable,_Z,Not applicable,Q,Constant prices,2018,,448.542,,2020,,,,,,,,,,0,Units,1,One
DATAFLOW,OECD.ELS.HD:DSD_SHA@DF_SHA(1.1),Health expenditure and financing,I,DEU,Germany,A,Annual,EXP_HEALTH,Expenditure,USD_PPP_PS,"US dollars per person, PPP converted",HF21,Voluntary health insurance schemes,_Z,Not application,_T,Total,_T,Total,_T,Total,_Z,Not applicable,_Z,Not applicable,Q,Constant prices,2018,,97.929,,2020,,,,,,,,,,0,Units,1,One
DATAFLOW,OECD.ELS.HD:DSD_SHA@DF_SHA(1.1),Health expenditure and financing,I,DEU,Germany,A,Annual,EXP_HEALTH,Expenditure,USD_PPP_PS,"US dollars per person, PPP converted",HF3,Household out-of-pocket payments,_Z,Not application,_T,Total,_T,Total,_T,Total,_Z,Not applicable,_Z,Not applicable,Q,Constant prices,2015,,777.655,,2020,,,,,,,,,,0,Units,1,One
DATAFLOW,OECD.ELS.HD:DSD_SHA@DF_SHA(1.1),Health expenditure and financing,I,DEU,Germany,A,Annual,EXP_HEALTH,Expenditure,USD_PPP_PS,"US dollars per person, PPP converted",HF21,Voluntary health insurance schemes,_Z,Not application,_T,Total,_T,Total,_T,Total,_Z,Not applicable,_Z,Not applicable,Q,Constant prices,2015,,93.963,,2020,,,,,,,,,,0,Units,1,One
DATAFLOW,OECD.ELS.HD:DSD_SHA@DF_SHA(1.1),Health expenditure and financing,I,DEU,Germany,A,Annual,EXP_HEALTH,Expenditure,USD_PPP_PS,"US dollars per person, PPP converted",HF11,Government schemes,_Z,Not application,_T,Total,_T,Total,_T,Total,_Z,Not applicable,_Z,Not applicable,Q,Constant prices,2015,,436.771,,2020,,,,,,,,,,0,Units,1,One
DATAFLOW,OECD.ELS.HD:DSD_SHA@DF_SHA(1.1),Health expenditure and financing,I,DEU,Germany,A,Annual,EXP_HEALTH,Expenditure,USD_PPP_PS,"US dollars per person, PPP converted",HF2HF3,Voluntary schemes/household out-of-pocket payments,_Z,Not application,_T,Total,_T,Total,_T,Total,_Z,Not applicable,_Z,Not applicable,Q,Constant prices,2015,,970.868,,2020,,,,,,,,,,0,Units,1,One
DATAFLOW,OECD.ELS.HD:DSD_SHA@DF_SHA(1.1),Health expenditure and financing,I,DEU,Germany,A,Annual,EXP_HEALTH,Expenditure,USD_PPP_PS,"US dollars per person, PPP converted",HF12HF13,Compulsory contributory health insurance schemes,_Z,Not application,_T,Total,_T,Total,_T,Total,_Z,Not applicable,_Z,Not applicable,Q,Constant prices,2015,,4888.676,,2020,,,,,,,,,,0,Units,1,One
DATAFLOW,OECD.ELS.HD:DSD_SHA@DF_SHA(1.1),Health expenditure and financing,I,DEU,Germany,A,Annual,EXP_HEALTH,Expenditure,USD_PPP_PS,"US dollars per person, PPP converted",_T,Total,_Z,Not application,_T,Total,_T,Total,_T,Total,_Z,Not applicable,_Z,Not applicable,Q,Constant prices,2015,,6296.315,,2020,,,,,,,,,,0,Units,1,One
DATAFLOW,OECD.ELS.HD:DSD_SHA@DF_SHA(1.1),Health expenditure and financing,I,DEU,Germany,A,Annual,EXP_HEALTH,Expenditure,USD_PPP_PS,"US dollars per person, PPP converted",HF1,Government/compulsory schemes,_Z,Not application,_T,Total,_T,Total,_T,Total,_Z,Not applicable,_Z,Not applicable,Q,Constant prices,2015,,5325.447,,2020,,,,,,,,,,0,Units,1,One
DATAFLOW,OECD.ELS.HD:DSD_SHA@DF_SHA(1.1),Health expenditure and financing,I,DEU,Germany,A,Annual,EXP_HEALTH,Expenditure,USD_PPP_PS,"US dollars per person, PPP converted",HF2,Voluntary healthcare payment schemes,_Z,Not application,_T,Total,_T,Total,_T,Total,_Z,Not applicable,_Z,Not applicable,Q,Constant prices,2015,,193.213,,2020,,,,,,,,,,0,Units,1,One
DATAFLOW,OECD.ELS.HD:DSD_SHA@DF_SHA(1.1),Health expenditure and financing,I,DEU,Germany,A,Annual,EXP_HEALTH,Expenditure,USD_PPP_PS,"US dollars per person, PPP converted",HF23,Enterprise financing schemes,_Z,Not application,_T,Total,_T,Total,_T,Total,_Z,Not applicable,_Z,Not applicable,Q,Constant prices,2015,,27.255,,2020,,,,,,,,,,0,Units,1,One
DATAFLOW,OECD.ELS.HD:DSD_SHA@DF_SHA(1.1),Health expenditure and financing,I,DEU,Germany,A,Annual,EXP_HEALTH,Expenditure,USD_PPP_PS,"US dollars per person, PPP converted",HF121,Social health insurance schemes,_Z,Not application,_T,Total,_T,Total,_T,Total,_Z,Not applicable,_Z,Not applicable,Q,Constant prices,2015,,4412.47,,2020,,,,,,,,,,0,Units,1,One
DATAFLOW,OECD.ELS.HD:DSD_SHA@DF_SHA(1.1),Health expenditure and financing,I,DEU,Germany,A,Annual,EXP_HEALTH,Expenditure,USD_PPP_PS,"US dollars per person, PPP converted",HF22,NPISH financing schemes,_Z,Not application,_T,Total,_T,Total,_T,Total,_Z,Not applicable,_Z,Not applicable,Q,Constant prices,2017,,80.116,,2020,,,,,,,,,,0,Units,1,One
DATAFLOW,OECD.ELS.HD:DSD_SHA@DF_SHA(1.1),Health expenditure and financing,I,DEU,Germany,A,Annual,EXP_HEALTH,Expenditure,USD_PPP_PS,"US dollars per person, PPP converted",HF122,Compulsory private insurance schemes,_Z,Not application,_T,Total,_T,Total,_T,Total,_Z,Not applicable,_Z,Not applicable,Q,Constant prices,2017,,475.296,,2020,,,,,,,,,,0,Units,1,One
DATAFLOW,OECD.ELS.HD:DSD_SHA@DF_SHA(1.1),Health expenditure and financing,I,DEU,Germany,A,Annual,EXP_HEALTH,Expenditure,USD_PPP_PS,"US dollars per person, PPP converted",HF3,Household out-of-pocket payments,_Z,Not application,_T,Total,_T,Total,_T,Total,_Z,Not applicable,_Z,Not applicable,Q,Constant prices,2017,,796.427,,2020,,,,,,,,,,0,Units,1,One
DATAFLOW,OECD.ELS.HD:DSD_SHA@DF_SHA(1.1),Health expenditure and financing,I,DEU,Germany,A,Annual,EXP_HEALTH,Expenditure,USD_PPP_PS,"US dollars per person, PPP converted",HF21,Voluntary health insurance schemes,_Z,Not application,_T,Total,_T,Total,_T,Total,_Z,Not applicable,_Z,Not applicable,Q,Constant prices,2017,,94.501,,2020,,,,,,,,,,0,Units,1,One
DATAFLOW,OECD.ELS.HD:DSD_SHA@DF_SHA(1.1),Health expenditure and financing,I,DEU,Germany,A,Annual,EXP_HEALTH,Expenditure,USD_PPP_PS,"US dollars per person, PPP converted",HF11,Government schemes,_Z,Not application,_T,Total,_T,Total,_T,Total,_Z,Not applicable,_Z,Not applicable,Q,Constant prices,2017,,445.032,,2020,,,,,,,,,,0,Units,1,One
DATAFLOW,OECD.ELS.HD:DSD_SHA@DF_SHA(1.1),Health expenditure and financing,I,DEU,Germany,A,Annual,EXP_HEALTH,Expenditure,USD_PPP_PS,"US dollars per person, PPP converted",HF2HF3,Voluntary schemes/household out-of-pocket payments,_Z,Not application,_T,Total,_T,Total,_T,Total,_Z,Not applicable,_Z,Not applicable,Q,Constant prices,2017,,1000.714,,2020,,,,,,,,,,0,Units,1,One
DATAFLOW,OECD.ELS.HD:DSD_SHA@DF_SHA(1.1),Health expenditure and financing,I,DEU,Germany,A,Annual,EXP_HEALTH,Expenditure,USD_PPP_PS,"US dollars per person, PPP converted",HF12HF13,Compulsory contributory health insurance schemes,_Z,Not application,_T,Total,_T,Total,_T,Total,_Z,Not applicable,_Z,Not applicable,Q,Constant prices,2017,,5181.718,,2020,,,,,,,,,,0,Units,1,One
DATAFLOW,OECD.ELS.HD:DSD_SHA@DF_SHA(1.1),Health expenditure and financing,I,DEU,Germany,A,Annual,EXP_HEALTH,Expenditure,USD_PPP_PS,"US dollars per person, PPP converted",_T,Total,_Z,Not application,_T,Total,_T,Total,_T,Total,_Z,Not applicable,_Z,Not applicable,Q,Constant prices,2017,,6627.465,,2020,,,,,,,,,,0,Units,1,One
DATAFLOW,OECD.ELS.HD:DSD_SHA@DF_SHA(1.1),Health expenditure and financing,I,DEU,Germany,A,Annual,EXP_HEALTH,Expenditure,USD_PPP_PS,"US dollars per person, PPP converted",HF1,Government/compulsory schemes,_Z,Not application,_T,Total,_T,Total,_T,Total,_Z,Not applicable,_Z,Not applicable,Q,Constant prices,2017,,5626.732,,2020,,,,,,,,,,0,Units,1,One
DATAFLOW,OECD.ELS.HD:DSD_SHA@DF_SHA(1.1),Health expenditure and financing,I,DEU,Germany,A,Annual,EXP_HEALTH,Expenditure,USD_PPP_PS,"US dollars per person, PPP converted",HF2,Voluntary healthcare payment schemes,_Z,Not application,_T,Total,_T,Total,_T,Total,_Z,Not applicable,_Z,Not applicable,Q,Constant prices,2017,,204.287,,2020,,,,,,,,,,0,Units,1,One
DATAFLOW,OECD.ELS.HD:DSD_SHA@DF_SHA(1.1),Health expenditure and financing,I,DEU,Germany,A,Annual,EXP_HEALTH,Expenditure,USD_PPP_PS,"US dollars per person, PPP converted",HF23,Enterprise financing schemes,_Z,Not application,_T,Total,_T,Total,_T,Total,_Z,Not applicable,_Z,Not applicable,Q,Constant prices,2017,,29.652,,2020,,,,,,,,,,0,Units,1,One
DATAFLOW,OECD.ELS.HD:DSD_SHA@DF_SHA(1.1),Health expenditure and financing,I,DEU,Germany,A,Annual,EXP_HEALTH,Expenditure,USD_PPP_PS,"US dollars per person, PPP converted",HF121,Social health insurance schemes,_Z,Not application,_T,Total,_T,Total,_T,Total,_Z,Not applicable,_Z,Not applicable,Q,Constant prices,2017,,4706.422,,2020,,,,,,,,,,0,Units,1,One
DATAFLOW,OECD.ELS.HD:DSD_SHA@DF_SHA(1.1),Health expenditure and financing,I,DEU,Germany,A,Annual,EXP_HEALTH,Expenditure,USD_PPP_PS,"US dollars per person, PPP converted",HF121,Social health insurance schemes,_Z,Not application,_T,Total,_T,Total,_T,Total,_Z,Not applicable,_Z,Not applicable,Q,Constant prices,2016,,4533.829,,2020,,,,,,,,,,0,Units,1,One
DATAFLOW,OECD.ELS.HD:DSD_SHA@DF_SHA(1.1),Health expenditure and financing,I,DEU,Germany,A,Annual,EXP_HEALTH,Expenditure,USD_PPP_PS,"US dollars per person, PPP converted",HF23,Enterprise financing schemes,_Z,Not application,_T,Total,_T,Total,_T,Total,_Z,Not applicable,_Z,Not applicable,Q,Constant prices,2016,,28.007,,2020,,,,,,,,,,0,Units,1,One
DATAFLOW,OECD.ELS.HD:DSD_SHA@DF_SHA(1.1),Health expenditure and financing,I,DEU,Germany,A,Annual,EXP_HEALTH,Expenditure,USD_PPP_PS,"US dollars per person, PPP converted",HF2,Voluntary healthcare payment schemes,_Z,Not application,_T,Total,_T,Total,_T,Total,_Z,Not applicable,_Z,Not applicable,Q,Constant prices,2016,,196.494,,2020,,,,,,,,,,0,Units,1,One
DATAFLOW,OECD.ELS.HD:DSD_SHA@DF_SHA(1.1),Health expenditure and financing,I,DEU,Germany,A,Annual,EXP_HEALTH,Expenditure,USD_PPP_PS,"US dollars per person, PPP converted",HF1,Government/compulsory schemes,_Z,Not application,_T,Total,_T,Total,_T,Total,_Z,Not applicable,_Z,Not applicable,Q,Constant prices,2016,,5469.927,,2020,,,,,,,,,,0,Units,1,One
DATAFLOW,OECD.ELS.HD:DSD_SHA@DF_SHA(1.1),Health expenditure and financing,I,DEU,Germany,A,Annual,EXP_HEALTH,Expenditure,USD_PPP_PS,"US dollars per person, PPP converted",_T,Total,_Z,Not application,_T,Total,_T,Total,_T,Total,_Z,Not applicable,_Z,Not applicable,Q,Constant prices,2016,,6452.71,,2020,,,,,,,,,,0,Units,1,One
DATAFLOW,OECD.ELS.HD:DSD_SHA@DF_SHA(1.1),Health expenditure and financing,I,DEU,Germany,A,Annual,EXP_HEALTH,Expenditure,USD_PPP_PS,"US dollars per person, PPP converted",HF12HF13,Compulsory contributory health insurance schemes,_Z,Not application,_T,Total,_T,Total,_T,Total,_Z,Not applicable,_Z,Not applicable,Q,Constant prices,2016,,5010.839,,2020,,,,,,,,,,0,Units,1,One
DATAFLOW,OECD.ELS.HD:DSD_SHA@DF_SHA(1.1),Health expenditure and financing,I,DEU,Germany,A,Annual,EXP_HEALTH,Expenditure,USD_PPP_PS,"US dollars per person, PPP converted",HF2HF3,Voluntary schemes/household out-of-pocket payments,_Z,Not application,_T,Total,_T,Total,_T,Total,_Z,Not applicable,_Z,Not applicable,Q,Constant prices,2016,,982.783,,2020,,,,,,,,,,0,Units,1,One
DATAFLOW,OECD.ELS.HD:DSD_SHA@DF_SHA(1.1),Health expenditure and financing,I,DEU,Germany,A,Annual,EXP_HEALTH,Expenditure,USD_PPP_PS,"US dollars per person, PPP converted",HF11,Government schemes,_Z,Not application,_T,Total,_T,Total,_T,Total,_Z,Not applicable,_Z,Not applicable,Q,Constant prices,2016,,459.087,,2020,,,,,,,,,,0,Units,1,One
DATAFLOW,OECD.ELS.HD:DSD_SHA@DF_SHA(1.1),Health expenditure and financing,I,DEU,Germany,A,Annual,EXP_HEALTH,Expenditure,USD_PPP_PS,"US dollars per person, PPP converted",HF21,Voluntary health insurance schemes,_Z,Not application,_T,Total,_T,Total,_T,Total,_Z,Not applicable,_Z,Not applicable,Q,Constant prices,2016,,93.444,,2020,,,,,,,,,,0,Units,1,One
DATAFLOW,OECD.ELS.HD:DSD_SHA@DF_SHA(1.1),Health expenditure and financing,I,DEU,Germany,A,Annual,EXP_HEALTH,Expenditure,USD_PPP_PS,"US dollars per person, PPP converted",HF3,Household out-of-pocket payments,_Z,Not application,_T,Total,_T,Total,_T,Total,_Z,Not applicable,_Z,Not applicable,Q,Constant prices,2016,,786.289,,2020,,,,,,,,,,0,Units,1,One
DATAFLOW,OECD.ELS.HD:DSD_SHA@DF_SHA(1.1),Health expenditure and financing,I,DEU,Germany,A,Annual,EXP_HEALTH,Expenditure,USD_PPP_PS,"US dollars per person, PPP converted",HF122,Compulsory private insurance schemes,_Z,Not application,_T,Total,_T,Total,_T,Total,_Z,Not applicable,_Z,Not applicable,Q,Constant prices,2016,,477.011,,2020,,,,,,,,,,0,Units,1,One
DATAFLOW,OECD.ELS.HD:DSD_SHA@DF_SHA(1.1),Health expenditure and financing,I,DEU,Germany,A,Annual,EXP_HEALTH,Expenditure,USD_PPP_PS,"US dollars per person, PPP converted",HF22,NPISH financing schemes,_Z,Not application,_T,Total,_T,Total,_T,Total,_Z,Not applicable,_Z,Not applicable,Q,Constant prices,2016,,75.042,,2020,,,,,,,,,,0,Units,1,One
DATAFLOW,OECD.ELS.HD:DSD_SHA@DF_SHA(1.1),Health expenditure and financing,I,ITA,Italy,A,Annual,EXP_HEALTH,Expenditure,USD_PPP_PS,"US dollars per person, PPP converted",HF22,NPISH financing schemes,_Z,Not application,_T,Total,_T,Total,_T,Total,_Z,Not applicable,_Z,Not applicable,V,Current prices,2024,,19.289,,,,,,,,,,,,0,Units,1,One
DATAFLOW,OECD.ELS.HD:DSD_SHA@DF_SHA(1.1),Health expenditure and financing,I,ITA,Italy,A,Annual,EXP_HEALTH,Expenditure,USD_PPP_PS,"US dollars per person, PPP converted",HF2,Voluntary healthcare payment schemes,_Z,Not application,_T,Total,_T,Total,_T,Total,_Z,Not applicable,_Z,Not applicable,V,Current prices,2024,,181.393,,,,,,,,,,,,0,Units,1,One
DATAFLOW,OECD.ELS.HD:DSD_SHA@DF_SHA(1.1),Health expenditure and financing,I,ITA,Italy,A,Annual,EXP_HEALTH,Expenditure,USD_PPP_PS,"US dollars per person, PPP converted",HF2HF3,Voluntary schemes/household out-of-pocket payments,_Z,Not application,_T,Total,_T,Total,_T,Total,_Z,Not applicable,_Z,Not applicable,V,Current prices,2024,,1407.812,,,,,,,,,,,,0,Units,1,One
DATAFLOW,OECD.ELS.HD:DSD_SHA@DF_SHA(1.1),Health expenditure and financing,I,ITA,Italy,A,Annual,EXP_HEALTH,Expenditure,USD_PPP_PS,"US dollars per person, PPP converted",HF23,Enterprise financing schemes,_Z,Not application,_T,Total,_T,Total,_T,Total,_Z,Not applicable,_Z,Not applicable,V,Current prices,2024,,27.572,,,,,,,,,,,,0,Units,1,One
DATAFLOW,OECD.ELS.HD:DSD_SHA@DF_SHA(1.1),Health expenditure and financing,I,ITA,Italy,A,Annual,EXP_HEALTH,Expenditure,USD_PPP_PS,"US dollars per person, PPP converted",HF121,Social health insurance schemes,_Z,Not application,_T,Total,_T,Total,_T,Total,_Z,Not applicable,_Z,Not applicable,V,Current prices,2024,,9.802,,,,,,,,,,,,0,Units,1,One
DATAFLOW,OECD.ELS.HD:DSD_SHA@DF_SHA(1.1),Health expenditure and financing,I,ITA,Italy,A,Annual,EXP_HEALTH,Expenditure,USD_PPP_PS,"US dollars per person, PPP converted",HF12HF13,Compulsory contributory health insurance schemes,_Z,Not application,_T,Total,_T,Total,_T,Total,_Z,Not applicable,_Z,Not applicable,V,Current prices,2024,,9.802,,,,,,,,,,,,0,Units,1,One
DATAFLOW,OECD.ELS.HD:DSD_SHA@DF_SHA(1.1),Health expenditure and financing,I,ITA,Italy,A,Annual,EXP_HEALTH,Expenditure,USD_PPP_PS,"US dollars per person, PPP converted",HF11,Government schemes,_Z,Not application,_T,Total,_T,Total,_T,Total,_Z,Not applicable,_Z,Not applicable,V,Current prices,2024,,3919.806,,,,,,,,,,,,0,Units,1,One
DATAFLOW,OECD.ELS.HD:DSD_SHA@DF_SHA(1.1),Health expenditure and financing,I,ITA,Italy,A,Annual,EXP_HEALTH,Expenditure,USD_PPP_PS,"US dollars per person, PPP converted",HF21,Voluntary health insurance schemes,_Z,Not application,_T,Total,_T,Total,_T,Total,_Z,Not applicable,_Z,Not applicable,V,Current prices,2024,,134.533,,,,,,,,,,,,0,Units,1,One
DATAFLOW,OECD.ELS.HD:DSD_SHA@DF_SHA(1.1),Health expenditure and financing,I,ITA,Italy,A,Annual,EXP_HEALTH,Expenditure,USD_PPP_PS,"US dollars per person, PPP converted",HF3,Household out-of-pocket payments,_Z,Not application,_T,Total,_T,Total,_T,Total,_Z,Not applicable,_Z,Not applicable,V,Current prices,2024,,1226.419,,,,,,,,,,,,0,Units,1,One
DATAFLOW,OECD.ELS.HD:DSD_SHA@DF_SHA(1.1),Health expenditure and financing,I,ITA,Italy,A,Annual,EXP_HEALTH,Expenditure,USD_PPP_PS,"US dollars per person, PPP converted",_T,Total,_Z,Not application,_T,Total,_T,Total,_T,Total,_Z,Not applicable,_Z,Not applicable,V,Current prices,2024,,5337.42,,,,,,,,,,,,0,Units,1,One
DATAFLOW,OECD.ELS.HD:DSD_SHA@DF_SHA(1.1),Health expenditure and financing,I,ITA,Italy,A,Annual,EXP_HEALTH,Expenditure,USD_PPP_PS,"US dollars per person, PPP converted",HF1,Government/compulsory schemes,_Z,Not application,_T,Total,_T,Total,_T,Total,_Z,Not applicable,_Z,Not applicable,V,Current prices,2024,,3929.607,,,,,,,,,,,,0,Units,1,One
DATAFLOW,OECD.ELS.HD:DSD_SHA@DF_SHA(1.1),Health expenditure and financing,I,ITA,Italy,A,Annual,EXP_HEALTH,Expenditure,USD_PPP_PS,"US dollars per person, PPP converted",HF2HF3,Voluntary schemes/household out-of-pocket payments,_Z,Not application,_T,Total,_T,Total,_T,Total,_Z,Not applicable,_Z,Not applicable,V,Current prices,2021,,1123.1,,,,,,,,,,,,0,Units,1,One
DATAFLOW,OECD.ELS.HD:DSD_SHA@DF_SHA(1.1),Health expenditure and financing,I,ITA,Italy,A,Annual,EXP_HEALTH,Expenditure,USD_PPP_PS,"US dollars per person, PPP converted",HF2,Voluntary healthcare payment schemes,_Z,Not application,_T,Total,_T,Total,_T,Total,_Z,Not applicable,_Z,Not applicable,V,Current prices,2021,,117.298,,,,,,,,,,,,0,Units,1,One
DATAFLOW,OECD.ELS.HD:DSD_SHA@DF_SHA(1.1),Health expenditure and financing,I,ITA,Italy,A,Annual,EXP_HEALTH,Expenditure,USD_PPP_PS,"US dollars per person, PPP converted",HF22,NPISH financing schemes,_Z,Not application,_T,Total,_T,Total,_T,Total,_Z,Not applicable,_Z,Not applicable,V,Current prices,2021,,12.993,,,,,,,,,,,,0,Units,1,One
DATAFLOW,OECD.ELS.HD:DSD_SHA@DF_SHA(1.1),Health expenditure and financing,I,ITA,Italy,A,Annual,EXP_HEALTH,Expenditure,USD_PPP_PS,"US dollars per person, PPP converted",HF1,Government/compulsory schemes,_Z,Not application,_T,Total,_T,Total,_T,Total,_Z,Not applicable,_Z,Not applicable,V,Current prices,2023,,3734.321,,,,,,,,,,,,0,Units,1,One
DATAFLOW,OECD.ELS.HD:DSD_SHA@DF_SHA(1.1),Health expenditure and financing,I,ITA,Italy,A,Annual,EXP_HEALTH,Expenditure,USD_PPP_PS,"US dollars per person, PPP converted",_T,Total,_Z,Not application,_T,Total,_T,Total,_T,Total,_Z,Not applicable,_Z,Not applicable,V,Current prices,2023,,5114.1,,,,,,,,,,,,0,Units,1,One
DATAFLOW,OECD.ELS.HD:DSD_SHA@DF_SHA(1.1),Health expenditure and financing,I,ITA,Italy,A,Annual,EXP_HEALTH,Expenditure,USD_PPP_PS,"US dollars per person, PPP converted",HF3,Household out-of-pocket payments,_Z,Not application,_T,Total,_T,Total,_T,Total,_Z,Not applicable,_Z,Not applicable,V,Current prices,2023,,1211.964,,,,,,,,,,,,0,Units,1,One
DATAFLOW,OECD.ELS.HD:DSD_SHA@DF_SHA(1.1),Health expenditure and financing,I,ITA,Italy,A,Annual,EXP_HEALTH,Expenditure,USD_PPP_PS,"US dollars per person, PPP converted",HF21,Voluntary health insurance schemes,_Z,Not application,_T,Total,_T,Total,_T,Total,_Z,Not applicable,_Z,Not applicable,V,Current prices,2023,,122.908,,,,,,,,,,,,0,Units,1,One
DATAFLOW,OECD.ELS.HD:DSD_SHA@DF_SHA(1.1),Health expenditure and financing,I,ITA,Italy,A,Annual,EXP_HEALTH,Expenditure,USD_PPP_PS,"US dollars per person, PPP converted",HF11,Government schemes,_Z,Not application,_T,Total,_T,Total,_T,Total,_Z,Not applicable,_Z,Not applicable,V,Current prices,2023,,3724.45,,,,,,,,,,,,0,Units,1,One
DATAFLOW,OECD.ELS.HD:DSD_SHA@DF_SHA(1.1),Health expenditure and financing,I,ITA,Italy,A,Annual,EXP_HEALTH,Expenditure,USD_PPP_PS,"US dollars per person, PPP converted",HF12HF13,Compulsory contributory health insurance schemes,_Z,Not application,_T,Total,_T,Total,_T,Total,_Z,Not applicable,_Z,Not applicable,V,Current prices,2023,,9.871,,,,,,,,,,,,0,Units,1,One
DATAFLOW,OECD.ELS.HD:DSD_SHA@DF_SHA(1.1),Health expenditure and financing,I,ITA,Italy,A,Annual,EXP_HEALTH,Expenditure,USD_PPP_PS,"US dollars per person, PPP converted",HF121,Social health insurance schemes,_Z,Not application,_T,Total,_T,Total,_T,Total,_Z,Not applicable,_Z,Not applicable,V,Current prices,2023,,9.871,,,,,,,,,,,,0,Units,1,One
DATAFLOW,OECD.ELS.HD:DSD_SHA@DF_SHA(1.1),Health expenditure and financing,I,ITA,Italy,A,Annual,EXP_HEALTH,Expenditure,USD_PPP_PS,"US dollars per person, PPP converted",HF23,Enterprise financing schemes,_Z,Not application,_T,Total,_T,Total,_T,Total,_Z,Not applicable,_Z,Not applicable,V,Current prices,2023,,26.219,,,,,,,,,,,,0,Units,1,One
DATAFLOW,OECD.ELS.HD:DSD_SHA@DF_SHA(1.1),Health expenditure and financing,I,ITA,Italy,A,Annual,EXP_HEALTH,Expenditure,USD_PPP_PS,"US dollars per person, PPP converted",HF2HF3,Voluntary schemes/household out-of-pocket payments,_Z,Not application,_T,Total,_T,Total,_T,Total,_Z,Not applicable,_Z,Not applicable,V,Current prices,2023,,1379.779,,,,,,,,,,,,0,Units,1,One
DATAFLOW,OECD.ELS.HD:DSD_SHA@DF_SHA(1.1),Health expenditure and financing,I,ITA,Italy,A,Annual,EXP_HEALTH,Expenditure,USD_PPP_PS,"US dollars per person, PPP converted",HF2,Voluntary healthcare payment schemes,_Z,Not application,_T,Total,_T,Total,_T,Total,_Z,Not applicable,_Z,Not applicable,V,Current prices,2023,,167.815,,,,,,,,,,,,0,Units,1,One
DATAFLOW,OECD.ELS.HD:DSD_SHA@DF_SHA(1.1),Health expenditure and financing,I,ITA,Italy,A,Annual,EXP_HEALTH,Expenditure,USD_PPP_PS,"US dollars per person, PPP converted",HF22,NPISH financing schemes,_Z,Not application,_T,Total,_T,Total,_T,Total,_Z,Not applicable,_Z,Not applicable,V,Current prices,2023,,18.687,,,,,,,,,,,,0,Units,1,One
DATAFLOW,OECD.ELS.HD:DSD_SHA@DF_SHA(1.1),Health expenditure and financing,I,ITA,Italy,A,Annual,EXP_HEALTH,Expenditure,USD_PPP_PS,"US dollars per person, PPP converted",HF22,NPISH financing schemes,_Z,Not application,_T,Total,_T,Total,_T,Total,_Z,Not applicable,_Z,Not applicable,V,Current prices,2022,,17.112,,,,,,,,,,,,0,Units,1,One
DATAFLOW,OECD.ELS.HD:DSD_SHA@DF_SHA(1.1),Health expenditure and financing,I,ITA,Italy,A,Annual,EXP_HEALTH,Expenditure,USD_PPP_PS,"US dollars per person, PPP converted",HF2,Voluntary healthcare payment schemes,_Z,Not application,_T,Total,_T,Total,_T,Total,_Z,Not applicable,_Z,Not applicable,V,Current prices,2022,,144.438,,,,,,,,,,,,0,Units,1,One
DATAFLOW,OECD.ELS.HD:DSD_SHA@DF_SHA(1.1),Health expenditure and financing,I,ITA,Italy,A,Annual,EXP_HEALTH,Expenditure,USD_PPP_PS,"US dollars per person, PPP converted",HF2HF3,Voluntary schemes/household out-of-pocket payments,_Z,Not application,_T,Total,_T,Total,_T,Total,_Z,Not applicable,_Z,Not applicable,V,Current prices,2022,,1279.002,,,,,,,,,,,,0,Units,1,One
DATAFLOW,OECD.ELS.HD:DSD_SHA@DF_SHA(1.1),Health expenditure and financing,I,ITA,Italy,A,Annual,EXP_HEALTH,Expenditure,USD_PPP_PS,"US dollars per person, PPP converted",HF23,Enterprise financing schemes,_Z,Not application,_T,Total,_T,Total,_T,Total,_Z,Not applicable,_Z,Not applicable,V,Current prices,2022,,23.303,,,,,,,,,,,,0,Units,1,One
DATAFLOW,OECD.ELS.HD:DSD_SHA@DF_SHA(1.1),Health expenditure and financing,I,ITA,Italy,A,Annual,EXP_HEALTH,Expenditure,USD_PPP_PS,"US dollars per person, PPP converted",HF121,Social health insurance schemes,_Z,Not application,_T,Total,_T,Total,_T,Total,_Z,Not applicable,_Z,Not applicable,V,Current prices,2022,,8.666,,,,,,,,,,,,0,Units,1,One
DATAFLOW,OECD.ELS.HD:DSD_SHA@DF_SHA(1.1),Health expenditure and financing,I,ITA,Italy,A,Annual,EXP_HEALTH,Expenditure,USD_PPP_PS,"US dollars per person, PPP converted",HF12HF13,Compulsory contributory health insurance schemes,_Z,Not application,_T,Total,_T,Total,_T,Total,_Z,Not applicable,_Z,Not applicable,V,Current prices,2022,,8.666,,,,,,,,,,,,0,Units,1,One
DATAFLOW,OECD.ELS.HD:DSD_SHA@DF_SHA(1.1),Health expenditure and financing,I,ITA,Italy,A,Annual,EXP_HEALTH,Expenditure,USD_PPP_PS,"US dollars per person, PPP converted",HF11,Government schemes,_Z,Not application,_T,Total,_T,Total,_T,Total,_Z,Not applicable,_Z,Not applicable,V,Current prices,2022,,3577.376,,,,,,,,,,,,0,Units,1,One
DATAFLOW,OECD.ELS.HD:DSD_SHA@DF_SHA(1.1),Health expenditure and financing,I,ITA,Italy,A,Annual,EXP_HEALTH,Expenditure,USD_PPP_PS,"US dollars per person, PPP converted",HF21,Voluntary health insurance schemes,_Z,Not application,_T,Total,_T,Total,_T,Total,_Z,Not applicable,_Z,Not applicable,V,Current prices,2022,,104.023,,,,,,,,,,,,0,Units,1,One
DATAFLOW,OECD.ELS.HD:DSD_SHA@DF_SHA(1.1),Health expenditure and financing,I,ITA,Italy,A,Annual,EXP_HEALTH,Expenditure,USD_PPP_PS,"US dollars per person, PPP converted",HF3,Household out-of-pocket payments,_Z,Not application,_T,Total,_T,Total,_T,Total,_Z,Not applicable,_Z,Not applicable,V,Current prices,2022,,1134.564,,,,,,,,,,,,0,Units,1,One
DATAFLOW,OECD.ELS.HD:DSD_SHA@DF_SHA(1.1),Health expenditure and financing,I,ITA,Italy,A,Annual,EXP_HEALTH,Expenditure,USD_PPP_PS,"US dollars per person, PPP converted",_T,Total,_Z,Not application,_T,Total,_T,Total,_T,Total,_Z,Not applicable,_Z,Not applicable,V,Current prices,2022,,4865.044,,,,,,,,,,,,0,Units,1,One
DATAFLOW,OECD.ELS.HD:DSD_SHA@DF_SHA(1.1),Health expenditure and financing,I,ITA,Italy,A,Annual,EXP_HEALTH,Expenditure,USD_PPP_PS,"US dollars per person, PPP converted",HF1,Government/compulsory schemes,_Z,Not application,_T,Total,_T,Total,_T,Total,_Z,Not applicable,_Z,Not applicable,V,Current prices,2022,,3586.042,,,,,,,,,,,,0,Units,1,One
DATAFLOW,OECD.ELS.HD:DSD_SHA@DF_SHA(1.1),Health expenditure and financing,I,FRA,France,A,Annual,EXP_HEALTH,Expenditure,USD_PPP_PS,"US dollars per person, PPP converted",HF23,Enterprise financing schemes,_Z,Not application,_T,Total,_T,Total,_T,Total,_Z,Not applicable,_Z,Not applicable,V,Current prices,2023,,49.866,,,,,,,,,,,,0,Units,1,One
DATAFLOW,OECD.ELS.HD:DSD_SHA@DF_SHA(1.1),Health expenditure and financing,I,FRA,France,A,Annual,EXP_HEALTH,Expenditure,USD_PPP_PS,"US dollars per person, PPP converted",HF31,Out-of-pocket excluding cost-sharing,_Z,Not application,_T,Total,_T,Total,_T,Total,_Z,Not applicable,_Z,Not applicable,V,Current prices,2023,,168.444,,,,,,,,,,,,0,Units,1,One
DATAFLOW,OECD.ELS.HD:DSD_SHA@DF_SHA(1.1),Health expenditure and financing,I,FRA,France,A,Annual,EXP_HEALTH,Expenditure,USD_PPP_PS,"US dollars per person, PPP converted",HF12HF13,Compulsory contributory health insurance schemes,_Z,Not application,_T,Total,_T,Total,_T,Total,_Z,Not applicable,_Z,Not applicable,V,Current prices,2023,,5723.403,,,,,,,,,,,,0,Units,1,One
DATAFLOW,OECD.ELS.HD:DSD_SHA@DF_SHA(1.1),Health expenditure and financing,I,FRA,France,A,Annual,EXP_HEALTH,Expenditure,USD_PPP_PS,"US dollars per person, PPP converted",HF121,Social health insurance schemes,_Z,Not application,_T,Total,_T,Total,_T,Total,_Z,Not applicable,_Z,Not applicable,V,Current prices,2023,,5261.459,,,,,,,,,,,,0,Units,1,One
DATAFLOW,OECD.ELS.HD:DSD_SHA@DF_SHA(1.1),Health expenditure and financing,I,FRA,France,A,Annual,EXP_HEALTH,Expenditure,USD_PPP_PS,"US dollars per person, PPP converted",_T,Total,_Z,Not application,_T,Total,_T,Total,_T,Total,_Z,Not applicable,_Z,Not applicable,V,Current prices,2023,,7165.712,,,,,,,,,,,,0,Units,1,One
DATAFLOW,OECD.ELS.HD:DSD_SHA@DF_SHA(1.1),Health expenditure and financing,I,FRA,France,A,Annual,EXP_HEALTH,Expenditure,USD_PPP_PS,"US dollars per person, PPP converted",HF1,Government/compulsory schemes,_Z,Not application,_T,Total,_T,Total,_T,Total,_Z,Not applicable,_Z,Not applicable,V,Current prices,2023,,5971.223,,,,,,,,,,,,0,Units,1,One
DATAFLOW,OECD.ELS.HD:DSD_SHA@DF_SHA(1.1),Health expenditure and financing,I,FRA,France,A,Annual,EXP_HEALTH,Expenditure,USD_PPP_PS,"US dollars per person, PPP converted",HF2HF3,Voluntary schemes/household out-of-pocket payments,_Z,Not application,_T,Total,_T,Total,_T,Total,_Z,Not applicable,_Z,Not applicable,V,Current prices,2023,,1194.489,,,,,,,,,,,,0,Units,1,One
DATAFLOW,OECD.ELS.HD:DSD_SHA@DF_SHA(1.1),Health expenditure and financing,I,FRA,France,A,Annual,EXP_HEALTH,Expenditure,USD_PPP_PS,"US dollars per person, PPP converted",HF122,Compulsory private insurance schemes,_Z,Not application,_T,Total,_T,Total,_T,Total,_Z,Not applicable,_Z,Not applicable,V,Current prices,2023,,461.943,,,,,,,,,,,,0,Units,1,One
DATAFLOW,OECD.ELS.HD:DSD_SHA@DF_SHA(1.1),Health expenditure and financing,I,FRA,France,A,Annual,EXP_HEALTH,Expenditure,USD_PPP_PS,"US dollars per person, PPP converted",HF21,Voluntary health insurance schemes,_Z,Not application,_T,Total,_T,Total,_T,Total,_Z,Not applicable,_Z,Not applicable,V,Current prices,2023,,412.763,,,,,,,,,,,,0,Units,1,One
DATAFLOW,OECD.ELS.HD:DSD_SHA@DF_SHA(1.1),Health expenditure and financing,I,FRA,France,A,Annual,EXP_HEALTH,Expenditure,USD_PPP_PS,"US dollars per person, PPP converted",HF2,Voluntary healthcare payment schemes,_Z,Not application,_T,Total,_T,Total,_T,Total,_Z,Not applicable,_Z,Not applicable,V,Current prices,2023,,462.629,,,,,,,,,,,,0,Units,1,One
DATAFLOW,OECD.ELS.HD:DSD_SHA@DF_SHA(1.1),Health expenditure and financing,I,FRA,France,A,Annual,EXP_HEALTH,Expenditure,USD_PPP_PS,"US dollars per person, PPP converted",HF3,Household out-of-pocket payments,_Z,Not application,_T,Total,_T,Total,_T,Total,_Z,Not applicable,_Z,Not applicable,V,Current prices,2023,,731.86,,,,,,,,,,,,0,Units,1,One
DATAFLOW,OECD.ELS.HD:DSD_SHA@DF_SHA(1.1),Health expenditure and financing,I,FRA,France,A,Annual,EXP_HEALTH,Expenditure,USD_PPP_PS,"US dollars per person, PPP converted",HF32,Cost-sharing with third-party payers,_Z,Not application,_T,Total,_T,Total,_T,Total,_Z,Not applicable,_Z,Not applicable,V,Current prices,2023,,563.416,,,,,,,,,,,,0,Units,1,One
DATAFLOW,OECD.ELS.HD:DSD_SHA@DF_SHA(1.1),Health expenditure and financing,I,FRA,France,A,Annual,EXP_HEALTH,Expenditure,USD_PPP_PS,"US dollars per person, PPP converted",HF11,Government schemes,_Z,Not application,_T,Total,_T,Total,_T,Total,_Z,Not applicable,_Z,Not applicable,V,Current prices,2023,,247.821,,,,,,,,,,,,0,Units,1,One
DATAFLOW,OECD.ELS.HD:DSD_SHA@DF_SHA(1.1),Health expenditure and financing,I,FRA,France,A,Annual,EXP_HEALTH,Expenditure,USD_PPP_PS,"US dollars per person, PPP converted",HF2HF3,Voluntary schemes/household out-of-pocket payments,_Z,Not application,_T,Total,_T,Total,_T,Total,_Z,Not applicable,_Z,Not applicable,V,Current prices,2021,,1059.514,,,,,,,,,,,,0,Units,1,One
DATAFLOW,OECD.ELS.HD:DSD_SHA@DF_SHA(1.1),Health expenditure and financing,I,FRA,France,A,Annual,EXP_HEALTH,Expenditure,USD_PPP_PS,"US dollars per person, PPP converted",HF122,Compulsory private insurance schemes,_Z,Not application,_T,Total,_T,Total,_T,Total,_Z,Not applicable,_Z,Not applicable,V,Current prices,2021,,385.448,,,,,,,,,,,,0,Units,1,One
DATAFLOW,OECD.ELS.HD:DSD_SHA@DF_SHA(1.1),Health expenditure and financing,I,FRA,France,A,Annual,EXP_HEALTH,Expenditure,USD_PPP_PS,"US dollars per person, PPP converted",HF21,Voluntary health insurance schemes,_Z,Not application,_T,Total,_T,Total,_T,Total,_Z,Not applicable,_Z,Not applicable,V,Current prices,2021,,365.287,,,,,,,,,,,,0,Units,1,One
DATAFLOW,OECD.ELS.HD:DSD_SHA@DF_SHA(1.1),Health expenditure and financing,I,FRA,France,A,Annual,EXP_HEALTH,Expenditure,USD_PPP_PS,"US dollars per person, PPP converted",HF2,Voluntary healthcare payment schemes,_Z,Not application,_T,Total,_T,Total,_T,Total,_Z,Not applicable,_Z,Not applicable,V,Current prices,2021,,410.586,,,,,,,,,,,,0,Units,1,One
DATAFLOW,OECD.ELS.HD:DSD_SHA@DF_SHA(1.1),Health expenditure and financing,I,FRA,France,A,Annual,EXP_HEALTH,Expenditure,USD_PPP_PS,"US dollars per person, PPP converted",HF3,Household out-of-pocket payments,_Z,Not application,_T,Total,_T,Total,_T,Total,_Z,Not applicable,_Z,Not applicable,V,Current prices,2021,,648.928,,,,,,,,,,,,0,Units,1,One
DATAFLOW,OECD.ELS.HD:DSD_SHA@DF_SHA(1.1),Health expenditure and financing,I,FRA,France,A,Annual,EXP_HEALTH,Expenditure,USD_PPP_PS,"US dollars per person, PPP converted",HF32,Cost-sharing with third-party payers,_Z,Not application,_T,Total,_T,Total,_T,Total,_Z,Not applicable,_Z,Not applicable,V,Current prices,2021,,497.031,,,,,,,,,,,,0,Units,1,One
DATAFLOW,OECD.ELS.HD:DSD_SHA@DF_SHA(1.1),Health expenditure and financing,I,FRA,France,A,Annual,EXP_HEALTH,Expenditure,USD_PPP_PS,"US dollars per person, PPP converted",HF11,Government schemes,_Z,Not application,_T,Total,_T,Total,_T,Total,_Z,Not applicable,_Z,Not applicable,V,Current prices,2021,,198.888,,,,,,,,,,,,0,Units,1,One
DATAFLOW,OECD.ELS.HD:DSD_SHA@DF_SHA(1.1),Health expenditure and financing,I,FRA,France,A,Annual,EXP_HEALTH,Expenditure,USD_PPP_PS,"US dollars per person, PPP converted",HF11,Government schemes,_Z,Not application,_T,Total,_T,Total,_T,Total,_Z,Not applicable,_Z,Not applicable,V,Current prices,2022,,209.249,,,,,,,,,,,,0,Units,1,One
DATAFLOW,OECD.ELS.HD:DSD_SHA@DF_SHA(1.1),Health expenditure and financing,I,FRA,France,A,Annual,EXP_HEALTH,Expenditure,USD_PPP_PS,"US dollars per person, PPP converted",HF32,Cost-sharing with third-party payers,_Z,Not application,_T,Total,_T,Total,_T,Total,_Z,Not applicable,_Z,Not applicable,V,Current prices,2022,,535.535,,,,,,,,,,,,0,Units,1,One
DATAFLOW,OECD.ELS.HD:DSD_SHA@DF_SHA(1.1),Health expenditure and financing,I,FRA,France,A,Annual,EXP_HEALTH,Expenditure,USD_PPP_PS,"US dollars per person, PPP converted",HF3,Household out-of-pocket payments,_Z,Not application,_T,Total,_T,Total,_T,Total,_Z,Not applicable,_Z,Not applicable,V,Current prices,2022,,701.5,,,,,,,,,,,,0,Units,1,One
DATAFLOW,OECD.ELS.HD:DSD_SHA@DF_SHA(1.1),Health expenditure and financing,I,FRA,France,A,Annual,EXP_HEALTH,Expenditure,USD_PPP_PS,"US dollars per person, PPP converted",HF2,Voluntary healthcare payment schemes,_Z,Not application,_T,Total,_T,Total,_T,Total,_Z,Not applicable,_Z,Not applicable,V,Current prices,2022,,435.193,,,,,,,,,,,,0,Units,1,One
DATAFLOW,OECD.ELS.HD:DSD_SHA@DF_SHA(1.1),Health expenditure and financing,I,FRA,France,A,Annual,EXP_HEALTH,Expenditure,USD_PPP_PS,"US dollars per person, PPP converted",HF21,Voluntary health insurance schemes,_Z,Not application,_T,Total,_T,Total,_T,Total,_Z,Not applicable,_Z,Not applicable,V,Current prices,2022,,385.726,,,,,,,,,,,,0,Units,1,One
DATAFLOW,OECD.ELS.HD:DSD_SHA@DF_SHA(1.1),Health expenditure and financing,I,FRA,France,A,Annual,EXP_HEALTH,Expenditure,USD_PPP_PS,"US dollars per person, PPP converted",HF122,Compulsory private insurance schemes,_Z,Not application,_T,Total,_T,Total,_T,Total,_Z,Not applicable,_Z,Not applicable,V,Current prices,2022,,423.461,,,,,,,,,,,,0,Units,1,One
DATAFLOW,OECD.ELS.HD:DSD_SHA@DF_SHA(1.1),Health expenditure and financing,I,FRA,France,A,Annual,EXP_HEALTH,Expenditure,USD_PPP_PS,"US dollars per person, PPP converted",HF2HF3,Voluntary schemes/household out-of-pocket payments,_Z,Not application,_T,Total,_T,Total,_T,Total,_Z,Not applicable,_Z,Not applicable,V,Current prices,2022,,1136.692,,,,,,,,,,,,0,Units,1,One
DATAFLOW,OECD.ELS.HD:DSD_SHA@DF_SHA(1.1),Health expenditure and financing,I,FRA,France,A,Annual,EXP_HEALTH,Expenditure,USD_PPP_PS,"US dollars per person, PPP converted",HF1,Government/compulsory schemes,_Z,Not application,_T,Total,_T,Total,_T,Total,_Z,Not applicable,_Z,Not applicable,V,Current prices,2022,,5624.935,,,,,,,,,,,,0,Units,1,One
DATAFLOW,OECD.ELS.HD:DSD_SHA@DF_SHA(1.1),Health expenditure and financing,I,FRA,France,A,Annual,EXP_HEALTH,Expenditure,USD_PPP_PS,"US dollars per person, PPP converted",_T,Total,_Z,Not application,_T,Total,_T,Total,_T,Total,_Z,Not applicable,_Z,Not applicable,V,Current prices,2022,,6761.628,,,,,,,,,,,,0,Units,1,One
DATAFLOW,OECD.ELS.HD:DSD_SHA@DF_SHA(1.1),Health expenditure and financing,I,FRA,France,A,Annual,EXP_HEALTH,Expenditure,USD_PPP_PS,"US dollars per person, PPP converted",HF121,Social health insurance schemes,_Z,Not application,_T,Total,_T,Total,_T,Total,_Z,Not applicable,_Z,Not applicable,V,Current prices,2022,,4992.225,,,,,,,,,,,,0,Units,1,One
DATAFLOW,OECD.ELS.HD:DSD_SHA@DF_SHA(1.1),Health expenditure and financing,I,FRA,France,A,Annual,EXP_HEALTH,Expenditure,USD_PPP_PS,"US dollars per person, PPP converted",HF12HF13,Compulsory contributory health insurance schemes,_Z,Not application,_T,Total,_T,Total,_T,Total,_Z,Not applicable,_Z,Not applicable,V,Current prices,2022,,5415.686,,,,,,,,,,,,0,Units,1,One
DATAFLOW,OECD.ELS.HD:DSD_SHA@DF_SHA(1.1),Health expenditure and financing,I,FRA,France,A,Annual,EXP_HEALTH,Expenditure,USD_PPP_PS,"US dollars per person, PPP converted",HF31,Out-of-pocket excluding cost-sharing,_Z,Not application,_T,Total,_T,Total,_T,Total,_Z,Not applicable,_Z,Not applicable,V,Current prices,2022,,165.965,,,,,,,,,,,,0,Units,1,One
DATAFLOW,OECD.ELS.HD:DSD_SHA@DF_SHA(1.1),Health expenditure and financing,I,FRA,France,A,Annual,EXP_HEALTH,Expenditure,USD_PPP_PS,"US dollars per person, PPP converted",HF23,Enterprise financing schemes,_Z,Not application,_T,Total,_T,Total,_T,Total,_Z,Not applicable,_Z,Not applicable,V,Current prices,2022,,49.467,,,,,,,,,,,,0,Units,1,One
DATAFLOW,OECD.ELS.HD:DSD_SHA@DF_SHA(1.1),Health expenditure and financing,I,DEU,Germany,A,Annual,EXP_HEALTH,Expenditure,USD_PPP_PS,"US dollars per person, PPP converted",HF121,Social health insurance schemes,_Z,Not application,_T,Total,_T,Total,_T,Total,_Z,Not applicable,_Z,Not applicable,V,Current prices,2018,,4427.528,,,,,,,,,,,,0,Units,1,One
DATAFLOW,OECD.ELS.HD:DSD_SHA@DF_SHA(1.1),Health expenditure and financing,I,DEU,Germany,A,Annual,EXP_HEALTH,Expenditure,USD_PPP_PS,"US dollars per person, PPP converted",_T,Total,_Z,Not application,_T,Total,_T,Total,_T,Total,_Z,Not applicable,_Z,Not applicable,V,Current prices,2018,,6247.099,,,,,,,,,,,,0,Units,1,One
DATAFLOW,OECD.ELS.HD:DSD_SHA@DF_SHA(1.1),Health expenditure and financing,I,DEU,Germany,A,Annual,EXP_HEALTH,Expenditure,USD_PPP_PS,"US dollars per person, PPP converted",HF21,Voluntary health insurance schemes,_Z,Not application,_T,Total,_T,Total,_T,Total,_Z,Not applicable,_Z,Not applicable,V,Current prices,2018,,90.451,,,,,,,,,,,,0,Units,1,One
DATAFLOW,OECD.ELS.HD:DSD_SHA@DF_SHA(1.1),Health expenditure and financing,I,DEU,Germany,A,Annual,EXP_HEALTH,Expenditure,USD_PPP_PS,"US dollars per person, PPP converted",HF122,Compulsory private insurance schemes,_Z,Not application,_T,Total,_T,Total,_T,Total,_Z,Not applicable,_Z,Not applicable,V,Current prices,2018,,450.562,,,,,,,,,,,,0,Units,1,One
DATAFLOW,OECD.ELS.HD:DSD_SHA@DF_SHA(1.1),Health expenditure and financing,I,DEU,Germany,A,Annual,EXP_HEALTH,Expenditure,USD_PPP_PS,"US dollars per person, PPP converted",HF11,Government schemes,_Z,Not application,_T,Total,_T,Total,_T,Total,_Z,Not applicable,_Z,Not applicable,V,Current prices,2018,,414.291,,,,,,,,,,,,0,Units,1,One
DATAFLOW,OECD.ELS.HD:DSD_SHA@DF_SHA(1.1),Health expenditure and financing,I,DEU,Germany,A,Annual,EXP_HEALTH,Expenditure,USD_PPP_PS,"US dollars per person, PPP converted",HF23,Enterprise financing schemes,_Z,Not application,_T,Total,_T,Total,_T,Total,_Z,Not applicable,_Z,Not applicable,V,Current prices,2018,,28.897,,,,,,,,,,,,0,Units,1,One
DATAFLOW,OECD.ELS.HD:DSD_SHA@DF_SHA(1.1),Health expenditure and financing,I,DEU,Germany,A,Annual,EXP_HEALTH,Expenditure,USD_PPP_PS,"US dollars per person, PPP converted",HF1,Government/compulsory schemes,_Z,Not application,_T,Total,_T,Total,_T,Total,_Z,Not applicable,_Z,Not applicable,V,Current prices,2018,,5292.397,,,,,,,,,,,,0,Units,1,One
DATAFLOW,OECD.ELS.HD:DSD_SHA@DF_SHA(1.1),Health expenditure and financing,I,DEU,Germany,A,Annual,EXP_HEALTH,Expenditure,USD_PPP_PS,"US dollars per person, PPP converted",HF3,Household out-of-pocket payments,_Z,Not application,_T,Total,_T,Total,_T,Total,_Z,Not applicable,_Z,Not applicable,V,Current prices,2018,,760.629,,,,,,,,,,,,0,Units,1,One
DATAFLOW,OECD.ELS.HD:DSD_SHA@DF_SHA(1.1),Health expenditure and financing,I,DEU,Germany,A,Annual,EXP_HEALTH,Expenditure,USD_PPP_PS,"US dollars per person, PPP converted",HF12HF13,Compulsory contributory health insurance schemes,_Z,Not application,_T,Total,_T,Total,_T,Total,_Z,Not applicable,_Z,Not applicable,V,Current prices,2018,,4878.106,,,,,,,,,,,,0,Units,1,One
DATAFLOW,OECD.ELS.HD:DSD_SHA@DF_SHA(1.1),Health expenditure and financing,I,DEU,Germany,A,Annual,EXP_HEALTH,Expenditure,USD_PPP_PS,"US dollars per person, PPP converted",HF2HF3,Voluntary schemes/household out-of-pocket payments,_Z,Not application,_T,Total,_T,Total,_T,Total,_Z,Not applicable,_Z,Not applicable,V,Current prices,2015,,813.258,,,,,,,,,,,,0,Units,1,One
DATAFLOW,OECD.ELS.HD:DSD_SHA@DF_SHA(1.1),Health expenditure and financing,I,DEU,Germany,A,Annual,EXP_HEALTH,Expenditure,USD_PPP_PS,"US dollars per person, PPP converted",HF22,NPISH financing schemes,_Z,Not application,_T,Total,_T,Total,_T,Total,_Z,Not applicable,_Z,Not applicable,V,Current prices,2015,,60.307,,,,,,,,,,,,0,Units,1,One
DATAFLOW,OECD.ELS.HD:DSD_SHA@DF_SHA(1.1),Health expenditure and financing,I,DEU,Germany,A,Annual,EXP_HEALTH,Expenditure,USD_PPP_PS,"US dollars per person, PPP converted",HF12HF13,Compulsory contributory health insurance schemes,_Z,Not application,_T,Total,_T,Total,_T,Total,_Z,Not applicable,_Z,Not applicable,V,Current prices,2015,,4095.053,,,,,,,,,,,,0,Units,1,One
DATAFLOW,OECD.ELS.HD:DSD_SHA@DF_SHA(1.1),Health expenditure and financing,I,DEU,Germany,A,Annual,EXP_HEALTH,Expenditure,USD_PPP_PS,"US dollars per person, PPP converted",HF3,Household out-of-pocket payments,_Z,Not application,_T,Total,_T,Total,_T,Total,_Z,Not applicable,_Z,Not applicable,V,Current prices,2015,,651.411,,,,,,,,,,,,0,Units,1,One
DATAFLOW,OECD.ELS.HD:DSD_SHA@DF_SHA(1.1),Health expenditure and financing,I,DEU,Germany,A,Annual,EXP_HEALTH,Expenditure,USD_PPP_PS,"US dollars per person, PPP converted",HF1,Government/compulsory schemes,_Z,Not application,_T,Total,_T,Total,_T,Total,_Z,Not applicable,_Z,Not applicable,V,Current prices,2015,,4460.919,,,,,,,,,,,,0,Units,1,One
DATAFLOW,OECD.ELS.HD:DSD_SHA@DF_SHA(1.1),Health expenditure and financing,I,DEU,Germany,A,Annual,EXP_HEALTH,Expenditure,USD_PPP_PS,"US dollars per person, PPP converted",HF23,Enterprise financing schemes,_Z,Not application,_T,Total,_T,Total,_T,Total,_Z,Not applicable,_Z,Not applicable,V,Current prices,2015,,22.83,,,,,,,,,,,,0,Units,1,One
DATAFLOW,OECD.ELS.HD:DSD_SHA@DF_SHA(1.1),Health expenditure and financing,I,DEU,Germany,A,Annual,EXP_HEALTH,Expenditure,USD_PPP_PS,"US dollars per person, PPP converted",HF11,Government schemes,_Z,Not application,_T,Total,_T,Total,_T,Total,_Z,Not applicable,_Z,Not applicable,V,Current prices,2015,,365.866,,,,,,,,,,,,0,Units,1,One
DATAFLOW,OECD.ELS.HD:DSD_SHA@DF_SHA(1.1),Health expenditure and financing,I,DEU,Germany,A,Annual,EXP_HEALTH,Expenditure,USD_PPP_PS,"US dollars per person, PPP converted",HF122,Compulsory private insurance schemes,_Z,Not application,_T,Total,_T,Total,_T,Total,_Z,Not applicable,_Z,Not applicable,V,Current prices,2015,,398.899,,,,,,,,,,,,0,Units,1,One
DATAFLOW,OECD.ELS.HD:DSD_SHA@DF_SHA(1.1),Health expenditure and financing,I,DEU,Germany,A,Annual,EXP_HEALTH,Expenditure,USD_PPP_PS,"US dollars per person, PPP converted",HF21,Voluntary health insurance schemes,_Z,Not application,_T,Total,_T,Total,_T,Total,_Z,Not applicable,_Z,Not applicable,V,Current prices,2015,,78.709,,,,,,,,,,,,0,Units,1,One
DATAFLOW,OECD.ELS.HD:DSD_SHA@DF_SHA(1.1),Health expenditure and financing,I,DEU,Germany,A,Annual,EXP_HEALTH,Expenditure,USD_PPP_PS,"US dollars per person, PPP converted",_T,Total,_Z,Not application,_T,Total,_T,Total,_T,Total,_Z,Not applicable,_Z,Not applicable,V,Current prices,2015,,5274.178,,,,,,,,,,,,0,Units,1,One
DATAFLOW,OECD.ELS.HD:DSD_SHA@DF_SHA(1.1),Health expenditure and financing,I,DEU,Germany,A,Annual,EXP_HEALTH,Expenditure,USD_PPP_PS,"US dollars per person, PPP converted",HF121,Social health insurance schemes,_Z,Not application,_T,Total,_T,Total,_T,Total,_Z,Not applicable,_Z,Not applicable,V,Current prices,2015,,3696.154,,,,,,,,,,,,0,Units,1,One
DATAFLOW,OECD.ELS.HD:DSD_SHA@DF_SHA(1.1),Health expenditure and financing,I,DEU,Germany,A,Annual,EXP_HEALTH,Expenditure,USD_PPP_PS,"US dollars per person, PPP converted",HF2,Voluntary healthcare payment schemes,_Z,Not application,_T,Total,_T,Total,_T,Total,_Z,Not applicable,_Z,Not applicable,V,Current prices,2017,,183.1,,,,,,,,,,,,0,Units,1,One
DATAFLOW,OECD.ELS.HD:DSD_SHA@DF_SHA(1.1),Health expenditure and financing,I,DEU,Germany,A,Annual,EXP_HEALTH,Expenditure,USD_PPP_PS,"US dollars per person, PPP converted",HF2HF3,Voluntary schemes/household out-of-pocket payments,_Z,Not application,_T,Total,_T,Total,_T,Total,_Z,Not applicable,_Z,Not applicable,V,Current prices,2017,,896.928,,,,,,,,,,,,0,Units,1,One
DATAFLOW,OECD.ELS.HD:DSD_SHA@DF_SHA(1.1),Health expenditure and financing,I,DEU,Germany,A,Annual,EXP_HEALTH,Expenditure,USD_PPP_PS,"US dollars per person, PPP converted",HF22,NPISH financing schemes,_Z,Not application,_T,Total,_T,Total,_T,Total,_Z,Not applicable,_Z,Not applicable,V,Current prices,2017,,71.807,,,,,,,,,,,,0,Units,1,One
DATAFLOW,OECD.ELS.HD:DSD_SHA@DF_SHA(1.1),Health expenditure and financing,I,DEU,Germany,A,Annual,EXP_HEALTH,Expenditure,USD_PPP_PS,"US dollars per person, PPP converted",HF12HF13,Compulsory contributory health insurance schemes,_Z,Not application,_T,Total,_T,Total,_T,Total,_Z,Not applicable,_Z,Not applicable,V,Current prices,2017,,4644.312,,,,,,,,,,,,0,Units,1,One
DATAFLOW,OECD.ELS.HD:DSD_SHA@DF_SHA(1.1),Health expenditure and financing,I,DEU,Germany,A,Annual,EXP_HEALTH,Expenditure,USD_PPP_PS,"US dollars per person, PPP converted",HF3,Household out-of-pocket payments,_Z,Not application,_T,Total,_T,Total,_T,Total,_Z,Not applicable,_Z,Not applicable,V,Current prices,2017,,713.828,,,,,,,,,,,,0,Units,1,One
DATAFLOW,OECD.ELS.HD:DSD_SHA@DF_SHA(1.1),Health expenditure and financing,I,DEU,Germany,A,Annual,EXP_HEALTH,Expenditure,USD_PPP_PS,"US dollars per person, PPP converted",HF1,Government/compulsory schemes,_Z,Not application,_T,Total,_T,Total,_T,Total,_Z,Not applicable,_Z,Not applicable,V,Current prices,2017,,5043.172,,,,,,,,,,,,0,Units,1,One
DATAFLOW,OECD.ELS.HD:DSD_SHA@DF_SHA(1.1),Health expenditure and financing,I,DEU,Germany,A,Annual,EXP_HEALTH,Expenditure,USD_PPP_PS,"US dollars per person, PPP converted",HF23,Enterprise financing schemes,_Z,Not application,_T,Total,_T,Total,_T,Total,_Z,Not applicable,_Z,Not applicable,V,Current prices,2017,,26.577,,,,,,,,,,,,0,Units,1,One
DATAFLOW,OECD.ELS.HD:DSD_SHA@DF_SHA(1.1),Health expenditure and financing,I,DEU,Germany,A,Annual,EXP_HEALTH,Expenditure,USD_PPP_PS,"US dollars per person, PPP converted",HF11,Government schemes,_Z,Not application,_T,Total,_T,Total,_T,Total,_Z,Not applicable,_Z,Not applicable,V,Current prices,2017,,398.877,,,,,,,,,,,,0,Units,1,One
DATAFLOW,OECD.ELS.HD:DSD_SHA@DF_SHA(1.1),Health expenditure and financing,I,DEU,Germany,A,Annual,EXP_HEALTH,Expenditure,USD_PPP_PS,"US dollars per person, PPP converted",HF122,Compulsory private insurance schemes,_Z,Not application,_T,Total,_T,Total,_T,Total,_Z,Not applicable,_Z,Not applicable,V,Current prices,2017,,426.002,,,,,,,,,,,,0,Units,1,One
DATAFLOW,OECD.ELS.HD:DSD_SHA@DF_SHA(1.1),Health expenditure and financing,I,DEU,Germany,A,Annual,EXP_HEALTH,Expenditure,USD_PPP_PS,"US dollars per person, PPP converted",HF21,Voluntary health insurance schemes,_Z,Not application,_T,Total,_T,Total,_T,Total,_Z,Not applicable,_Z,Not applicable,V,Current prices,2017,,84.7,,,,,,,,,,,,0,Units,1,One
DATAFLOW,OECD.ELS.HD:DSD_SHA@DF_SHA(1.1),Health expenditure and financing,I,DEU,Germany,A,Annual,EXP_HEALTH,Expenditure,USD_PPP_PS,"US dollars per person, PPP converted",_T,Total,_Z,Not application,_T,Total,_T,Total,_T,Total,_Z,Not applicable,_Z,Not applicable,V,Current prices,2017,,5940.117,,,,,,,,,,,,0,Units,1,One
DATAFLOW,OECD.ELS.HD:DSD_SHA@DF_SHA(1.1),Health expenditure and financing,I,DEU,Germany,A,Annual,EXP_HEALTH,Expenditure,USD_PPP_PS,"US dollars per person, PPP converted",HF121,Social health insurance schemes,_Z,Not application,_T,Total,_T,Total,_T,Total,_Z,Not applicable,_Z,Not applicable,V,Current prices,2017,,4218.309,,,,,,,,,,,,0,Units,1,One
DATAFLOW,OECD.ELS.HD:DSD_SHA@DF_SHA(1.1),Health expenditure and financing,I,DEU,Germany,A,Annual,EXP_HEALTH,Expenditure,USD_PPP_PS,"US dollars per person, PPP converted",HF121,Social health insurance schemes,_Z,Not application,_T,Total,_T,Total,_T,Total,_Z,Not applicable,_Z,Not applicable,V,Current prices,2016,,3966.738,,,,,,,,,,,,0,Units,1,One
DATAFLOW,OECD.ELS.HD:DSD_SHA@DF_SHA(1.1),Health expenditure and financing,I,DEU,Germany,A,Annual,EXP_HEALTH,Expenditure,USD_PPP_PS,"US dollars per person, PPP converted",_T,Total,_Z,Not application,_T,Total,_T,Total,_T,Total,_Z,Not applicable,_Z,Not applicable,V,Current prices,2016,,5645.607,,,,,,,,,,,,0,Units,1,One
DATAFLOW,OECD.ELS.HD:DSD_SHA@DF_SHA(1.1),Health expenditure and financing,I,DEU,Germany,A,Annual,EXP_HEALTH,Expenditure,USD_PPP_PS,"US dollars per person, PPP converted",HF21,Voluntary health insurance schemes,_Z,Not application,_T,Total,_T,Total,_T,Total,_Z,Not applicable,_Z,Not applicable,V,Current prices,2016,,81.756,,,,,,,,,,,,0,Units,1,One
DATAFLOW,OECD.ELS.HD:DSD_SHA@DF_SHA(1.1),Health expenditure and financing,I,DEU,Germany,A,Annual,EXP_HEALTH,Expenditure,USD_PPP_PS,"US dollars per person, PPP converted",HF122,Compulsory private insurance schemes,_Z,Not application,_T,Total,_T,Total,_T,Total,_Z,Not applicable,_Z,Not applicable,V,Current prices,2016,,417.346,,,,,,,,,,,,0,Units,1,One
DATAFLOW,OECD.ELS.HD:DSD_SHA@DF_SHA(1.1),Health expenditure and financing,I,DEU,Germany,A,Annual,EXP_HEALTH,Expenditure,USD_PPP_PS,"US dollars per person, PPP converted",HF11,Government schemes,_Z,Not application,_T,Total,_T,Total,_T,Total,_Z,Not applicable,_Z,Not applicable,V,Current prices,2016,,401.665,,,,,,,,,,,,0,Units,1,One
DATAFLOW,OECD.ELS.HD:DSD_SHA@DF_SHA(1.1),Health expenditure and financing,I,DEU,Germany,A,Annual,EXP_HEALTH,Expenditure,USD_PPP_PS,"US dollars per person, PPP converted",HF23,Enterprise financing schemes,_Z,Not application,_T,Total,_T,Total,_T,Total,_Z,Not applicable,_Z,Not applicable,V,Current prices,2016,,24.504,,,,,,,,,,,,0,Units,1,One
DATAFLOW,OECD.ELS.HD:DSD_SHA@DF_SHA(1.1),Health expenditure and financing,I,DEU,Germany,A,Annual,EXP_HEALTH,Expenditure,USD_PPP_PS,"US dollars per person, PPP converted",HF1,Government/compulsory schemes,_Z,Not application,_T,Total,_T,Total,_T,Total,_Z,Not applicable,_Z,Not applicable,V,Current prices,2016,,4785.749,,,,,,,,,,,,0,Units,1,One
DATAFLOW,OECD.ELS.HD:DSD_SHA@DF_SHA(1.1),Health expenditure and financing,I,DEU,Germany,A,Annual,EXP_HEALTH,Expenditure,USD_PPP_PS,"US dollars per person, PPP converted",HF3,Household out-of-pocket payments,_Z,Not application,_T,Total,_T,Total,_T,Total,_Z,Not applicable,_Z,Not applicable,V,Current prices,2016,,687.94,,,,,,,,,,,,0,Units,1,One
DATAFLOW,OECD.ELS.HD:DSD_SHA@DF_SHA(1.1),Health expenditure and financing,I,DEU,Germany,A,Annual,EXP_HEALTH,Expenditure,USD_PPP_PS,"US dollars per person, PPP converted",HF12HF13,Compulsory contributory health insurance schemes,_Z,Not application,_T,Total,_T,Total,_T,Total,_Z,Not applicable,_Z,Not applicable,V,Current prices,2016,,4384.085,,,,,,,,,,,,0,Units,1,One
DATAFLOW,OECD.ELS.HD:DSD_SHA@DF_SHA(1.1),Health expenditure and financing,I,DEU,Germany,A,Annual,EXP_HEALTH,Expenditure,USD_PPP_PS,"US dollars per person, PPP converted",HF22,NPISH financing schemes,_Z,Not application,_T,Total,_T,Total,_T,Total,_Z,Not applicable,_Z,Not applicable,V,Current prices,2016,,65.656,,,,,,,,,,,,0,Units,1,One
DATAFLOW,OECD.ELS.HD:DSD_SHA@DF_SHA(1.1),Health expenditure and financing,I,DEU,Germany,A,Annual,EXP_HEALTH,Expenditure,USD_PPP_PS,"US dollars per person, PPP converted",HF2HF3,Voluntary schemes/household out-of-pocket payments,_Z,Not application,_T,Total,_T,Total,_T,Total,_Z,Not applicable,_Z,Not applicable,V,Current prices,2016,,859.857,,,,,,,,,,,,0,Units,1,One
DATAFLOW,OECD.ELS.HD:DSD_SHA@DF_SHA(1.1),Health expenditure and financing,I,DEU,Germany,A,Annual,EXP_HEALTH,Expenditure,USD_PPP_PS,"US dollars per person, PPP converted",HF2,Voluntary healthcare payment schemes,_Z,Not application,_T,Total,_T,Total,_T,Total,_Z,Not applicable,_Z,Not applicable,V,Current prices,2016,,171.917,,,,,,,,,,,,0,Units,1,One
DATAFLOW,OECD.ELS.HD:DSD_SHA@DF_SHA(1.1),Health expenditure and financing,I,JPN,Japan,A,Annual,EXP_HEALTH,Expenditure,USD_PPP_PS,"US dollars per person, PPP converted",HF3,Household out-of-pocket payments,_Z,Not application,_T,Total,_T,Total,_T,Total,_Z,Not applicable,_Z,Not applicable,V,Current prices,2024,,669.367,,,,,,P,Provisional value,,,,,0,Units,1,One
DATAFLOW,OECD.ELS.HD:DSD_SHA@DF_SHA(1.1),Health expenditure and financing,I,JPN,Japan,A,Annual,EXP_HEALTH,Expenditure,USD_PPP_PS,"US dollars per person, PPP converted",_T,Total,_Z,Not application,_T,Total,_T,Total,_T,Total,_Z,Not applicable,_Z,Not applicable,Q,Constant prices,2024,,4808.754,,2020,,,,P,Provisional value,,,,,0,Units,1,One
DATAFLOW,OECD.ELS.HD:DSD_SHA@DF_SHA(1.1),Health expenditure and financing,I,JPN,Japan,A,Annual,EXP_HEALTH,Expenditure,USD_PPP_PS,"US dollars per person, PPP converted",HF2,Voluntary healthcare payment schemes,_Z,Not application,_T,Total,_T,Total,_T,Total,_Z,Not applicable,_Z,Not applicable,V,Current prices,2024,,164.631,,,,,,P,Provisional value,,,,,0,Units,1,One
DATAFLOW,OECD.ELS.HD:DSD_SHA@DF_SHA(1.1),Health expenditure and financing,I,JPN,Japan,A,Annual,EXP_HEALTH,Expenditure,USD_PPP_PS,"US dollars per person, PPP converted",HF2HF3,Voluntary schemes/household out-of-pocket payments,_Z,Not application,_T,Total,_T,Total,_T,Total,_Z,Not applicable,_Z,Not applicable,V,Current prices,2024,,833.998,,,,,,P,Provisional value,,,,,0,Units,1,One
DATAFLOW,OECD.ELS.HD:DSD_SHA@DF_SHA(1.1),Health expenditure and financing,I,JPN,Japan,A,Annual,EXP_HEALTH,Expenditure,USD_PPP_PS,"US dollars per person, PPP converted",HF2,Voluntary healthcare payment schemes,_Z,Not application,_T,Total,_T,Total,_T,Total,_Z,Not applicable,_Z,Not applicable,Q,Constant prices,2024,,134.543,,2020,,,,P,Provisional value,,,,,0,Units,1,One
DATAFLOW,OECD.ELS.HD:DSD_SHA@DF_SHA(1.1),Health expenditure and financing,I,JPN,Japan,A,Annual,EXP_HEALTH,Expenditure,USD_PPP_PS,"US dollars per person, PPP converted",HF2HF3,Voluntary schemes/household out-of-pocket payments,_Z,Not application,_T,Total,_T,Total,_T,Total,_Z,Not applicable,_Z,Not applicable,Q,Constant prices,2024,,681.575,,2020,,,,P,Provisional value,,,,,0,Units,1,One
DATAFLOW,OECD.ELS.HD:DSD_SHA@DF_SHA(1.1),Health expenditure and financing,I,JPN,Japan,A,Annual,EXP_HEALTH,Expenditure,USD_PPP_PS,"US dollars per person, PPP converted",_T,Total,_Z,Not application,_T,Total,_T,Total,_T,Total,_Z,Not applicable,_Z,Not applicable,V,Current prices,2024,,5884.151,,,,,,P,Provisional value,,,,,0,Units,1,One
DATAFLOW,OECD.ELS.HD:DSD_SHA@DF_SHA(1.1),Health expenditure and financing,I,JPN,Japan,A,Annual,EXP_HEALTH,Expenditure,USD_PPP_PS,"US dollars per person, PPP converted",HF1,Government/compulsory schemes,_Z,Not application,_T,Total,_T,Total,_T,Total,_Z,Not applicable,_Z,Not applicable,V,Current prices,2024,,5050.153,,,,,,P,Provisional value,,,,,0,Units,1,One
DATAFLOW,OECD.ELS.HD:DSD_SHA@DF_SHA(1.1),Health expenditure and financing,I,JPN,Japan,A,Annual,EXP_HEALTH,Expenditure,USD_PPP_PS,"US dollars per person, PPP converted",HF3,Household out-of-pocket payments,_Z,Not application,_T,Total,_T,Total,_T,Total,_Z,Not applicable,_Z,Not applicable,Q,Constant prices,2024,,547.032,,2020,,,,P,Provisional value,,,,,0,Units,1,One
DATAFLOW,OECD.ELS.HD:DSD_SHA@DF_SHA(1.1),Health expenditure and financing,I,JPN,Japan,A,Annual,EXP_HEALTH,Expenditure,USD_PPP_PS,"US dollars per person, PPP converted",HF1,Government/compulsory schemes,_Z,Not application,_T,Total,_T,Total,_T,Total,_Z,Not applicable,_Z,Not applicable,Q,Constant prices,2024,,4127.179,,2020,,,,P,Provisional value,,,,,0,Units,1,One
DATAFLOW,OECD.ELS.HD:DSD_SHA@DF_SHA(1.1),Health expenditure and financing,I,FRA,France,A,Annual,EXP_HEALTH,Expenditure,USD_PPP_PS,"US dollars per person, PPP converted",HF11,Government schemes,_Z,Not application,_T,Total,_T,Total,_T,Total,_Z,Not applicable,_Z,Not applicable,Q,Constant prices,2024,,210.787,,2020,,,,,,,,,,0,Units,1,One
DATAFLOW,OECD.ELS.HD:DSD_SHA@DF_SHA(1.1),Health expenditure and financing,I,FRA,France,A,Annual,EXP_HEALTH,Expenditure,USD_PPP_PS,"US dollars per person, PPP converted",HF32,Cost-sharing with third-party payers,_Z,Not application,_T,Total,_T,Total,_T,Total,_Z,Not applicable,_Z,Not applicable,Q,Constant prices,2024,,469.622,,2020,,,,,,,,,,0,Units,1,One
DATAFLOW,OECD.ELS.HD:DSD_SHA@DF_SHA(1.1),Health expenditure and financing,I,FRA,France,A,Annual,EXP_HEALTH,Expenditure,USD_PPP_PS,"US dollars per person, PPP converted",HF23,Enterprise financing schemes,_Z,Not application,_T,Total,_T,Total,_T,Total,_Z,Not applicable,_Z,Not applicable,Q,Constant prices,2024,,40.468,,2020,,,,,,,,,,0,Units,1,One
DATAFLOW,OECD.ELS.HD:DSD_SHA@DF_SHA(1.1),Health expenditure and financing,I,FRA,France,A,Annual,EXP_HEALTH,Expenditure,USD_PPP_PS,"US dollars per person, PPP converted",HF121,Social health insurance schemes,_Z,Not application,_T,Total,_T,Total,_T,Total,_Z,Not applicable,_Z,Not applicable,Q,Constant prices,2024,,4383.96,,2020,,,,,,,,,,0,Units,1,One
DATAFLOW,OECD.ELS.HD:DSD_SHA@DF_SHA(1.1),Health expenditure and financing,I,FRA,France,A,Annual,EXP_HEALTH,Expenditure,USD_PPP_PS,"US dollars per person, PPP converted",HF1,Government/compulsory schemes,_Z,Not application,_T,Total,_T,Total,_T,Total,_Z,Not applicable,_Z,Not applicable,Q,Constant prices,2024,,4994.759,,2020,,,,,,,,,,0,Units,1,One
DATAFLOW,OECD.ELS.HD:DSD_SHA@DF_SHA(1.1),Health expenditure and financing,I,FRA,France,A,Annual,EXP_HEALTH,Expenditure,USD_PPP_PS,"US dollars per person, PPP converted",HF12HF13,Compulsory contributory health insurance schemes,_Z,Not application,_T,Total,_T,Total,_T,Total,_Z,Not applicable,_Z,Not applicable,Q,Constant prices,2024,,4783.972,,2020,,,,,,,,,,0,Units,1,One
DATAFLOW,OECD.ELS.HD:DSD_SHA@DF_SHA(1.1),Health expenditure and financing,I,FRA,France,A,Annual,EXP_HEALTH,Expenditure,USD_PPP_PS,"US dollars per person, PPP converted",_T,Total,_Z,Not application,_T,Total,_T,Total,_T,Total,_Z,Not applicable,_Z,Not applicable,Q,Constant prices,2024,,5995.466,,2020,,,,,,,,,,0,Units,1,One
DATAFLOW,OECD.ELS.HD:DSD_SHA@DF_SHA(1.1),Health expenditure and financing,I,FRA,France,A,Annual,EXP_HEALTH,Expenditure,USD_PPP_PS,"US dollars per person, PPP converted",HF3,Household out-of-pocket payments,_Z,Not application,_T,Total,_T,Total,_T,Total,_Z,Not applicable,_Z,Not applicable,Q,Constant prices,2024,,609.908,,2020,,,,,,,,,,0,Units,1,One
DATAFLOW,OECD.ELS.HD:DSD_SHA@DF_SHA(1.1),Health expenditure and financing,I,FRA,France,A,Annual,EXP_HEALTH,Expenditure,USD_PPP_PS,"US dollars per person, PPP converted",HF122,Compulsory private insurance schemes,_Z,Not application,_T,Total,_T,Total,_T,Total,_Z,Not applicable,_Z,Not applicable,Q,Constant prices,2024,,400.011,,2020,,,,,,,,,,0,Units,1,One
DATAFLOW,OECD.ELS.HD:DSD_SHA@DF_SHA(1.1),Health expenditure and financing,I,FRA,France,A,Annual,EXP_HEALTH,Expenditure,USD_PPP_PS,"US dollars per person, PPP converted",HF31,Out-of-pocket excluding cost-sharing,_Z,Not application,_T,Total,_T,Total,_T,Total,_Z,Not applicable,_Z,Not applicable,Q,Constant prices,2024,,140.286,,2020,,,,,,,,,,0,Units,1,One
DATAFLOW,OECD.ELS.HD:DSD_SHA@DF_SHA(1.1),Health expenditure and financing,I,FRA,France,A,Annual,EXP_HEALTH,Expenditure,USD_PPP_PS,"US dollars per person, PPP converted",HF2HF3,Voluntary schemes/household out-of-pocket payments,_Z,Not application,_T,Total,_T,Total,_T,Total,_Z,Not applicable,_Z,Not applicable,Q,Constant prices,2024,,1000.707,,2020,,,,,,,,,,0,Units,1,One
DATAFLOW,OECD.ELS.HD:DSD_SHA@DF_SHA(1.1),Health expenditure and financing,I,FRA,France,A,Annual,EXP_HEALTH,Expenditure,USD_PPP_PS,"US dollars per person, PPP converted",HF21,Voluntary health insurance schemes,_Z,Not application,_T,Total,_T,Total,_T,Total,_Z,Not applicable,_Z,Not applicable,Q,Constant prices,2024,,350.332,,2020,,,,,,,,,,0,Units,1,One
DATAFLOW,OECD.ELS.HD:DSD_SHA@DF_SHA(1.1),Health expenditure and financing,I,FRA,France,A,Annual,EXP_HEALTH,Expenditure,USD_PPP_PS,"US dollars per person, PPP converted",HF2,Voluntary healthcare payment schemes,_Z,Not application,_T,Total,_T,Total,_T,Total,_Z,Not applicable,_Z,Not applicable,Q,Constant prices,2024,,390.799,,2020,,,,,,,,,,0,Units,1,One
DATAFLOW,OECD.ELS.HD:DSD_SHA@DF_SHA(1.1),Health expenditure and financing,I,FRA,France,A,Annual,EXP_HEALTH,Expenditure,USD_PPP_PS,"US dollars per person, PPP converted",HF11,Government schemes,_Z,Not application,_T,Total,_T,Total,_T,Total,_Z,Not applicable,_Z,Not applicable,V,Current prices,2024,,261.34,,,,,,,,,,,,0,Units,1,One
DATAFLOW,OECD.ELS.HD:DSD_SHA@DF_SHA(1.1),Health expenditure and financing,I,FRA,France,A,Annual,EXP_HEALTH,Expenditure,USD_PPP_PS,"US dollars per person, PPP converted",HF32,Cost-sharing with third-party payers,_Z,Not application,_T,Total,_T,Total,_T,Total,_Z,Not applicable,_Z,Not applicable,V,Current prices,2024,,582.253,,,,,,,,,,,,0,Units,1,One
DATAFLOW,OECD.ELS.HD:DSD_SHA@DF_SHA(1.1),Health expenditure and financing,I,FRA,France,A,Annual,EXP_HEALTH,Expenditure,USD_PPP_PS,"US dollars per person, PPP converted",HF3,Household out-of-pocket payments,_Z,Not application,_T,Total,_T,Total,_T,Total,_Z,Not applicable,_Z,Not applicable,V,Current prices,2024,,756.184,,,,,,,,,,,,0,Units,1,One
DATAFLOW,OECD.ELS.HD:DSD_SHA@DF_SHA(1.1),Health expenditure and financing,I,FRA,France,A,Annual,EXP_HEALTH,Expenditure,USD_PPP_PS,"US dollars per person, PPP converted",HF2,Voluntary healthcare payment schemes,_Z,Not application,_T,Total,_T,Total,_T,Total,_Z,Not applicable,_Z,Not applicable,V,Current prices,2024,,484.526,,,,,,,,,,,,0,Units,1,One
DATAFLOW,OECD.ELS.HD:DSD_SHA@DF_SHA(1.1),Health expenditure and financing,I,FRA,France,A,Annual,EXP_HEALTH,Expenditure,USD_PPP_PS,"US dollars per person, PPP converted",HF21,Voluntary health insurance schemes,_Z,Not application,_T,Total,_T,Total,_T,Total,_Z,Not applicable,_Z,Not applicable,V,Current prices,2024,,434.352,,,,,,,,,,,,0,Units,1,One
DATAFLOW,OECD.ELS.HD:DSD_SHA@DF_SHA(1.1),Health expenditure and financing,I,FRA,France,A,Annual,EXP_HEALTH,Expenditure,USD_PPP_PS,"US dollars per person, PPP converted",HF122,Compulsory private insurance schemes,_Z,Not application,_T,Total,_T,Total,_T,Total,_Z,Not applicable,_Z,Not applicable,V,Current prices,2024,,495.947,,,,,,,,,,,,0,Units,1,One
DATAFLOW,OECD.ELS.HD:DSD_SHA@DF_SHA(1.1),Health expenditure and financing,I,FRA,France,A,Annual,EXP_HEALTH,Expenditure,USD_PPP_PS,"US dollars per person, PPP converted",HF2HF3,Voluntary schemes/household out-of-pocket payments,_Z,Not application,_T,Total,_T,Total,_T,Total,_Z,Not applicable,_Z,Not applicable,V,Current prices,2024,,1240.709,,,,,,,,,,,,0,Units,1,One
DATAFLOW,OECD.ELS.HD:DSD_SHA@DF_SHA(1.1),Health expenditure and financing,I,FRA,France,A,Annual,EXP_HEALTH,Expenditure,USD_PPP_PS,"US dollars per person, PPP converted",HF1,Government/compulsory schemes,_Z,Not application,_T,Total,_T,Total,_T,Total,_Z,Not applicable,_Z,Not applicable,V,Current prices,2024,,6192.663,,,,,,,,,,,,0,Units,1,One
DATAFLOW,OECD.ELS.HD:DSD_SHA@DF_SHA(1.1),Health expenditure and financing,I,FRA,France,A,Annual,EXP_HEALTH,Expenditure,USD_PPP_PS,"US dollars per person, PPP converted",_T,Total,_Z,Not application,_T,Total,_T,Total,_T,Total,_Z,Not applicable,_Z,Not applicable,V,Current prices,2024,,7433.373,,,,,,,,,,,,0,Units,1,One
DATAFLOW,OECD.ELS.HD:DSD_SHA@DF_SHA(1.1),Health expenditure and financing,I,FRA,France,A,Annual,EXP_HEALTH,Expenditure,USD_PPP_PS,"US dollars per person, PPP converted",HF121,Social health insurance schemes,_Z,Not application,_T,Total,_T,Total,_T,Total,_Z,Not applicable,_Z,Not applicable,V,Current prices,2024,,5435.376,,,,,,,,,,,,0,Units,1,One
DATAFLOW,OECD.ELS.HD:DSD_SHA@DF_SHA(1.1),Health expenditure and financing,I,FRA,France,A,Annual,EXP_HEALTH,Expenditure,USD_PPP_PS,"US dollars per person, PPP converted",HF12HF13,Compulsory contributory health insurance schemes,_Z,Not application,_T,Total,_T,Total,_T,Total,_Z,Not applicable,_Z,Not applicable,V,Current prices,2024,,5931.323,,,,,,,,,,,,0,Units,1,One
DATAFLOW,OECD.ELS.HD:DSD_SHA@DF_SHA(1.1),Health expenditure and financing,I,FRA,France,A,Annual,EXP_HEALTH,Expenditure,USD_PPP_PS,"US dollars per person, PPP converted",HF31,Out-of-pocket excluding cost-sharing,_Z,Not application,_T,Total,_T,Total,_T,Total,_Z,Not applicable,_Z,Not applicable,V,Current prices,2024,,173.931,,,,,,,,,,,,0,Units,1,One
DATAFLOW,OECD.ELS.HD:DSD_SHA@DF_SHA(1.1),Health expenditure and financing,I,FRA,France,A,Annual,EXP_HEALTH,Expenditure,USD_PPP_PS,"US dollars per person, PPP converted",HF23,Enterprise financing schemes,_Z,Not application,_T,Total,_T,Total,_T,Total,_Z,Not applicable,_Z,Not applicable,V,Current prices,2024,,50.173,,,,,,,,,,,,0,Units,1,One
DATAFLOW,OECD.ELS.HD:DSD_SHA@DF_SHA(1.1),Health expenditure and financing,I,NZL,New Zealand,A,Annual,EXP_HEALTH,Expenditure,USD_PPP_PS,"US dollars per person, PPP converted",_T,Total,_Z,Not application,_T,Total,_T,Total,_T,Total,_Z,Not applicable,_Z,Not applicable,Q,Constant prices,2024,,4886.199,,2020,,,,P,Provisional value,,,,,0,Units,1,One
DATAFLOW,OECD.ELS.HD:DSD_SHA@DF_SHA(1.1),Health expenditure and financing,I,NZL,New Zealand,A,Annual,EXP_HEALTH,Expenditure,USD_PPP_PS,"US dollars per person, PPP converted",HF2HF3,Voluntary schemes/household out-of-pocket payments,_Z,Not application,_T,Total,_T,Total,_T,Total,_Z,Not applicable,_Z,Not applicable,Q,Constant prices,2024,,987.596,,2020,,,,P,Provisional value,,,,,0,Units,1,One
DATAFLOW,OECD.ELS.HD:DSD_SHA@DF_SHA(1.1),Health expenditure and financing,I,NZL,New Zealand,A,Annual,EXP_HEALTH,Expenditure,USD_PPP_PS,"US dollars per person, PPP converted",HF31,Out-of-pocket excluding cost-sharing,_Z,Not application,_T,Total,_T,Total,_T,Total,_Z,Not applicable,_Z,Not applicable,Q,Constant prices,2024,,394.524,,2020,,,,P,Provisional value,,,,,0,Units,1,One
DATAFLOW,OECD.ELS.HD:DSD_SHA@DF_SHA(1.1),Health expenditure and financing,I,NZL,New Zealand,A,Annual,EXP_HEALTH,Expenditure,USD_PPP_PS,"US dollars per person, PPP converted",HF2,Voluntary healthcare payment schemes,_Z,Not application,_T,Total,_T,Total,_T,Total,_Z,Not applicable,_Z,Not applicable,Q,Constant prices,2024,,367.652,,2020,,,,P,Provisional value,,,,,0,Units,1,One
DATAFLOW,OECD.ELS.HD:DSD_SHA@DF_SHA(1.1),Health expenditure and financing,I,NZL,New Zealand,A,Annual,EXP_HEALTH,Expenditure,USD_PPP_PS,"US dollars per person, PPP converted",HF121,Social health insurance schemes,_Z,Not application,_T,Total,_T,Total,_T,Total,_Z,Not applicable,_Z,Not applicable,Q,Constant prices,2024,,416.493,,2020,,,,P,Provisional value,,,,,0,Units,1,One
DATAFLOW,OECD.ELS.HD:DSD_SHA@DF_SHA(1.1),Health expenditure and financing,I,NZL,New Zealand,A,Annual,EXP_HEALTH,Expenditure,USD_PPP_PS,"US dollars per person, PPP converted",HF32,Cost-sharing with third-party payers,_Z,Not application,_T,Total,_T,Total,_T,Total,_Z,Not applicable,_Z,Not applicable,Q,Constant prices,2024,,225.42,,2020,,,,P,Provisional value,,,,,0,Units,1,One
DATAFLOW,OECD.ELS.HD:DSD_SHA@DF_SHA(1.1),Health expenditure and financing,I,NZL,New Zealand,A,Annual,EXP_HEALTH,Expenditure,USD_PPP_PS,"US dollars per person, PPP converted",HF21,Voluntary health insurance schemes,_Z,Not application,_T,Total,_T,Total,_T,Total,_Z,Not applicable,_Z,Not applicable,Q,Constant prices,2024,,275.518,,2020,,,,P,Provisional value,,,,,0,Units,1,One
DATAFLOW,OECD.ELS.HD:DSD_SHA@DF_SHA(1.1),Health expenditure and financing,I,NZL,New Zealand,A,Annual,EXP_HEALTH,Expenditure,USD_PPP_PS,"US dollars per person, PPP converted",HF3,Household out-of-pocket payments,_Z,Not application,_T,Total,_T,Total,_T,Total,_Z,Not applicable,_Z,Not applicable,Q,Constant prices,2024,,619.944,,2020,,,,P,Provisional value,,,,,0,Units,1,One
DATAFLOW,OECD.ELS.HD:DSD_SHA@DF_SHA(1.1),Health expenditure and financing,I,NZL,New Zealand,A,Annual,EXP_HEALTH,Expenditure,USD_PPP_PS,"US dollars per person, PPP converted",HF22,NPISH financing schemes,_Z,Not application,_T,Total,_T,Total,_T,Total,_Z,Not applicable,_Z,Not applicable,Q,Constant prices,2024,,92.134,,2020,,,,P,Provisional value,,,,,0,Units,1,One
DATAFLOW,OECD.ELS.HD:DSD_SHA@DF_SHA(1.1),Health expenditure and financing,I,NZL,New Zealand,A,Annual,EXP_HEALTH,Expenditure,USD_PPP_PS,"US dollars per person, PPP converted",HF1,Government/compulsory schemes,_Z,Not application,_T,Total,_T,Total,_T,Total,_Z,Not applicable,_Z,Not applicable,Q,Constant prices,2024,,3898.603,,2020,,,,P,Provisional value,,,,,0,Units,1,One
DATAFLOW,OECD.ELS.HD:DSD_SHA@DF_SHA(1.1),Health expenditure and financing,I,NZL,New Zealand,A,Annual,EXP_HEALTH,Expenditure,USD_PPP_PS,"US dollars per person, PPP converted",HF12HF13,Compulsory contributory health insurance schemes,_Z,Not application,_T,Total,_T,Total,_T,Total,_Z,Not applicable,_Z,Not applicable,Q,Constant prices,2024,,416.493,,2020,,,,P,Provisional value,,,,,0,Units,1,One
DATAFLOW,OECD.ELS.HD:DSD_SHA@DF_SHA(1.1),Health expenditure and financing,I,NZL,New Zealand,A,Annual,EXP_HEALTH,Expenditure,USD_PPP_PS,"US dollars per person, PPP converted",HF11,Government schemes,_Z,Not application,_T,Total,_T,Total,_T,Total,_Z,Not applicable,_Z,Not applicable,Q,Constant prices,2024,,3482.11,,2020,,,,P,Provisional value,,,,,0,Units,1,One
DATAFLOW,OECD.ELS.HD:DSD_SHA@DF_SHA(1.1),Health expenditure and financing,I,NZL,New Zealand,A,Annual,EXP_HEALTH,Expenditure,USD_PPP_PS,"US dollars per person, PPP converted",HF121,Social health insurance schemes,_Z,Not application,_T,Total,_T,Total,_T,Total,_Z,Not applicable,_Z,Not applicable,V,Current prices,2024,,517.156,,,,,,P,Provisional value,,,,,0,Units,1,One
DATAFLOW,OECD.ELS.HD:DSD_SHA@DF_SHA(1.1),Health expenditure and financing,I,NZL,New Zealand,A,Annual,EXP_HEALTH,Expenditure,USD_PPP_PS,"US dollars per person, PPP converted",HF2HF3,Voluntary schemes/household out-of-pocket payments,_Z,Not application,_T,Total,_T,Total,_T,Total,_Z,Not applicable,_Z,Not applicable,V,Current prices,2024,,1226.288,,,,,,P,Provisional value,,,,,0,Units,1,One
DATAFLOW,OECD.ELS.HD:DSD_SHA@DF_SHA(1.1),Health expenditure and financing,I,NZL,New Zealand,A,Annual,EXP_HEALTH,Expenditure,USD_PPP_PS,"US dollars per person, PPP converted",HF32,Cost-sharing with third-party payers,_Z,Not application,_T,Total,_T,Total,_T,Total,_Z,Not applicable,_Z,Not applicable,V,Current prices,2024,,279.901,,,,,,P,Provisional value,,,,,0,Units,1,One
DATAFLOW,OECD.ELS.HD:DSD_SHA@DF_SHA(1.1),Health expenditure and financing,I,NZL,New Zealand,A,Annual,EXP_HEALTH,Expenditure,USD_PPP_PS,"US dollars per person, PPP converted",HF21,Voluntary health insurance schemes,_Z,Not application,_T,Total,_T,Total,_T,Total,_Z,Not applicable,_Z,Not applicable,V,Current prices,2024,,342.108,,,,,,P,Provisional value,,,,,0,Units,1,One
DATAFLOW,OECD.ELS.HD:DSD_SHA@DF_SHA(1.1),Health expenditure and financing,I,NZL,New Zealand,A,Annual,EXP_HEALTH,Expenditure,USD_PPP_PS,"US dollars per person, PPP converted",HF22,NPISH financing schemes,_Z,Not application,_T,Total,_T,Total,_T,Total,_Z,Not applicable,_Z,Not applicable,V,Current prices,2024,,114.401,,,,,,P,Provisional value,,,,,0,Units,1,One
DATAFLOW,OECD.ELS.HD:DSD_SHA@DF_SHA(1.1),Health expenditure and financing,I,NZL,New Zealand,A,Annual,EXP_HEALTH,Expenditure,USD_PPP_PS,"US dollars per person, PPP converted",HF1,Government/compulsory schemes,_Z,Not application,_T,Total,_T,Total,_T,Total,_Z,Not applicable,_Z,Not applicable,V,Current prices,2024,,4840.858,,,,,,P,Provisional value,,,,,0,Units,1,One
DATAFLOW,OECD.ELS.HD:DSD_SHA@DF_SHA(1.1),Health expenditure and financing,I,NZL,New Zealand,A,Annual,EXP_HEALTH,Expenditure,USD_PPP_PS,"US dollars per person, PPP converted",HF31,Out-of-pocket excluding cost-sharing,_Z,Not application,_T,Total,_T,Total,_T,Total,_Z,Not applicable,_Z,Not applicable,V,Current prices,2024,,489.877,,,,,,P,Provisional value,,,,,0,Units,1,One
DATAFLOW,OECD.ELS.HD:DSD_SHA@DF_SHA(1.1),Health expenditure and financing,I,NZL,New Zealand,A,Annual,EXP_HEALTH,Expenditure,USD_PPP_PS,"US dollars per person, PPP converted",HF12HF13,Compulsory contributory health insurance schemes,_Z,Not application,_T,Total,_T,Total,_T,Total,_Z,Not applicable,_Z,Not applicable,V,Current prices,2024,,517.156,,,,,,P,Provisional value,,,,,0,Units,1,One
DATAFLOW,OECD.ELS.HD:DSD_SHA@DF_SHA(1.1),Health expenditure and financing,I,NZL,New Zealand,A,Annual,EXP_HEALTH,Expenditure,USD_PPP_PS,"US dollars per person, PPP converted",_T,Total,_Z,Not application,_T,Total,_T,Total,_T,Total,_Z,Not applicable,_Z,Not applicable,V,Current prices,2024,,6067.146,,,,,,P,Provisional value,,,,,0,Units,1,One
DATAFLOW,OECD.ELS.HD:DSD_SHA@DF_SHA(1.1),Health expenditure and financing,I,NZL,New Zealand,A,Annual,EXP_HEALTH,Expenditure,USD_PPP_PS,"US dollars per person, PPP converted",HF2,Voluntary healthcare payment schemes,_Z,Not application,_T,Total,_T,Total,_T,Total,_Z,Not applicable,_Z,Not applicable,V,Current prices,2024,,456.51,,,,,,P,Provisional value,,,,,0,Units,1,One
DATAFLOW,OECD.ELS.HD:DSD_SHA@DF_SHA(1.1),Health expenditure and financing,I,NZL,New Zealand,A,Annual,EXP_HEALTH,Expenditure,USD_PPP_PS,"US dollars per person, PPP converted",HF11,Government schemes,_Z,Not application,_T,Total,_T,Total,_T,Total,_Z,Not applicable,_Z,Not applicable,V,Current prices,2024,,4323.702,,,,,,P,Provisional value,,,,,0,Units,1,One
DATAFLOW,OECD.ELS.HD:DSD_SHA@DF_SHA(1.1),Health expenditure and financing,I,NZL,New Zealand,A,Annual,EXP_HEALTH,Expenditure,USD_PPP_PS,"US dollars per person, PPP converted",HF3,Household out-of-pocket payments,_Z,Not application,_T,Total,_T,Total,_T,Total,_Z,Not applicable,_Z,Not applicable,V,Current prices,2024,,769.778,,,,,,P,Provisional value,,,,,0,Units,1,One
DATAFLOW,OECD.ELS.HD:DSD_SHA@DF_SHA(1.1),Health expenditure and financing,I,CAN,Canada,A,Annual,EXP_HEALTH,Expenditure,USD_PPP_PS,"US dollars per person, PPP converted",HF23,Enterprise financing schemes,_Z,Not application,_T,Total,_T,Total,_T,Total,_Z,Not applicable,_Z,Not applicable,Q,Constant prices,2016,,47.989,,2020,,,,,,,,,,0,Units,1,One
DATAFLOW,OECD.ELS.HD:DSD_SHA@DF_SHA(1.1),Health expenditure and financing,I,CAN,Canada,A,Annual,EXP_HEALTH,Expenditure,USD_PPP_PS,"US dollars per person, PPP converted",HF2HF3,Voluntary schemes/household out-of-pocket payments,_Z,Not application,_T,Total,_T,Total,_T,Total,_Z,Not applicable,_Z,Not applicable,Q,Constant prices,2016,,1625.946,,2020,,,,,,,,,,0,Units,1,One
DATAFLOW,OECD.ELS.HD:DSD_SHA@DF_SHA(1.1),Health expenditure and financing,I,CAN,Canada,A,Annual,EXP_HEALTH,Expenditure,USD_PPP_PS,"US dollars per person, PPP converted",HF21,Voluntary health insurance schemes,_Z,Not application,_T,Total,_T,Total,_T,Total,_Z,Not applicable,_Z,Not applicable,Q,Constant prices,2016,,686.016,,2020,,,,,,,,,,0,Units,1,One
DATAFLOW,OECD.ELS.HD:DSD_SHA@DF_SHA(1.1),Health expenditure and financing,I,CAN,Canada,A,Annual,EXP_HEALTH,Expenditure,USD_PPP_PS,"US dollars per person, PPP converted",HF121,Social health insurance schemes,_Z,Not application,_T,Total,_T,Total,_T,Total,_Z,Not applicable,_Z,Not applicable,Q,Constant prices,2016,,76.644,,2020,,,,,,,,,,0,Units,1,One
DATAFLOW,OECD.ELS.HD:DSD_SHA@DF_SHA(1.1),Health expenditure and financing,I,CAN,Canada,A,Annual,EXP_HEALTH,Expenditure,USD_PPP_PS,"US dollars per person, PPP converted",HF12HF13,Compulsory contributory health insurance schemes,_Z,Not application,_T,Total,_T,Total,_T,Total,_Z,Not applicable,_Z,Not applicable,Q,Constant prices,2016,,76.644,,2020,,,,,,,,,,0,Units,1,One
DATAFLOW,OECD.ELS.HD:DSD_SHA@DF_SHA(1.1),Health expenditure and financing,I,CAN,Canada,A,Annual,EXP_HEALTH,Expenditure,USD_PPP_PS,"US dollars per person, PPP converted",HF1,Government/compulsory schemes,_Z,Not application,_T,Total,_T,Total,_T,Total,_Z,Not applicable,_Z,Not applicable,Q,Constant prices,2016,,3753.778,,2020,,,,,,,,,,0,Units,1,One
DATAFLOW,OECD.ELS.HD:DSD_SHA@DF_SHA(1.1),Health expenditure and financing,I,CAN,Canada,A,Annual,EXP_HEALTH,Expenditure,USD_PPP_PS,"US dollars per person, PPP converted",HF11,Government schemes,_Z,Not application,_T,Total,_T,Total,_T,Total,_Z,Not applicable,_Z,Not applicable,Q,Constant prices,2016,,3677.134,,2020,,,,,,,,,,0,Units,1,One
DATAFLOW,OECD.ELS.HD:DSD_SHA@DF_SHA(1.1),Health expenditure and financing,I,CAN,Canada,A,Annual,EXP_HEALTH,Expenditure,USD_PPP_PS,"US dollars per person, PPP converted",_T,Total,_Z,Not application,_T,Total,_T,Total,_T,Total,_Z,Not applicable,_Z,Not applicable,Q,Constant prices,2016,,5379.723,,2020,,,,,,,,,,0,Units,1,One
DATAFLOW,OECD.ELS.HD:DSD_SHA@DF_SHA(1.1),Health expenditure and financing,I,CAN,Canada,A,Annual,EXP_HEALTH,Expenditure,USD_PPP_PS,"US dollars per person, PPP converted",HF2,Voluntary healthcare payment schemes,_Z,Not application,_T,Total,_T,Total,_T,Total,_Z,Not applicable,_Z,Not applicable,Q,Constant prices,2015,,769.55,,2020,,,,,,,,,,0,Units,1,One
DATAFLOW,OECD.ELS.HD:DSD_SHA@DF_SHA(1.1),Health expenditure and financing,I,CAN,Canada,A,Annual,EXP_HEALTH,Expenditure,USD_PPP_PS,"US dollars per person, PPP converted",HF3,Household out-of-pocket payments,_Z,Not application,_T,Total,_T,Total,_T,Total,_Z,Not applicable,_Z,Not applicable,Q,Constant prices,2015,,765.401,,2020,,,,,,,,,,0,Units,1,One
DATAFLOW,OECD.ELS.HD:DSD_SHA@DF_SHA(1.1),Health expenditure and financing,I,CAN,Canada,A,Annual,EXP_HEALTH,Expenditure,USD_PPP_PS,"US dollars per person, PPP converted",HF22,NPISH financing schemes,_Z,Not application,_T,Total,_T,Total,_T,Total,_Z,Not applicable,_Z,Not applicable,Q,Constant prices,2015,,70.047,,2020,,,,,,,,,,0,Units,1,One
DATAFLOW,OECD.ELS.HD:DSD_SHA@DF_SHA(1.1),Health expenditure and financing,I,CAN,Canada,A,Annual,EXP_HEALTH,Expenditure,USD_PPP_PS,"US dollars per person, PPP converted",_T,Total,_Z,Not application,_T,Total,_T,Total,_T,Total,_Z,Not applicable,_Z,Not applicable,Q,Constant prices,2015,,5250.074,,2020,,,,,,,,,,0,Units,1,One
DATAFLOW,OECD.ELS.HD:DSD_SHA@DF_SHA(1.1),Health expenditure and financing,I,CAN,Canada,A,Annual,EXP_HEALTH,Expenditure,USD_PPP_PS,"US dollars per person, PPP converted",HF11,Government schemes,_Z,Not application,_T,Total,_T,Total,_T,Total,_Z,Not applicable,_Z,Not applicable,Q,Constant prices,2015,,3639.325,,2020,,,,,,,,,,0,Units,1,One
DATAFLOW,OECD.ELS.HD:DSD_SHA@DF_SHA(1.1),Health expenditure and financing,I,CAN,Canada,A,Annual,EXP_HEALTH,Expenditure,USD_PPP_PS,"US dollars per person, PPP converted",HF1,Government/compulsory schemes,_Z,Not application,_T,Total,_T,Total,_T,Total,_Z,Not applicable,_Z,Not applicable,Q,Constant prices,2015,,3715.124,,2020,,,,,,,,,,0,Units,1,One
DATAFLOW,OECD.ELS.HD:DSD_SHA@DF_SHA(1.1),Health expenditure and financing,I,CAN,Canada,A,Annual,EXP_HEALTH,Expenditure,USD_PPP_PS,"US dollars per person, PPP converted",HF12HF13,Compulsory contributory health insurance schemes,_Z,Not application,_T,Total,_T,Total,_T,Total,_Z,Not applicable,_Z,Not applicable,Q,Constant prices,2015,,75.799,,2020,,,,,,,,,,0,Units,1,One
DATAFLOW,OECD.ELS.HD:DSD_SHA@DF_SHA(1.1),Health expenditure and financing,I,CAN,Canada,A,Annual,EXP_HEALTH,Expenditure,USD_PPP_PS,"US dollars per person, PPP converted",HF121,Social health insurance schemes,_Z,Not application,_T,Total,_T,Total,_T,Total,_Z,Not applicable,_Z,Not applicable,Q,Constant prices,2015,,75.799,,2020,,,,,,,,,,0,Units,1,One
DATAFLOW,OECD.ELS.HD:DSD_SHA@DF_SHA(1.1),Health expenditure and financing,I,CAN,Canada,A,Annual,EXP_HEALTH,Expenditure,USD_PPP_PS,"US dollars per person, PPP converted",HF21,Voluntary health insurance schemes,_Z,Not application,_T,Total,_T,Total,_T,Total,_Z,Not applicable,_Z,Not applicable,Q,Constant prices,2015,,663.51,,2020,,,,,,,,,,0,Units,1,One
DATAFLOW,OECD.ELS.HD:DSD_SHA@DF_SHA(1.1),Health expenditure and financing,I,CAN,Canada,A,Annual,EXP_HEALTH,Expenditure,USD_PPP_PS,"US dollars per person, PPP converted",HF2HF3,Voluntary schemes/household out-of-pocket payments,_Z,Not application,_T,Total,_T,Total,_T,Total,_Z,Not applicable,_Z,Not applicable,Q,Constant prices,2015,,1534.95,,2020,,,,,,,,,,0,Units,1,One
DATAFLOW,OECD.ELS.HD:DSD_SHA@DF_SHA(1.1),Health expenditure and financing,I,CAN,Canada,A,Annual,EXP_HEALTH,Expenditure,USD_PPP_PS,"US dollars per person, PPP converted",HF23,Enterprise financing schemes,_Z,Not application,_T,Total,_T,Total,_T,Total,_Z,Not applicable,_Z,Not applicable,Q,Constant prices,2015,,35.993,,2020,,,,,,,,,,0,Units,1,One
DATAFLOW,OECD.ELS.HD:DSD_SHA@DF_SHA(1.1),Health expenditure and financing,I,NZL,New Zealand,A,Annual,EXP_HEALTH,Expenditure,USD_PPP_PS,"US dollars per person, PPP converted",HF11,Government schemes,_Z,Not application,_T,Total,_T,Total,_T,Total,_Z,Not applicable,_Z,Not applicable,Q,Constant prices,2015,,2689.537,,2020,,,,,,,,,,0,Units,1,One
DATAFLOW,OECD.ELS.HD:DSD_SHA@DF_SHA(1.1),Health expenditure and financing,I,NZL,New Zealand,A,Annual,EXP_HEALTH,Expenditure,USD_PPP_PS,"US dollars per person, PPP converted",HF12HF13,Compulsory contributory health insurance schemes,_Z,Not application,_T,Total,_T,Total,_T,Total,_Z,Not applicable,_Z,Not applicable,Q,Constant prices,2015,,360.403,,2020,,,,,,,,,,0,Units,1,One
DATAFLOW,OECD.ELS.HD:DSD_SHA@DF_SHA(1.1),Health expenditure and financing,I,NZL,New Zealand,A,Annual,EXP_HEALTH,Expenditure,USD_PPP_PS,"US dollars per person, PPP converted",HF1,Government/compulsory schemes,_Z,Not application,_T,Total,_T,Total,_T,Total,_Z,Not applicable,_Z,Not applicable,Q,Constant prices,2015,,3049.94,,2020,,,,,,,,,,0,Units,1,One
DATAFLOW,OECD.ELS.HD:DSD_SHA@DF_SHA(1.1),Health expenditure and financing,I,NZL,New Zealand,A,Annual,EXP_HEALTH,Expenditure,USD_PPP_PS,"US dollars per person, PPP converted",HF22,NPISH financing schemes,_Z,Not application,_T,Total,_T,Total,_T,Total,_Z,Not applicable,_Z,Not applicable,Q,Constant prices,2015,,106.715,,2020,,,,,,,,,,0,Units,1,One
DATAFLOW,OECD.ELS.HD:DSD_SHA@DF_SHA(1.1),Health expenditure and financing,I,NZL,New Zealand,A,Annual,EXP_HEALTH,Expenditure,USD_PPP_PS,"US dollars per person, PPP converted",HF3,Household out-of-pocket payments,_Z,Not application,_T,Total,_T,Total,_T,Total,_Z,Not applicable,_Z,Not applicable,Q,Constant prices,2015,,536.739,,2020,,,,,,,,,,0,Units,1,One
DATAFLOW,OECD.ELS.HD:DSD_SHA@DF_SHA(1.1),Health expenditure and financing,I,NZL,New Zealand,A,Annual,EXP_HEALTH,Expenditure,USD_PPP_PS,"US dollars per person, PPP converted",HF21,Voluntary health insurance schemes,_Z,Not application,_T,Total,_T,Total,_T,Total,_Z,Not applicable,_Z,Not applicable,Q,Constant prices,2015,,195.831,,2020,,,,,,,,,,0,Units,1,One
DATAFLOW,OECD.ELS.HD:DSD_SHA@DF_SHA(1.1),Health expenditure and financing,I,NZL,New Zealand,A,Annual,EXP_HEALTH,Expenditure,USD_PPP_PS,"US dollars per person, PPP converted",HF32,Cost-sharing with third-party payers,_Z,Not application,_T,Total,_T,Total,_T,Total,_Z,Not applicable,_Z,Not applicable,Q,Constant prices,2015,,193.35,,2020,,,,,,,,,,0,Units,1,One
DATAFLOW,OECD.ELS.HD:DSD_SHA@DF_SHA(1.1),Health expenditure and financing,I,NZL,New Zealand,A,Annual,EXP_HEALTH,Expenditure,USD_PPP_PS,"US dollars per person, PPP converted",HF121,Social health insurance schemes,_Z,Not application,_T,Total,_T,Total,_T,Total,_Z,Not applicable,_Z,Not applicable,Q,Constant prices,2015,,360.403,,2020,,,,,,,,,,0,Units,1,One
DATAFLOW,OECD.ELS.HD:DSD_SHA@DF_SHA(1.1),Health expenditure and financing,I,NZL,New Zealand,A,Annual,EXP_HEALTH,Expenditure,USD_PPP_PS,"US dollars per person, PPP converted",HF2,Voluntary healthcare payment schemes,_Z,Not application,_T,Total,_T,Total,_T,Total,_Z,Not applicable,_Z,Not applicable,Q,Constant prices,2015,,302.547,,2020,,,,,,,,,,0,Units,1,One
DATAFLOW,OECD.ELS.HD:DSD_SHA@DF_SHA(1.1),Health expenditure and financing,I,NZL,New Zealand,A,Annual,EXP_HEALTH,Expenditure,USD_PPP_PS,"US dollars per person, PPP converted",HF31,Out-of-pocket excluding cost-sharing,_Z,Not application,_T,Total,_T,Total,_T,Total,_Z,Not applicable,_Z,Not applicable,Q,Constant prices,2015,,343.389,,2020,,,,,,,,,,0,Units,1,One
DATAFLOW,OECD.ELS.HD:DSD_SHA@DF_SHA(1.1),Health expenditure and financing,I,NZL,New Zealand,A,Annual,EXP_HEALTH,Expenditure,USD_PPP_PS,"US dollars per person, PPP converted",HF2HF3,Voluntary schemes/household out-of-pocket payments,_Z,Not application,_T,Total,_T,Total,_T,Total,_Z,Not applicable,_Z,Not applicable,Q,Constant prices,2015,,839.285,,2020,,,,,,,,,,0,Units,1,One
DATAFLOW,OECD.ELS.HD:DSD_SHA@DF_SHA(1.1),Health expenditure and financing,I,NZL,New Zealand,A,Annual,EXP_HEALTH,Expenditure,USD_PPP_PS,"US dollars per person, PPP converted",_T,Total,_Z,Not application,_T,Total,_T,Total,_T,Total,_Z,Not applicable,_Z,Not applicable,Q,Constant prices,2015,,3889.226,,2020,,,,,,,,,,0,Units,1,One
DATAFLOW,OECD.ELS.HD:DSD_SHA@DF_SHA(1.1),Health expenditure and financing,I,NZL,New Zealand,A,Annual,EXP_HEALTH,Expenditure,USD_PPP_PS,"US dollars per person, PPP converted",_T,Total,_Z,Not application,_T,Total,_T,Total,_T,Total,_Z,Not applicable,_Z,Not applicable,Q,Constant prices,2016,,3940.332,,2020,,,,,,,,,,0,Units,1,One
DATAFLOW,OECD.ELS.HD:DSD_SHA@DF_SHA(1.1),Health expenditure and financing,I,NZL,New Zealand,A,Annual,EXP_HEALTH,Expenditure,USD_PPP_PS,"US dollars per person, PPP converted",HF2HF3,Voluntary schemes/household out-of-pocket payments,_Z,Not application,_T,Total,_T,Total,_T,Total,_Z,Not applicable,_Z,Not applicable,Q,Constant prices,2016,,890.712,,2020,,,,,,,,,,0,Units,1,One
DATAFLOW,OECD.ELS.HD:DSD_SHA@DF_SHA(1.1),Health expenditure and financing,I,NZL,New Zealand,A,Annual,EXP_HEALTH,Expenditure,USD_PPP_PS,"US dollars per person, PPP converted",HF31,Out-of-pocket excluding cost-sharing,_Z,Not application,_T,Total,_T,Total,_T,Total,_Z,Not applicable,_Z,Not applicable,Q,Constant prices,2016,,368.79,,2020,,,,,,,,,,0,Units,1,One
DATAFLOW,OECD.ELS.HD:DSD_SHA@DF_SHA(1.1),Health expenditure and financing,I,NZL,New Zealand,A,Annual,EXP_HEALTH,Expenditure,USD_PPP_PS,"US dollars per person, PPP converted",HF2,Voluntary healthcare payment schemes,_Z,Not application,_T,Total,_T,Total,_T,Total,_Z,Not applicable,_Z,Not applicable,Q,Constant prices,2016,,315.025,,2020,,,,,,,,,,0,Units,1,One
DATAFLOW,OECD.ELS.HD:DSD_SHA@DF_SHA(1.1),Health expenditure and financing,I,NZL,New Zealand,A,Annual,EXP_HEALTH,Expenditure,USD_PPP_PS,"US dollars per person, PPP converted",HF121,Social health insurance schemes,_Z,Not application,_T,Total,_T,Total,_T,Total,_Z,Not applicable,_Z,Not applicable,Q,Constant prices,2016,,375.89,,2020,,,,,,,,,,0,Units,1,One
DATAFLOW,OECD.ELS.HD:DSD_SHA@DF_SHA(1.1),Health expenditure and financing,I,NZL,New Zealand,A,Annual,EXP_HEALTH,Expenditure,USD_PPP_PS,"US dollars per person, PPP converted",HF32,Cost-sharing with third-party payers,_Z,Not application,_T,Total,_T,Total,_T,Total,_Z,Not applicable,_Z,Not applicable,Q,Constant prices,2016,,206.897,,2020,,,,,,,,,,0,Units,1,One
DATAFLOW,OECD.ELS.HD:DSD_SHA@DF_SHA(1.1),Health expenditure and financing,I,NZL,New Zealand,A,Annual,EXP_HEALTH,Expenditure,USD_PPP_PS,"US dollars per person, PPP converted",HF21,Voluntary health insurance schemes,_Z,Not application,_T,Total,_T,Total,_T,Total,_Z,Not applicable,_Z,Not applicable,Q,Constant prices,2016,,207.285,,2020,,,,,,,,,,0,Units,1,One
DATAFLOW,OECD.ELS.HD:DSD_SHA@DF_SHA(1.1),Health expenditure and financing,I,NZL,New Zealand,A,Annual,EXP_HEALTH,Expenditure,USD_PPP_PS,"US dollars per person, PPP converted",HF3,Household out-of-pocket payments,_Z,Not application,_T,Total,_T,Total,_T,Total,_Z,Not applicable,_Z,Not applicable,Q,Constant prices,2016,,575.687,,2020,,,,,,,,,,0,Units,1,One
DATAFLOW,OECD.ELS.HD:DSD_SHA@DF_SHA(1.1),Health expenditure and financing,I,NZL,New Zealand,A,Annual,EXP_HEALTH,Expenditure,USD_PPP_PS,"US dollars per person, PPP converted",HF22,NPISH financing schemes,_Z,Not application,_T,Total,_T,Total,_T,Total,_Z,Not applicable,_Z,Not applicable,Q,Constant prices,2016,,107.74,,2020,,,,,,,,,,0,Units,1,One
DATAFLOW,OECD.ELS.HD:DSD_SHA@DF_SHA(1.1),Health expenditure and financing,I,NZL,New Zealand,A,Annual,EXP_HEALTH,Expenditure,USD_PPP_PS,"US dollars per person, PPP converted",HF1,Government/compulsory schemes,_Z,Not application,_T,Total,_T,Total,_T,Total,_Z,Not applicable,_Z,Not applicable,Q,Constant prices,2016,,3049.62,,2020,,,,,,,,,,0,Units,1,One
DATAFLOW,OECD.ELS.HD:DSD_SHA@DF_SHA(1.1),Health expenditure and financing,I,NZL,New Zealand,A,Annual,EXP_HEALTH,Expenditure,USD_PPP_PS,"US dollars per person, PPP converted",HF12HF13,Compulsory contributory health insurance schemes,_Z,Not application,_T,Total,_T,Total,_T,Total,_Z,Not applicable,_Z,Not applicable,Q,Constant prices,2016,,375.89,,2020,,,,,,,,,,0,Units,1,One
DATAFLOW,OECD.ELS.HD:DSD_SHA@DF_SHA(1.1),Health expenditure and financing,I,NZL,New Zealand,A,Annual,EXP_HEALTH,Expenditure,USD_PPP_PS,"US dollars per person, PPP converted",HF11,Government schemes,_Z,Not application,_T,Total,_T,Total,_T,Total,_Z,Not applicable,_Z,Not applicable,Q,Constant prices,2016,,2673.73,,2020,,,,,,,,,,0,Units,1,One
DATAFLOW,OECD.ELS.HD:DSD_SHA@DF_SHA(1.1),Health expenditure and financing,I,NZL,New Zealand,A,Annual,EXP_HEALTH,Expenditure,USD_PPP_PS,"US dollars per person, PPP converted",HF11,Government schemes,_Z,Not application,_T,Total,_T,Total,_T,Total,_Z,Not applicable,_Z,Not applicable,Q,Constant prices,2017,,2720.285,,2020,,,,,,,,,,0,Units,1,One
DATAFLOW,OECD.ELS.HD:DSD_SHA@DF_SHA(1.1),Health expenditure and financing,I,NZL,New Zealand,A,Annual,EXP_HEALTH,Expenditure,USD_PPP_PS,"US dollars per person, PPP converted",HF12HF13,Compulsory contributory health insurance schemes,_Z,Not application,_T,Total,_T,Total,_T,Total,_Z,Not applicable,_Z,Not applicable,Q,Constant prices,2017,,382.901,,2020,,,,,,,,,,0,Units,1,One
DATAFLOW,OECD.ELS.HD:DSD_SHA@DF_SHA(1.1),Health expenditure and financing,I,NZL,New Zealand,A,Annual,EXP_HEALTH,Expenditure,USD_PPP_PS,"US dollars per person, PPP converted",HF1,Government/compulsory schemes,_Z,Not application,_T,Total,_T,Total,_T,Total,_Z,Not applicable,_Z,Not applicable,Q,Constant prices,2017,,3103.186,,2020,,,,,,,,,,0,Units,1,One
DATAFLOW,OECD.ELS.HD:DSD_SHA@DF_SHA(1.1),Health expenditure and financing,I,NZL,New Zealand,A,Annual,EXP_HEALTH,Expenditure,USD_PPP_PS,"US dollars per person, PPP converted",HF22,NPISH financing schemes,_Z,Not application,_T,Total,_T,Total,_T,Total,_Z,Not applicable,_Z,Not applicable,Q,Constant prices,2017,,108.621,,2020,,,,,,,,,,0,Units,1,One
DATAFLOW,OECD.ELS.HD:DSD_SHA@DF_SHA(1.1),Health expenditure and financing,I,NZL,New Zealand,A,Annual,EXP_HEALTH,Expenditure,USD_PPP_PS,"US dollars per person, PPP converted",HF3,Household out-of-pocket payments,_Z,Not application,_T,Total,_T,Total,_T,Total,_Z,Not applicable,_Z,Not applicable,Q,Constant prices,2017,,582.326,,2020,,,,,,,,,,0,Units,1,One
DATAFLOW,OECD.ELS.HD:DSD_SHA@DF_SHA(1.1),Health expenditure and financing,I,NZL,New Zealand,A,Annual,EXP_HEALTH,Expenditure,USD_PPP_PS,"US dollars per person, PPP converted",HF21,Voluntary health insurance schemes,_Z,Not application,_T,Total,_T,Total,_T,Total,_Z,Not applicable,_Z,Not applicable,Q,Constant prices,2017,,208.482,,2020,,,,,,,,,,0,Units,1,One
DATAFLOW,OECD.ELS.HD:DSD_SHA@DF_SHA(1.1),Health expenditure and financing,I,NZL,New Zealand,A,Annual,EXP_HEALTH,Expenditure,USD_PPP_PS,"US dollars per person, PPP converted",HF32,Cost-sharing with third-party payers,_Z,Not application,_T,Total,_T,Total,_T,Total,_Z,Not applicable,_Z,Not applicable,Q,Constant prices,2017,,208.151,,2020,,,,,,,,,,0,Units,1,One
DATAFLOW,OECD.ELS.HD:DSD_SHA@DF_SHA(1.1),Health expenditure and financing,I,NZL,New Zealand,A,Annual,EXP_HEALTH,Expenditure,USD_PPP_PS,"US dollars per person, PPP converted",HF121,Social health insurance schemes,_Z,Not application,_T,Total,_T,Total,_T,Total,_Z,Not applicable,_Z,Not applicable,Q,Constant prices,2017,,382.901,,2020,,,,,,,,,,0,Units,1,One
DATAFLOW,OECD.ELS.HD:DSD_SHA@DF_SHA(1.1),Health expenditure and financing,I,NZL,New Zealand,A,Annual,EXP_HEALTH,Expenditure,USD_PPP_PS,"US dollars per person, PPP converted",HF2,Voluntary healthcare payment schemes,_Z,Not application,_T,Total,_T,Total,_T,Total,_Z,Not applicable,_Z,Not applicable,Q,Constant prices,2017,,317.103,,2020,,,,,,,,,,0,Units,1,One
DATAFLOW,OECD.ELS.HD:DSD_SHA@DF_SHA(1.1),Health expenditure and financing,I,NZL,New Zealand,A,Annual,EXP_HEALTH,Expenditure,USD_PPP_PS,"US dollars per person, PPP converted",HF31,Out-of-pocket excluding cost-sharing,_Z,Not application,_T,Total,_T,Total,_T,Total,_Z,Not applicable,_Z,Not applicable,Q,Constant prices,2017,,374.175,,2020,,,,,,,,,,0,Units,1,One
DATAFLOW,OECD.ELS.HD:DSD_SHA@DF_SHA(1.1),Health expenditure and financing,I,NZL,New Zealand,A,Annual,EXP_HEALTH,Expenditure,USD_PPP_PS,"US dollars per person, PPP converted",HF2HF3,Voluntary schemes/household out-of-pocket payments,_Z,Not application,_T,Total,_T,Total,_T,Total,_Z,Not applicable,_Z,Not applicable,Q,Constant prices,2017,,899.428,,2020,,,,,,,,,,0,Units,1,One
DATAFLOW,OECD.ELS.HD:DSD_SHA@DF_SHA(1.1),Health expenditure and financing,I,NZL,New Zealand,A,Annual,EXP_HEALTH,Expenditure,USD_PPP_PS,"US dollars per person, PPP converted",_T,Total,_Z,Not application,_T,Total,_T,Total,_T,Total,_Z,Not applicable,_Z,Not applicable,Q,Constant prices,2017,,4002.614,,2020,,,,,,,,,,0,Units,1,One
DATAFLOW,OECD.ELS.HD:DSD_SHA@DF_SHA(1.1),Health expenditure and financing,I,NZL,New Zealand,A,Annual,EXP_HEALTH,Expenditure,USD_PPP_PS,"US dollars per person, PPP converted",_T,Total,_Z,Not application,_T,Total,_T,Total,_T,Total,_Z,Not applicable,_Z,Not applicable,Q,Constant prices,2018,,4041.072,,2020,,,,,,,,,,0,Units,1,One
DATAFLOW,OECD.ELS.HD:DSD_SHA@DF_SHA(1.1),Health expenditure and financing,I,NZL,New Zealand,A,Annual,EXP_HEALTH,Expenditure,USD_PPP_PS,"US dollars per person, PPP converted",HF2HF3,Voluntary schemes/household out-of-pocket payments,_Z,Not application,_T,Total,_T,Total,_T,Total,_Z,Not applicable,_Z,Not applicable,Q,Constant prices,2018,,916.608,,2020,,,,,,,,,,0,Units,1,One
DATAFLOW,OECD.ELS.HD:DSD_SHA@DF_SHA(1.1),Health expenditure and financing,I,NZL,New Zealand,A,Annual,EXP_HEALTH,Expenditure,USD_PPP_PS,"US dollars per person, PPP converted",HF31,Out-of-pocket excluding cost-sharing,_Z,Not application,_T,Total,_T,Total,_T,Total,_Z,Not applicable,_Z,Not applicable,Q,Constant prices,2018,,378.475,,2020,,,,,,,,,,0,Units,1,One
DATAFLOW,OECD.ELS.HD:DSD_SHA@DF_SHA(1.1),Health expenditure and financing,I,NZL,New Zealand,A,Annual,EXP_HEALTH,Expenditure,USD_PPP_PS,"US dollars per person, PPP converted",HF2,Voluntary healthcare payment schemes,_Z,Not application,_T,Total,_T,Total,_T,Total,_Z,Not applicable,_Z,Not applicable,Q,Constant prices,2018,,327.763,,2020,,,,,,,,,,0,Units,1,One
DATAFLOW,OECD.ELS.HD:DSD_SHA@DF_SHA(1.1),Health expenditure and financing,I,NZL,New Zealand,A,Annual,EXP_HEALTH,Expenditure,USD_PPP_PS,"US dollars per person, PPP converted",HF121,Social health insurance schemes,_Z,Not application,_T,Total,_T,Total,_T,Total,_Z,Not applicable,_Z,Not applicable,Q,Constant prices,2018,,399.219,,2020,,,,,,,,,,0,Units,1,One
DATAFLOW,OECD.ELS.HD:DSD_SHA@DF_SHA(1.1),Health expenditure and financing,I,NZL,New Zealand,A,Annual,EXP_HEALTH,Expenditure,USD_PPP_PS,"US dollars per person, PPP converted",HF32,Cost-sharing with third-party payers,_Z,Not application,_T,Total,_T,Total,_T,Total,_Z,Not applicable,_Z,Not applicable,Q,Constant prices,2018,,210.369,,2020,,,,,,,,,,0,Units,1,One
DATAFLOW,OECD.ELS.HD:DSD_SHA@DF_SHA(1.1),Health expenditure and financing,I,NZL,New Zealand,A,Annual,EXP_HEALTH,Expenditure,USD_PPP_PS,"US dollars per person, PPP converted",HF21,Voluntary health insurance schemes,_Z,Not application,_T,Total,_T,Total,_T,Total,_Z,Not applicable,_Z,Not applicable,Q,Constant prices,2018,,218.834,,2020,,,,,,,,,,0,Units,1,One
DATAFLOW,OECD.ELS.HD:DSD_SHA@DF_SHA(1.1),Health expenditure and financing,I,NZL,New Zealand,A,Annual,EXP_HEALTH,Expenditure,USD_PPP_PS,"US dollars per person, PPP converted",HF3,Household out-of-pocket payments,_Z,Not application,_T,Total,_T,Total,_T,Total,_Z,Not applicable,_Z,Not applicable,Q,Constant prices,2018,,588.845,,2020,,,,,,,,,,0,Units,1,One
DATAFLOW,OECD.ELS.HD:DSD_SHA@DF_SHA(1.1),Health expenditure and financing,I,NZL,New Zealand,A,Annual,EXP_HEALTH,Expenditure,USD_PPP_PS,"US dollars per person, PPP converted",HF22,NPISH financing schemes,_Z,Not application,_T,Total,_T,Total,_T,Total,_Z,Not applicable,_Z,Not applicable,Q,Constant prices,2018,,108.93,,2020,,,,,,,,,,0,Units,1,One
DATAFLOW,OECD.ELS.HD:DSD_SHA@DF_SHA(1.1),Health expenditure and financing,I,NZL,New Zealand,A,Annual,EXP_HEALTH,Expenditure,USD_PPP_PS,"US dollars per person, PPP converted",HF1,Government/compulsory schemes,_Z,Not application,_T,Total,_T,Total,_T,Total,_Z,Not applicable,_Z,Not applicable,Q,Constant prices,2018,,3124.464,,2020,,,,,,,,,,0,Units,1,One
DATAFLOW,OECD.ELS.HD:DSD_SHA@DF_SHA(1.1),Health expenditure and financing,I,NZL,New Zealand,A,Annual,EXP_HEALTH,Expenditure,USD_PPP_PS,"US dollars per person, PPP converted",HF12HF13,Compulsory contributory health insurance schemes,_Z,Not application,_T,Total,_T,Total,_T,Total,_Z,Not applicable,_Z,Not applicable,Q,Constant prices,2018,,399.219,,2020,,,,,,,,,,0,Units,1,One
DATAFLOW,OECD.ELS.HD:DSD_SHA@DF_SHA(1.1),Health expenditure and financing,I,NZL,New Zealand,A,Annual,EXP_HEALTH,Expenditure,USD_PPP_PS,"US dollars per person, PPP converted",HF11,Government schemes,_Z,Not application,_T,Total,_T,Total,_T,Total,_Z,Not applicable,_Z,Not applicable,Q,Constant prices,2018,,2725.245,,2020,,,,,,,,,,0,Units,1,One
DATAFLOW,OECD.ELS.HD:DSD_SHA@DF_SHA(1.1),Health expenditure and financing,I,NZL,New Zealand,A,Annual,EXP_HEALTH,Expenditure,USD_PPP_PS,"US dollars per person, PPP converted",HF11,Government schemes,_Z,Not application,_T,Total,_T,Total,_T,Total,_Z,Not applicable,_Z,Not applicable,Q,Constant prices,2019,,2786.19,,2020,,,,,,,,,,0,Units,1,One
DATAFLOW,OECD.ELS.HD:DSD_SHA@DF_SHA(1.1),Health expenditure and financing,I,NZL,New Zealand,A,Annual,EXP_HEALTH,Expenditure,USD_PPP_PS,"US dollars per person, PPP converted",HF12HF13,Compulsory contributory health insurance schemes,_Z,Not application,_T,Total,_T,Total,_T,Total,_Z,Not applicable,_Z,Not applicable,Q,Constant prices,2019,,413.198,,2020,,,,,,,,,,0,Units,1,One
DATAFLOW,OECD.ELS.HD:DSD_SHA@DF_SHA(1.1),Health expenditure and financing,I,NZL,New Zealand,A,Annual,EXP_HEALTH,Expenditure,USD_PPP_PS,"US dollars per person, PPP converted",HF1,Government/compulsory schemes,_Z,Not application,_T,Total,_T,Total,_T,Total,_Z,Not applicable,_Z,Not applicable,Q,Constant prices,2019,,3199.388,,2020,,,,,,,,,,0,Units,1,One
DATAFLOW,OECD.ELS.HD:DSD_SHA@DF_SHA(1.1),Health expenditure and financing,I,NZL,New Zealand,A,Annual,EXP_HEALTH,Expenditure,USD_PPP_PS,"US dollars per person, PPP converted",HF22,NPISH financing schemes,_Z,Not application,_T,Total,_T,Total,_T,Total,_Z,Not applicable,_Z,Not applicable,Q,Constant prices,2019,,108.088,,2020,,,,,,,,,,0,Units,1,One
DATAFLOW,OECD.ELS.HD:DSD_SHA@DF_SHA(1.1),Health expenditure and financing,I,NZL,New Zealand,A,Annual,EXP_HEALTH,Expenditure,USD_PPP_PS,"US dollars per person, PPP converted",HF3,Household out-of-pocket payments,_Z,Not application,_T,Total,_T,Total,_T,Total,_Z,Not applicable,_Z,Not applicable,Q,Constant prices,2019,,594.861,,2020,,,,,,,,,,0,Units,1,One
DATAFLOW,OECD.ELS.HD:DSD_SHA@DF_SHA(1.1),Health expenditure and financing,I,NZL,New Zealand,A,Annual,EXP_HEALTH,Expenditure,USD_PPP_PS,"US dollars per person, PPP converted",HF21,Voluntary health insurance schemes,_Z,Not application,_T,Total,_T,Total,_T,Total,_Z,Not applicable,_Z,Not applicable,Q,Constant prices,2019,,227.483,,2020,,,,,,,,,,0,Units,1,One
DATAFLOW,OECD.ELS.HD:DSD_SHA@DF_SHA(1.1),Health expenditure and financing,I,NZL,New Zealand,A,Annual,EXP_HEALTH,Expenditure,USD_PPP_PS,"US dollars per person, PPP converted",HF32,Cost-sharing with third-party payers,_Z,Not application,_T,Total,_T,Total,_T,Total,_Z,Not applicable,_Z,Not applicable,Q,Constant prices,2019,,213.426,,2020,,,,,,,,,,0,Units,1,One
DATAFLOW,OECD.ELS.HD:DSD_SHA@DF_SHA(1.1),Health expenditure and financing,I,NZL,New Zealand,A,Annual,EXP_HEALTH,Expenditure,USD_PPP_PS,"US dollars per person, PPP converted",HF121,Social health insurance schemes,_Z,Not application,_T,Total,_T,Total,_T,Total,_Z,Not applicable,_Z,Not applicable,Q,Constant prices,2019,,413.198,,2020,,,,,,,,,,0,Units,1,One
DATAFLOW,OECD.ELS.HD:DSD_SHA@DF_SHA(1.1),Health expenditure and financing,I,NZL,New Zealand,A,Annual,EXP_HEALTH,Expenditure,USD_PPP_PS,"US dollars per person, PPP converted",HF2,Voluntary healthcare payment schemes,_Z,Not application,_T,Total,_T,Total,_T,Total,_Z,Not applicable,_Z,Not applicable,Q,Constant prices,2019,,335.571,,2020,,,,,,,,,,0,Units,1,One
DATAFLOW,OECD.ELS.HD:DSD_SHA@DF_SHA(1.1),Health expenditure and financing,I,NZL,New Zealand,A,Annual,EXP_HEALTH,Expenditure,USD_PPP_PS,"US dollars per person, PPP converted",HF31,Out-of-pocket excluding cost-sharing,_Z,Not application,_T,Total,_T,Total,_T,Total,_Z,Not applicable,_Z,Not applicable,Q,Constant prices,2019,,381.435,,2020,,,,,,,,,,0,Units,1,One
DATAFLOW,OECD.ELS.HD:DSD_SHA@DF_SHA(1.1),Health expenditure and financing,I,NZL,New Zealand,A,Annual,EXP_HEALTH,Expenditure,USD_PPP_PS,"US dollars per person, PPP converted",HF2HF3,Voluntary schemes/household out-of-pocket payments,_Z,Not application,_T,Total,_T,Total,_T,Total,_Z,Not applicable,_Z,Not applicable,Q,Constant prices,2019,,930.432,,2020,,,,,,,,,,0,Units,1,One
DATAFLOW,OECD.ELS.HD:DSD_SHA@DF_SHA(1.1),Health expenditure and financing,I,NZL,New Zealand,A,Annual,EXP_HEALTH,Expenditure,USD_PPP_PS,"US dollars per person, PPP converted",_T,Total,_Z,Not application,_T,Total,_T,Total,_T,Total,_Z,Not applicable,_Z,Not applicable,Q,Constant prices,2019,,4129.82,,2020,,,,,,,,,,0,Units,1,One
DATAFLOW,OECD.ELS.HD:DSD_SHA@DF_SHA(1.1),Health expenditure and financing,I,NZL,New Zealand,A,Annual,EXP_HEALTH,Expenditure,USD_PPP_PS,"US dollars per person, PPP converted",_T,Total,_Z,Not application,_T,Total,_T,Total,_T,Total,_Z,Not applicable,_Z,Not applicable,Q,Constant prices,2020,,4352.668,,2020,,,,,,,,,,0,Units,1,One
DATAFLOW,OECD.ELS.HD:DSD_SHA@DF_SHA(1.1),Health expenditure and financing,I,NZL,New Zealand,A,Annual,EXP_HEALTH,Expenditure,USD_PPP_PS,"US dollars per person, PPP converted",HF2HF3,Voluntary schemes/household out-of-pocket payments,_Z,Not application,_T,Total,_T,Total,_T,Total,_Z,Not applicable,_Z,Not applicable,Q,Constant prices,2020,,942.411,,2020,,,,,,,,,,0,Units,1,One
DATAFLOW,OECD.ELS.HD:DSD_SHA@DF_SHA(1.1),Health expenditure and financing,I,NZL,New Zealand,A,Annual,EXP_HEALTH,Expenditure,USD_PPP_PS,"US dollars per person, PPP converted",HF31,Out-of-pocket excluding cost-sharing,_Z,Not application,_T,Total,_T,Total,_T,Total,_Z,Not applicable,_Z,Not applicable,Q,Constant prices,2020,,397.768,,2020,,,,,,,,,,0,Units,1,One
DATAFLOW,OECD.ELS.HD:DSD_SHA@DF_SHA(1.1),Health expenditure and financing,I,NZL,New Zealand,A,Annual,EXP_HEALTH,Expenditure,USD_PPP_PS,"US dollars per person, PPP converted",HF2,Voluntary healthcare payment schemes,_Z,Not application,_T,Total,_T,Total,_T,Total,_Z,Not applicable,_Z,Not applicable,Q,Constant prices,2020,,324.643,,2020,,,,,,,,,,0,Units,1,One
DATAFLOW,OECD.ELS.HD:DSD_SHA@DF_SHA(1.1),Health expenditure and financing,I,NZL,New Zealand,A,Annual,EXP_HEALTH,Expenditure,USD_PPP_PS,"US dollars per person, PPP converted",HF121,Social health insurance schemes,_Z,Not application,_T,Total,_T,Total,_T,Total,_Z,Not applicable,_Z,Not applicable,Q,Constant prices,2020,,415.494,,2020,,,,,,,,,,0,Units,1,One
DATAFLOW,OECD.ELS.HD:DSD_SHA@DF_SHA(1.1),Health expenditure and financing,I,NZL,New Zealand,A,Annual,EXP_HEALTH,Expenditure,USD_PPP_PS,"US dollars per person, PPP converted",HF32,Cost-sharing with third-party payers,_Z,Not application,_T,Total,_T,Total,_T,Total,_Z,Not applicable,_Z,Not applicable,Q,Constant prices,2020,,220,,2020,,,,,,,,,,0,Units,1,One
DATAFLOW,OECD.ELS.HD:DSD_SHA@DF_SHA(1.1),Health expenditure and financing,I,NZL,New Zealand,A,Annual,EXP_HEALTH,Expenditure,USD_PPP_PS,"US dollars per person, PPP converted",HF21,Voluntary health insurance schemes,_Z,Not application,_T,Total,_T,Total,_T,Total,_Z,Not applicable,_Z,Not applicable,Q,Constant prices,2020,,217.102,,2020,,,,,,,,,,0,Units,1,One
DATAFLOW,OECD.ELS.HD:DSD_SHA@DF_SHA(1.1),Health expenditure and financing,I,NZL,New Zealand,A,Annual,EXP_HEALTH,Expenditure,USD_PPP_PS,"US dollars per person, PPP converted",HF3,Household out-of-pocket payments,_Z,Not application,_T,Total,_T,Total,_T,Total,_Z,Not applicable,_Z,Not applicable,Q,Constant prices,2020,,617.768,,2020,,,,,,,,,,0,Units,1,One
DATAFLOW,OECD.ELS.HD:DSD_SHA@DF_SHA(1.1),Health expenditure and financing,I,NZL,New Zealand,A,Annual,EXP_HEALTH,Expenditure,USD_PPP_PS,"US dollars per person, PPP converted",HF22,NPISH financing schemes,_Z,Not application,_T,Total,_T,Total,_T,Total,_Z,Not applicable,_Z,Not applicable,Q,Constant prices,2020,,107.542,,2020,,,,,,,,,,0,Units,1,One
DATAFLOW,OECD.ELS.HD:DSD_SHA@DF_SHA(1.1),Health expenditure and financing,I,NZL,New Zealand,A,Annual,EXP_HEALTH,Expenditure,USD_PPP_PS,"US dollars per person, PPP converted",HF1,Government/compulsory schemes,_Z,Not application,_T,Total,_T,Total,_T,Total,_Z,Not applicable,_Z,Not applicable,Q,Constant prices,2020,,3410.257,,2020,,,,,,,,,,0,Units,1,One
DATAFLOW,OECD.ELS.HD:DSD_SHA@DF_SHA(1.1),Health expenditure and financing,I,NZL,New Zealand,A,Annual,EXP_HEALTH,Expenditure,USD_PPP_PS,"US dollars per person, PPP converted",HF12HF13,Compulsory contributory health insurance schemes,_Z,Not application,_T,Total,_T,Total,_T,Total,_Z,Not applicable,_Z,Not applicable,Q,Constant prices,2020,,415.494,,2020,,,,,,,,,,0,Units,1,One
DATAFLOW,OECD.ELS.HD:DSD_SHA@DF_SHA(1.1),Health expenditure and financing,I,NZL,New Zealand,A,Annual,EXP_HEALTH,Expenditure,USD_PPP_PS,"US dollars per person, PPP converted",HF11,Government schemes,_Z,Not application,_T,Total,_T,Total,_T,Total,_Z,Not applicable,_Z,Not applicable,Q,Constant prices,2020,,2994.763,,2020,,,,,,,,,,0,Units,1,One
DATAFLOW,OECD.ELS.HD:DSD_SHA@DF_SHA(1.1),Health expenditure and financing,I,NZL,New Zealand,A,Annual,EXP_HEALTH,Expenditure,USD_PPP_PS,"US dollars per person, PPP converted",HF11,Government schemes,_Z,Not application,_T,Total,_T,Total,_T,Total,_Z,Not applicable,_Z,Not applicable,Q,Constant prices,2021,,3259.383,,2020,,,,,,,,,,0,Units,1,One
DATAFLOW,OECD.ELS.HD:DSD_SHA@DF_SHA(1.1),Health expenditure and financing,I,NZL,New Zealand,A,Annual,EXP_HEALTH,Expenditure,USD_PPP_PS,"US dollars per person, PPP converted",HF12HF13,Compulsory contributory health insurance schemes,_Z,Not application,_T,Total,_T,Total,_T,Total,_Z,Not applicable,_Z,Not applicable,Q,Constant prices,2021,,445.353,,2020,,,,,,,,,,0,Units,1,One
DATAFLOW,OECD.ELS.HD:DSD_SHA@DF_SHA(1.1),Health expenditure and financing,I,NZL,New Zealand,A,Annual,EXP_HEALTH,Expenditure,USD_PPP_PS,"US dollars per person, PPP converted",HF1,Government/compulsory schemes,_Z,Not application,_T,Total,_T,Total,_T,Total,_Z,Not applicable,_Z,Not applicable,Q,Constant prices,2021,,3704.736,,2020,,,,,,,,,,0,Units,1,One
DATAFLOW,OECD.ELS.HD:DSD_SHA@DF_SHA(1.1),Health expenditure and financing,I,NZL,New Zealand,A,Annual,EXP_HEALTH,Expenditure,USD_PPP_PS,"US dollars per person, PPP converted",HF22,NPISH financing schemes,_Z,Not application,_T,Total,_T,Total,_T,Total,_Z,Not applicable,_Z,Not applicable,Q,Constant prices,2021,,105.603,,2020,,,,,,,,,,0,Units,1,One
DATAFLOW,OECD.ELS.HD:DSD_SHA@DF_SHA(1.1),Health expenditure and financing,I,NZL,New Zealand,A,Annual,EXP_HEALTH,Expenditure,USD_PPP_PS,"US dollars per person, PPP converted",HF3,Household out-of-pocket payments,_Z,Not application,_T,Total,_T,Total,_T,Total,_Z,Not applicable,_Z,Not applicable,Q,Constant prices,2021,,635.908,,2020,,,,,,,,,,0,Units,1,One
DATAFLOW,OECD.ELS.HD:DSD_SHA@DF_SHA(1.1),Health expenditure and financing,I,NZL,New Zealand,A,Annual,EXP_HEALTH,Expenditure,USD_PPP_PS,"US dollars per person, PPP converted",HF21,Voluntary health insurance schemes,_Z,Not application,_T,Total,_T,Total,_T,Total,_Z,Not applicable,_Z,Not applicable,Q,Constant prices,2021,,241.446,,2020,,,,,,,,,,0,Units,1,One
DATAFLOW,OECD.ELS.HD:DSD_SHA@DF_SHA(1.1),Health expenditure and financing,I,NZL,New Zealand,A,Annual,EXP_HEALTH,Expenditure,USD_PPP_PS,"US dollars per person, PPP converted",HF32,Cost-sharing with third-party payers,_Z,Not application,_T,Total,_T,Total,_T,Total,_Z,Not applicable,_Z,Not applicable,Q,Constant prices,2021,,228.38,,2020,,,,,,,,,,0,Units,1,One
DATAFLOW,OECD.ELS.HD:DSD_SHA@DF_SHA(1.1),Health expenditure and financing,I,NZL,New Zealand,A,Annual,EXP_HEALTH,Expenditure,USD_PPP_PS,"US dollars per person, PPP converted",HF121,Social health insurance schemes,_Z,Not application,_T,Total,_T,Total,_T,Total,_Z,Not applicable,_Z,Not applicable,Q,Constant prices,2021,,445.353,,2020,,,,,,,,,,0,Units,1,One
DATAFLOW,OECD.ELS.HD:DSD_SHA@DF_SHA(1.1),Health expenditure and financing,I,NZL,New Zealand,A,Annual,EXP_HEALTH,Expenditure,USD_PPP_PS,"US dollars per person, PPP converted",HF2,Voluntary healthcare payment schemes,_Z,Not application,_T,Total,_T,Total,_T,Total,_Z,Not applicable,_Z,Not applicable,Q,Constant prices,2021,,347.049,,2020,,,,,,,,,,0,Units,1,One
DATAFLOW,OECD.ELS.HD:DSD_SHA@DF_SHA(1.1),Health expenditure and financing,I,NZL,New Zealand,A,Annual,EXP_HEALTH,Expenditure,USD_PPP_PS,"US dollars per person, PPP converted",HF31,Out-of-pocket excluding cost-sharing,_Z,Not application,_T,Total,_T,Total,_T,Total,_Z,Not applicable,_Z,Not applicable,Q,Constant prices,2021,,407.528,,2020,,,,,,,,,,0,Units,1,One
DATAFLOW,OECD.ELS.HD:DSD_SHA@DF_SHA(1.1),Health expenditure and financing,I,NZL,New Zealand,A,Annual,EXP_HEALTH,Expenditure,USD_PPP_PS,"US dollars per person, PPP converted",HF2HF3,Voluntary schemes/household out-of-pocket payments,_Z,Not application,_T,Total,_T,Total,_T,Total,_Z,Not applicable,_Z,Not applicable,Q,Constant prices,2021,,982.957,,2020,,,,,,,,,,0,Units,1,One
DATAFLOW,OECD.ELS.HD:DSD_SHA@DF_SHA(1.1),Health expenditure and financing,I,NZL,New Zealand,A,Annual,EXP_HEALTH,Expenditure,USD_PPP_PS,"US dollars per person, PPP converted",_T,Total,_Z,Not application,_T,Total,_T,Total,_T,Total,_Z,Not applicable,_Z,Not applicable,Q,Constant prices,2021,,4687.693,,2020,,,,,,,,,,0,Units,1,One
DATAFLOW,OECD.ELS.HD:DSD_SHA@DF_SHA(1.1),Health expenditure and financing,I,NZL,New Zealand,A,Annual,EXP_HEALTH,Expenditure,USD_PPP_PS,"US dollars per person, PPP converted",_T,Total,_Z,Not application,_T,Total,_T,Total,_T,Total,_Z,Not applicable,_Z,Not applicable,Q,Constant prices,2022,,5300.008,,2020,,,,,,,,,,0,Units,1,One
DATAFLOW,OECD.ELS.HD:DSD_SHA@DF_SHA(1.1),Health expenditure and financing,I,NZL,New Zealand,A,Annual,EXP_HEALTH,Expenditure,USD_PPP_PS,"US dollars per person, PPP converted",HF2HF3,Voluntary schemes/household out-of-pocket payments,_Z,Not application,_T,Total,_T,Total,_T,Total,_Z,Not applicable,_Z,Not applicable,Q,Constant prices,2022,,958.656,,2020,,,,,,,,,,0,Units,1,One
DATAFLOW,OECD.ELS.HD:DSD_SHA@DF_SHA(1.1),Health expenditure and financing,I,NZL,New Zealand,A,Annual,EXP_HEALTH,Expenditure,USD_PPP_PS,"US dollars per person, PPP converted",HF31,Out-of-pocket excluding cost-sharing,_Z,Not application,_T,Total,_T,Total,_T,Total,_Z,Not applicable,_Z,Not applicable,Q,Constant prices,2022,,405.92,,2020,,,,,,,,,,0,Units,1,One
DATAFLOW,OECD.ELS.HD:DSD_SHA@DF_SHA(1.1),Health expenditure and financing,I,NZL,New Zealand,A,Annual,EXP_HEALTH,Expenditure,USD_PPP_PS,"US dollars per person, PPP converted",HF2,Voluntary healthcare payment schemes,_Z,Not application,_T,Total,_T,Total,_T,Total,_Z,Not applicable,_Z,Not applicable,Q,Constant prices,2022,,326.563,,2020,,,,,,,,,,0,Units,1,One
DATAFLOW,OECD.ELS.HD:DSD_SHA@DF_SHA(1.1),Health expenditure and financing,I,NZL,New Zealand,A,Annual,EXP_HEALTH,Expenditure,USD_PPP_PS,"US dollars per person, PPP converted",HF121,Social health insurance schemes,_Z,Not application,_T,Total,_T,Total,_T,Total,_Z,Not applicable,_Z,Not applicable,Q,Constant prices,2022,,419.354,,2020,,,,,,,,,,0,Units,1,One
DATAFLOW,OECD.ELS.HD:DSD_SHA@DF_SHA(1.1),Health expenditure and financing,I,NZL,New Zealand,A,Annual,EXP_HEALTH,Expenditure,USD_PPP_PS,"US dollars per person, PPP converted",HF32,Cost-sharing with third-party payers,_Z,Not application,_T,Total,_T,Total,_T,Total,_Z,Not applicable,_Z,Not applicable,Q,Constant prices,2022,,226.173,,2020,,,,,,,,,,0,Units,1,One
DATAFLOW,OECD.ELS.HD:DSD_SHA@DF_SHA(1.1),Health expenditure and financing,I,NZL,New Zealand,A,Annual,EXP_HEALTH,Expenditure,USD_PPP_PS,"US dollars per person, PPP converted",HF21,Voluntary health insurance schemes,_Z,Not application,_T,Total,_T,Total,_T,Total,_Z,Not applicable,_Z,Not applicable,Q,Constant prices,2022,,225.351,,2020,,,,,,,,,,0,Units,1,One
DATAFLOW,OECD.ELS.HD:DSD_SHA@DF_SHA(1.1),Health expenditure and financing,I,NZL,New Zealand,A,Annual,EXP_HEALTH,Expenditure,USD_PPP_PS,"US dollars per person, PPP converted",HF3,Household out-of-pocket payments,_Z,Not application,_T,Total,_T,Total,_T,Total,_Z,Not applicable,_Z,Not applicable,Q,Constant prices,2022,,632.093,,2020,,,,,,,,,,0,Units,1,One
DATAFLOW,OECD.ELS.HD:DSD_SHA@DF_SHA(1.1),Health expenditure and financing,I,NZL,New Zealand,A,Annual,EXP_HEALTH,Expenditure,USD_PPP_PS,"US dollars per person, PPP converted",HF22,NPISH financing schemes,_Z,Not application,_T,Total,_T,Total,_T,Total,_Z,Not applicable,_Z,Not applicable,Q,Constant prices,2022,,101.211,,2020,,,,,,,,,,0,Units,1,One
DATAFLOW,OECD.ELS.HD:DSD_SHA@DF_SHA(1.1),Health expenditure and financing,I,NZL,New Zealand,A,Annual,EXP_HEALTH,Expenditure,USD_PPP_PS,"US dollars per person, PPP converted",HF1,Government/compulsory schemes,_Z,Not application,_T,Total,_T,Total,_T,Total,_Z,Not applicable,_Z,Not applicable,Q,Constant prices,2022,,4341.352,,2020,,,,,,,,,,0,Units,1,One
DATAFLOW,OECD.ELS.HD:DSD_SHA@DF_SHA(1.1),Health expenditure and financing,I,NZL,New Zealand,A,Annual,EXP_HEALTH,Expenditure,USD_PPP_PS,"US dollars per person, PPP converted",HF12HF13,Compulsory contributory health insurance schemes,_Z,Not application,_T,Total,_T,Total,_T,Total,_Z,Not applicable,_Z,Not applicable,Q,Constant prices,2022,,419.354,,2020,,,,,,,,,,0,Units,1,One
DATAFLOW,OECD.ELS.HD:DSD_SHA@DF_SHA(1.1),Health expenditure and financing,I,NZL,New Zealand,A,Annual,EXP_HEALTH,Expenditure,USD_PPP_PS,"US dollars per person, PPP converted",HF11,Government schemes,_Z,Not application,_T,Total,_T,Total,_T,Total,_Z,Not applicable,_Z,Not applicable,Q,Constant prices,2022,,3921.998,,2020,,,,,,,,,,0,Units,1,One
DATAFLOW,OECD.ELS.HD:DSD_SHA@DF_SHA(1.1),Health expenditure and financing,I,NZL,New Zealand,A,Annual,EXP_HEALTH,Expenditure,USD_PPP_PS,"US dollars per person, PPP converted",HF11,Government schemes,_Z,Not application,_T,Total,_T,Total,_T,Total,_Z,Not applicable,_Z,Not applicable,Q,Constant prices,2023,,3592.413,,2020,,,,,,,,,,0,Units,1,One
DATAFLOW,OECD.ELS.HD:DSD_SHA@DF_SHA(1.1),Health expenditure and financing,I,NZL,New Zealand,A,Annual,EXP_HEALTH,Expenditure,USD_PPP_PS,"US dollars per person, PPP converted",HF12HF13,Compulsory contributory health insurance schemes,_Z,Not application,_T,Total,_T,Total,_T,Total,_Z,Not applicable,_Z,Not applicable,Q,Constant prices,2023,,413.584,,2020,,,,,,,,,,0,Units,1,One
DATAFLOW,OECD.ELS.HD:DSD_SHA@DF_SHA(1.1),Health expenditure and financing,I,NZL,New Zealand,A,Annual,EXP_HEALTH,Expenditure,USD_PPP_PS,"US dollars per person, PPP converted",HF1,Government/compulsory schemes,_Z,Not application,_T,Total,_T,Total,_T,Total,_Z,Not applicable,_Z,Not applicable,Q,Constant prices,2023,,4005.997,,2020,,,,,,,,,,0,Units,1,One
DATAFLOW,OECD.ELS.HD:DSD_SHA@DF_SHA(1.1),Health expenditure and financing,I,NZL,New Zealand,A,Annual,EXP_HEALTH,Expenditure,USD_PPP_PS,"US dollars per person, PPP converted",HF22,NPISH financing schemes,_Z,Not application,_T,Total,_T,Total,_T,Total,_Z,Not applicable,_Z,Not applicable,Q,Constant prices,2023,,96.379,,2020,,,,,,,,,,0,Units,1,One
DATAFLOW,OECD.ELS.HD:DSD_SHA@DF_SHA(1.1),Health expenditure and financing,I,NZL,New Zealand,A,Annual,EXP_HEALTH,Expenditure,USD_PPP_PS,"US dollars per person, PPP converted",HF3,Household out-of-pocket payments,_Z,Not application,_T,Total,_T,Total,_T,Total,_Z,Not applicable,_Z,Not applicable,Q,Constant prices,2023,,626.386,,2020,,,,,,,,,,0,Units,1,One
DATAFLOW,OECD.ELS.HD:DSD_SHA@DF_SHA(1.1),Health expenditure and financing,I,NZL,New Zealand,A,Annual,EXP_HEALTH,Expenditure,USD_PPP_PS,"US dollars per person, PPP converted",HF21,Voluntary health insurance schemes,_Z,Not application,_T,Total,_T,Total,_T,Total,_Z,Not applicable,_Z,Not applicable,Q,Constant prices,2023,,244.343,,2020,,,,,,,,,,0,Units,1,One
DATAFLOW,OECD.ELS.HD:DSD_SHA@DF_SHA(1.1),Health expenditure and financing,I,NZL,New Zealand,A,Annual,EXP_HEALTH,Expenditure,USD_PPP_PS,"US dollars per person, PPP converted",HF32,Cost-sharing with third-party payers,_Z,Not application,_T,Total,_T,Total,_T,Total,_Z,Not applicable,_Z,Not applicable,Q,Constant prices,2023,,226.012,,2020,,,,,,,,,,0,Units,1,One
DATAFLOW,OECD.ELS.HD:DSD_SHA@DF_SHA(1.1),Health expenditure and financing,I,NZL,New Zealand,A,Annual,EXP_HEALTH,Expenditure,USD_PPP_PS,"US dollars per person, PPP converted",HF121,Social health insurance schemes,_Z,Not application,_T,Total,_T,Total,_T,Total,_Z,Not applicable,_Z,Not applicable,Q,Constant prices,2023,,413.584,,2020,,,,,,,,,,0,Units,1,One
DATAFLOW,OECD.ELS.HD:DSD_SHA@DF_SHA(1.1),Health expenditure and financing,I,NZL,New Zealand,A,Annual,EXP_HEALTH,Expenditure,USD_PPP_PS,"US dollars per person, PPP converted",HF2,Voluntary healthcare payment schemes,_Z,Not application,_T,Total,_T,Total,_T,Total,_Z,Not applicable,_Z,Not applicable,Q,Constant prices,2023,,340.722,,2020,,,,,,,,,,0,Units,1,One
DATAFLOW,OECD.ELS.HD:DSD_SHA@DF_SHA(1.1),Health expenditure and financing,I,NZL,New Zealand,A,Annual,EXP_HEALTH,Expenditure,USD_PPP_PS,"US dollars per person, PPP converted",HF31,Out-of-pocket excluding cost-sharing,_Z,Not application,_T,Total,_T,Total,_T,Total,_Z,Not applicable,_Z,Not applicable,Q,Constant prices,2023,,400.374,,2020,,,,,,,,,,0,Units,1,One
DATAFLOW,OECD.ELS.HD:DSD_SHA@DF_SHA(1.1),Health expenditure and financing,I,NZL,New Zealand,A,Annual,EXP_HEALTH,Expenditure,USD_PPP_PS,"US dollars per person, PPP converted",HF2HF3,Voluntary schemes/household out-of-pocket payments,_Z,Not application,_T,Total,_T,Total,_T,Total,_Z,Not applicable,_Z,Not applicable,Q,Constant prices,2023,,967.108,,2020,,,,,,,,,,0,Units,1,One
DATAFLOW,OECD.ELS.HD:DSD_SHA@DF_SHA(1.1),Health expenditure and financing,I,NZL,New Zealand,A,Annual,EXP_HEALTH,Expenditure,USD_PPP_PS,"US dollars per person, PPP converted",_T,Total,_Z,Not application,_T,Total,_T,Total,_T,Total,_Z,Not applicable,_Z,Not applicable,Q,Constant prices,2023,,4973.105,,2020,,,,,,,,,,0,Units,1,One
DATAFLOW,OECD.ELS.HD:DSD_SHA@DF_SHA(1.1),Health expenditure and financing,I,NZL,New Zealand,A,Annual,EXP_HEALTH,Expenditure,USD_PPP_PS,"US dollars per person, PPP converted",HF3,Household out-of-pocket payments,_Z,Not application,_T,Total,_T,Total,_T,Total,_Z,Not applicable,_Z,Not applicable,V,Current prices,2015,,463.021,,,,,,,,,,,,0,Units,1,One
DATAFLOW,OECD.ELS.HD:DSD_SHA@DF_SHA(1.1),Health expenditure and financing,I,NZL,New Zealand,A,Annual,EXP_HEALTH,Expenditure,USD_PPP_PS,"US dollars per person, PPP converted",HF11,Government schemes,_Z,Not application,_T,Total,_T,Total,_T,Total,_Z,Not applicable,_Z,Not applicable,V,Current prices,2015,,2320.144,,,,,,,,,,,,0,Units,1,One
DATAFLOW,OECD.ELS.HD:DSD_SHA@DF_SHA(1.1),Health expenditure and financing,I,NZL,New Zealand,A,Annual,EXP_HEALTH,Expenditure,USD_PPP_PS,"US dollars per person, PPP converted",HF2,Voluntary healthcare payment schemes,_Z,Not application,_T,Total,_T,Total,_T,Total,_Z,Not applicable,_Z,Not applicable,V,Current prices,2015,,260.994,,,,,,,,,,,,0,Units,1,One
DATAFLOW,OECD.ELS.HD:DSD_SHA@DF_SHA(1.1),Health expenditure and financing,I,NZL,New Zealand,A,Annual,EXP_HEALTH,Expenditure,USD_PPP_PS,"US dollars per person, PPP converted",_T,Total,_Z,Not application,_T,Total,_T,Total,_T,Total,_Z,Not applicable,_Z,Not applicable,V,Current prices,2015,,3355.062,,,,,,,,,,,,0,Units,1,One
DATAFLOW,OECD.ELS.HD:DSD_SHA@DF_SHA(1.1),Health expenditure and financing,I,NZL,New Zealand,A,Annual,EXP_HEALTH,Expenditure,USD_PPP_PS,"US dollars per person, PPP converted",HF12HF13,Compulsory contributory health insurance schemes,_Z,Not application,_T,Total,_T,Total,_T,Total,_Z,Not applicable,_Z,Not applicable,V,Current prices,2015,,310.904,,,,,,,,,,,,0,Units,1,One
DATAFLOW,OECD.ELS.HD:DSD_SHA@DF_SHA(1.1),Health expenditure and financing,I,NZL,New Zealand,A,Annual,EXP_HEALTH,Expenditure,USD_PPP_PS,"US dollars per person, PPP converted",HF31,Out-of-pocket excluding cost-sharing,_Z,Not application,_T,Total,_T,Total,_T,Total,_Z,Not applicable,_Z,Not applicable,V,Current prices,2015,,296.227,,,,,,,,,,,,0,Units,1,One
DATAFLOW,OECD.ELS.HD:DSD_SHA@DF_SHA(1.1),Health expenditure and financing,I,NZL,New Zealand,A,Annual,EXP_HEALTH,Expenditure,USD_PPP_PS,"US dollars per person, PPP converted",HF1,Government/compulsory schemes,_Z,Not application,_T,Total,_T,Total,_T,Total,_Z,Not applicable,_Z,Not applicable,V,Current prices,2015,,2631.048,,,,,,,,,,,,0,Units,1,One
DATAFLOW,OECD.ELS.HD:DSD_SHA@DF_SHA(1.1),Health expenditure and financing,I,NZL,New Zealand,A,Annual,EXP_HEALTH,Expenditure,USD_PPP_PS,"US dollars per person, PPP converted",HF22,NPISH financing schemes,_Z,Not application,_T,Total,_T,Total,_T,Total,_Z,Not applicable,_Z,Not applicable,V,Current prices,2015,,92.058,,,,,,,,,,,,0,Units,1,One
DATAFLOW,OECD.ELS.HD:DSD_SHA@DF_SHA(1.1),Health expenditure and financing,I,NZL,New Zealand,A,Annual,EXP_HEALTH,Expenditure,USD_PPP_PS,"US dollars per person, PPP converted",HF21,Voluntary health insurance schemes,_Z,Not application,_T,Total,_T,Total,_T,Total,_Z,Not applicable,_Z,Not applicable,V,Current prices,2015,,168.935,,,,,,,,,,,,0,Units,1,One
DATAFLOW,OECD.ELS.HD:DSD_SHA@DF_SHA(1.1),Health expenditure and financing,I,NZL,New Zealand,A,Annual,EXP_HEALTH,Expenditure,USD_PPP_PS,"US dollars per person, PPP converted",HF32,Cost-sharing with third-party payers,_Z,Not application,_T,Total,_T,Total,_T,Total,_Z,Not applicable,_Z,Not applicable,V,Current prices,2015,,166.794,,,,,,,,,,,,0,Units,1,One
DATAFLOW,OECD.ELS.HD:DSD_SHA@DF_SHA(1.1),Health expenditure and financing,I,NZL,New Zealand,A,Annual,EXP_HEALTH,Expenditure,USD_PPP_PS,"US dollars per person, PPP converted",HF2HF3,Voluntary schemes/household out-of-pocket payments,_Z,Not application,_T,Total,_T,Total,_T,Total,_Z,Not applicable,_Z,Not applicable,V,Current prices,2015,,724.014,,,,,,,,,,,,0,Units,1,One
DATAFLOW,OECD.ELS.HD:DSD_SHA@DF_SHA(1.1),Health expenditure and financing,I,NZL,New Zealand,A,Annual,EXP_HEALTH,Expenditure,USD_PPP_PS,"US dollars per person, PPP converted",HF121,Social health insurance schemes,_Z,Not application,_T,Total,_T,Total,_T,Total,_Z,Not applicable,_Z,Not applicable,V,Current prices,2015,,310.904,,,,,,,,,,,,0,Units,1,One
DATAFLOW,OECD.ELS.HD:DSD_SHA@DF_SHA(1.1),Health expenditure and financing,I,NZL,New Zealand,A,Annual,EXP_HEALTH,Expenditure,USD_PPP_PS,"US dollars per person, PPP converted",HF121,Social health insurance schemes,_Z,Not application,_T,Total,_T,Total,_T,Total,_Z,Not applicable,_Z,Not applicable,V,Current prices,2016,,338.238,,,,,,,,,,,,0,Units,1,One
DATAFLOW,OECD.ELS.HD:DSD_SHA@DF_SHA(1.1),Health expenditure and financing,I,NZL,New Zealand,A,Annual,EXP_HEALTH,Expenditure,USD_PPP_PS,"US dollars per person, PPP converted",HF2HF3,Voluntary schemes/household out-of-pocket payments,_Z,Not application,_T,Total,_T,Total,_T,Total,_Z,Not applicable,_Z,Not applicable,V,Current prices,2016,,801.492,,,,,,,,,,,,0,Units,1,One
DATAFLOW,OECD.ELS.HD:DSD_SHA@DF_SHA(1.1),Health expenditure and financing,I,NZL,New Zealand,A,Annual,EXP_HEALTH,Expenditure,USD_PPP_PS,"US dollars per person, PPP converted",HF32,Cost-sharing with third-party payers,_Z,Not application,_T,Total,_T,Total,_T,Total,_Z,Not applicable,_Z,Not applicable,V,Current prices,2016,,186.172,,,,,,,,,,,,0,Units,1,One
DATAFLOW,OECD.ELS.HD:DSD_SHA@DF_SHA(1.1),Health expenditure and financing,I,NZL,New Zealand,A,Annual,EXP_HEALTH,Expenditure,USD_PPP_PS,"US dollars per person, PPP converted",HF21,Voluntary health insurance schemes,_Z,Not application,_T,Total,_T,Total,_T,Total,_Z,Not applicable,_Z,Not applicable,V,Current prices,2016,,186.521,,,,,,,,,,,,0,Units,1,One
DATAFLOW,OECD.ELS.HD:DSD_SHA@DF_SHA(1.1),Health expenditure and financing,I,NZL,New Zealand,A,Annual,EXP_HEALTH,Expenditure,USD_PPP_PS,"US dollars per person, PPP converted",HF22,NPISH financing schemes,_Z,Not application,_T,Total,_T,Total,_T,Total,_Z,Not applicable,_Z,Not applicable,V,Current prices,2016,,96.948,,,,,,,,,,,,0,Units,1,One
DATAFLOW,OECD.ELS.HD:DSD_SHA@DF_SHA(1.1),Health expenditure and financing,I,NZL,New Zealand,A,Annual,EXP_HEALTH,Expenditure,USD_PPP_PS,"US dollars per person, PPP converted",HF1,Government/compulsory schemes,_Z,Not application,_T,Total,_T,Total,_T,Total,_Z,Not applicable,_Z,Not applicable,V,Current prices,2016,,2744.147,,,,,,,,,,,,0,Units,1,One
DATAFLOW,OECD.ELS.HD:DSD_SHA@DF_SHA(1.1),Health expenditure and financing,I,NZL,New Zealand,A,Annual,EXP_HEALTH,Expenditure,USD_PPP_PS,"US dollars per person, PPP converted",HF31,Out-of-pocket excluding cost-sharing,_Z,Not application,_T,Total,_T,Total,_T,Total,_Z,Not applicable,_Z,Not applicable,V,Current prices,2016,,331.85,,,,,,,,,,,,0,Units,1,One
DATAFLOW,OECD.ELS.HD:DSD_SHA@DF_SHA(1.1),Health expenditure and financing,I,NZL,New Zealand,A,Annual,EXP_HEALTH,Expenditure,USD_PPP_PS,"US dollars per person, PPP converted",HF12HF13,Compulsory contributory health insurance schemes,_Z,Not application,_T,Total,_T,Total,_T,Total,_Z,Not applicable,_Z,Not applicable,V,Current prices,2016,,338.238,,,,,,,,,,,,0,Units,1,One
DATAFLOW,OECD.ELS.HD:DSD_SHA@DF_SHA(1.1),Health expenditure and financing,I,NZL,New Zealand,A,Annual,EXP_HEALTH,Expenditure,USD_PPP_PS,"US dollars per person, PPP converted",_T,Total,_Z,Not application,_T,Total,_T,Total,_T,Total,_Z,Not applicable,_Z,Not applicable,V,Current prices,2016,,3545.639,,,,,,,,,,,,0,Units,1,One
DATAFLOW,OECD.ELS.HD:DSD_SHA@DF_SHA(1.1),Health expenditure and financing,I,NZL,New Zealand,A,Annual,EXP_HEALTH,Expenditure,USD_PPP_PS,"US dollars per person, PPP converted",HF2,Voluntary healthcare payment schemes,_Z,Not application,_T,Total,_T,Total,_T,Total,_Z,Not applicable,_Z,Not applicable,V,Current prices,2016,,283.47,,,,,,,,,,,,0,Units,1,One
DATAFLOW,OECD.ELS.HD:DSD_SHA@DF_SHA(1.1),Health expenditure and financing,I,NZL,New Zealand,A,Annual,EXP_HEALTH,Expenditure,USD_PPP_PS,"US dollars per person, PPP converted",HF11,Government schemes,_Z,Not application,_T,Total,_T,Total,_T,Total,_Z,Not applicable,_Z,Not applicable,V,Current prices,2016,,2405.909,,,,,,,,,,,,0,Units,1,One
DATAFLOW,OECD.ELS.HD:DSD_SHA@DF_SHA(1.1),Health expenditure and financing,I,NZL,New Zealand,A,Annual,EXP_HEALTH,Expenditure,USD_PPP_PS,"US dollars per person, PPP converted",HF3,Household out-of-pocket payments,_Z,Not application,_T,Total,_T,Total,_T,Total,_Z,Not applicable,_Z,Not applicable,V,Current prices,2016,,518.022,,,,,,,,,,,,0,Units,1,One
DATAFLOW,OECD.ELS.HD:DSD_SHA@DF_SHA(1.1),Health expenditure and financing,I,NZL,New Zealand,A,Annual,EXP_HEALTH,Expenditure,USD_PPP_PS,"US dollars per person, PPP converted",HF3,Household out-of-pocket payments,_Z,Not application,_T,Total,_T,Total,_T,Total,_Z,Not applicable,_Z,Not applicable,V,Current prices,2017,,537.567,,,,,,,,,,,,0,Units,1,One
DATAFLOW,OECD.ELS.HD:DSD_SHA@DF_SHA(1.1),Health expenditure and financing,I,NZL,New Zealand,A,Annual,EXP_HEALTH,Expenditure,USD_PPP_PS,"US dollars per person, PPP converted",HF11,Government schemes,_Z,Not application,_T,Total,_T,Total,_T,Total,_Z,Not applicable,_Z,Not applicable,V,Current prices,2017,,2511.2,,,,,,,,,,,,0,Units,1,One
DATAFLOW,OECD.ELS.HD:DSD_SHA@DF_SHA(1.1),Health expenditure and financing,I,NZL,New Zealand,A,Annual,EXP_HEALTH,Expenditure,USD_PPP_PS,"US dollars per person, PPP converted",HF2,Voluntary healthcare payment schemes,_Z,Not application,_T,Total,_T,Total,_T,Total,_Z,Not applicable,_Z,Not applicable,V,Current prices,2017,,292.73,,,,,,,,,,,,0,Units,1,One
DATAFLOW,OECD.ELS.HD:DSD_SHA@DF_SHA(1.1),Health expenditure and financing,I,NZL,New Zealand,A,Annual,EXP_HEALTH,Expenditure,USD_PPP_PS,"US dollars per person, PPP converted",_T,Total,_Z,Not application,_T,Total,_T,Total,_T,Total,_Z,Not applicable,_Z,Not applicable,V,Current prices,2017,,3694.968,,,,,,,,,,,,0,Units,1,One
DATAFLOW,OECD.ELS.HD:DSD_SHA@DF_SHA(1.1),Health expenditure and financing,I,NZL,New Zealand,A,Annual,EXP_HEALTH,Expenditure,USD_PPP_PS,"US dollars per person, PPP converted",HF12HF13,Compulsory contributory health insurance schemes,_Z,Not application,_T,Total,_T,Total,_T,Total,_Z,Not applicable,_Z,Not applicable,V,Current prices,2017,,353.471,,,,,,,,,,,,0,Units,1,One
DATAFLOW,OECD.ELS.HD:DSD_SHA@DF_SHA(1.1),Health expenditure and financing,I,NZL,New Zealand,A,Annual,EXP_HEALTH,Expenditure,USD_PPP_PS,"US dollars per person, PPP converted",HF31,Out-of-pocket excluding cost-sharing,_Z,Not application,_T,Total,_T,Total,_T,Total,_Z,Not applicable,_Z,Not applicable,V,Current prices,2017,,345.415,,,,,,,,,,,,0,Units,1,One
DATAFLOW,OECD.ELS.HD:DSD_SHA@DF_SHA(1.1),Health expenditure and financing,I,NZL,New Zealand,A,Annual,EXP_HEALTH,Expenditure,USD_PPP_PS,"US dollars per person, PPP converted",HF1,Government/compulsory schemes,_Z,Not application,_T,Total,_T,Total,_T,Total,_Z,Not applicable,_Z,Not applicable,V,Current prices,2017,,2864.671,,,,,,,,,,,,0,Units,1,One
DATAFLOW,OECD.ELS.HD:DSD_SHA@DF_SHA(1.1),Health expenditure and financing,I,NZL,New Zealand,A,Annual,EXP_HEALTH,Expenditure,USD_PPP_PS,"US dollars per person, PPP converted",HF22,NPISH financing schemes,_Z,Not application,_T,Total,_T,Total,_T,Total,_Z,Not applicable,_Z,Not applicable,V,Current prices,2017,,100.272,,,,,,,,,,,,0,Units,1,One
DATAFLOW,OECD.ELS.HD:DSD_SHA@DF_SHA(1.1),Health expenditure and financing,I,NZL,New Zealand,A,Annual,EXP_HEALTH,Expenditure,USD_PPP_PS,"US dollars per person, PPP converted",HF21,Voluntary health insurance schemes,_Z,Not application,_T,Total,_T,Total,_T,Total,_Z,Not applicable,_Z,Not applicable,V,Current prices,2017,,192.457,,,,,,,,,,,,0,Units,1,One
DATAFLOW,OECD.ELS.HD:DSD_SHA@DF_SHA(1.1),Health expenditure and financing,I,NZL,New Zealand,A,Annual,EXP_HEALTH,Expenditure,USD_PPP_PS,"US dollars per person, PPP converted",HF32,Cost-sharing with third-party payers,_Z,Not application,_T,Total,_T,Total,_T,Total,_Z,Not applicable,_Z,Not applicable,V,Current prices,2017,,192.152,,,,,,,,,,,,0,Units,1,One
DATAFLOW,OECD.ELS.HD:DSD_SHA@DF_SHA(1.1),Health expenditure and financing,I,NZL,New Zealand,A,Annual,EXP_HEALTH,Expenditure,USD_PPP_PS,"US dollars per person, PPP converted",HF2HF3,Voluntary schemes/household out-of-pocket payments,_Z,Not application,_T,Total,_T,Total,_T,Total,_Z,Not applicable,_Z,Not applicable,V,Current prices,2017,,830.297,,,,,,,,,,,,0,Units,1,One
DATAFLOW,OECD.ELS.HD:DSD_SHA@DF_SHA(1.1),Health expenditure and financing,I,NZL,New Zealand,A,Annual,EXP_HEALTH,Expenditure,USD_PPP_PS,"US dollars per person, PPP converted",HF121,Social health insurance schemes,_Z,Not application,_T,Total,_T,Total,_T,Total,_Z,Not applicable,_Z,Not applicable,V,Current prices,2017,,353.471,,,,,,,,,,,,0,Units,1,One
DATAFLOW,OECD.ELS.HD:DSD_SHA@DF_SHA(1.1),Health expenditure and financing,I,NZL,New Zealand,A,Annual,EXP_HEALTH,Expenditure,USD_PPP_PS,"US dollars per person, PPP converted",HF121,Social health insurance schemes,_Z,Not application,_T,Total,_T,Total,_T,Total,_Z,Not applicable,_Z,Not applicable,V,Current prices,2018,,366.71,,,,,,,,,,,,0,Units,1,One
DATAFLOW,OECD.ELS.HD:DSD_SHA@DF_SHA(1.1),Health expenditure and financing,I,NZL,New Zealand,A,Annual,EXP_HEALTH,Expenditure,USD_PPP_PS,"US dollars per person, PPP converted",HF2HF3,Voluntary schemes/household out-of-pocket payments,_Z,Not application,_T,Total,_T,Total,_T,Total,_Z,Not applicable,_Z,Not applicable,V,Current prices,2018,,841.967,,,,,,,,,,,,0,Units,1,One
DATAFLOW,OECD.ELS.HD:DSD_SHA@DF_SHA(1.1),Health expenditure and financing,I,NZL,New Zealand,A,Annual,EXP_HEALTH,Expenditure,USD_PPP_PS,"US dollars per person, PPP converted",HF32,Cost-sharing with third-party payers,_Z,Not application,_T,Total,_T,Total,_T,Total,_Z,Not applicable,_Z,Not applicable,V,Current prices,2018,,193.239,,,,,,,,,,,,0,Units,1,One
DATAFLOW,OECD.ELS.HD:DSD_SHA@DF_SHA(1.1),Health expenditure and financing,I,NZL,New Zealand,A,Annual,EXP_HEALTH,Expenditure,USD_PPP_PS,"US dollars per person, PPP converted",HF21,Voluntary health insurance schemes,_Z,Not application,_T,Total,_T,Total,_T,Total,_Z,Not applicable,_Z,Not applicable,V,Current prices,2018,,201.014,,,,,,,,,,,,0,Units,1,One
DATAFLOW,OECD.ELS.HD:DSD_SHA@DF_SHA(1.1),Health expenditure and financing,I,NZL,New Zealand,A,Annual,EXP_HEALTH,Expenditure,USD_PPP_PS,"US dollars per person, PPP converted",HF22,NPISH financing schemes,_Z,Not application,_T,Total,_T,Total,_T,Total,_Z,Not applicable,_Z,Not applicable,V,Current prices,2018,,100.059,,,,,,,,,,,,0,Units,1,One
DATAFLOW,OECD.ELS.HD:DSD_SHA@DF_SHA(1.1),Health expenditure and financing,I,NZL,New Zealand,A,Annual,EXP_HEALTH,Expenditure,USD_PPP_PS,"US dollars per person, PPP converted",HF1,Government/compulsory schemes,_Z,Not application,_T,Total,_T,Total,_T,Total,_Z,Not applicable,_Z,Not applicable,V,Current prices,2018,,2870.033,,,,,,,,,,,,0,Units,1,One
DATAFLOW,OECD.ELS.HD:DSD_SHA@DF_SHA(1.1),Health expenditure and financing,I,NZL,New Zealand,A,Annual,EXP_HEALTH,Expenditure,USD_PPP_PS,"US dollars per person, PPP converted",HF31,Out-of-pocket excluding cost-sharing,_Z,Not application,_T,Total,_T,Total,_T,Total,_Z,Not applicable,_Z,Not applicable,V,Current prices,2018,,347.655,,,,,,,,,,,,0,Units,1,One
DATAFLOW,OECD.ELS.HD:DSD_SHA@DF_SHA(1.1),Health expenditure and financing,I,NZL,New Zealand,A,Annual,EXP_HEALTH,Expenditure,USD_PPP_PS,"US dollars per person, PPP converted",HF12HF13,Compulsory contributory health insurance schemes,_Z,Not application,_T,Total,_T,Total,_T,Total,_Z,Not applicable,_Z,Not applicable,V,Current prices,2018,,366.71,,,,,,,,,,,,0,Units,1,One
DATAFLOW,OECD.ELS.HD:DSD_SHA@DF_SHA(1.1),Health expenditure and financing,I,NZL,New Zealand,A,Annual,EXP_HEALTH,Expenditure,USD_PPP_PS,"US dollars per person, PPP converted",_T,Total,_Z,Not application,_T,Total,_T,Total,_T,Total,_Z,Not applicable,_Z,Not applicable,V,Current prices,2018,,3712.001,,,,,,,,,,,,0,Units,1,One
DATAFLOW,OECD.ELS.HD:DSD_SHA@DF_SHA(1.1),Health expenditure and financing,I,NZL,New Zealand,A,Annual,EXP_HEALTH,Expenditure,USD_PPP_PS,"US dollars per person, PPP converted",HF2,Voluntary healthcare payment schemes,_Z,Not application,_T,Total,_T,Total,_T,Total,_Z,Not applicable,_Z,Not applicable,V,Current prices,2018,,301.073,,,,,,,,,,,,0,Units,1,One
DATAFLOW,OECD.ELS.HD:DSD_SHA@DF_SHA(1.1),Health expenditure and financing,I,NZL,New Zealand,A,Annual,EXP_HEALTH,Expenditure,USD_PPP_PS,"US dollars per person, PPP converted",HF11,Government schemes,_Z,Not application,_T,Total,_T,Total,_T,Total,_Z,Not applicable,_Z,Not applicable,V,Current prices,2018,,2503.324,,,,,,,,,,,,0,Units,1,One
DATAFLOW,OECD.ELS.HD:DSD_SHA@DF_SHA(1.1),Health expenditure and financing,I,NZL,New Zealand,A,Annual,EXP_HEALTH,Expenditure,USD_PPP_PS,"US dollars per person, PPP converted",HF3,Household out-of-pocket payments,_Z,Not application,_T,Total,_T,Total,_T,Total,_Z,Not applicable,_Z,Not applicable,V,Current prices,2018,,540.894,,,,,,,,,,,,0,Units,1,One
DATAFLOW,OECD.ELS.HD:DSD_SHA@DF_SHA(1.1),Health expenditure and financing,I,NZL,New Zealand,A,Annual,EXP_HEALTH,Expenditure,USD_PPP_PS,"US dollars per person, PPP converted",HF3,Household out-of-pocket payments,_Z,Not application,_T,Total,_T,Total,_T,Total,_Z,Not applicable,_Z,Not applicable,V,Current prices,2019,,576.704,,,,,,,,,,,,0,Units,1,One
DATAFLOW,OECD.ELS.HD:DSD_SHA@DF_SHA(1.1),Health expenditure and financing,I,NZL,New Zealand,A,Annual,EXP_HEALTH,Expenditure,USD_PPP_PS,"US dollars per person, PPP converted",HF11,Government schemes,_Z,Not application,_T,Total,_T,Total,_T,Total,_Z,Not applicable,_Z,Not applicable,V,Current prices,2019,,2701.147,,,,,,,,,,,,0,Units,1,One
DATAFLOW,OECD.ELS.HD:DSD_SHA@DF_SHA(1.1),Health expenditure and financing,I,NZL,New Zealand,A,Annual,EXP_HEALTH,Expenditure,USD_PPP_PS,"US dollars per person, PPP converted",HF2,Voluntary healthcare payment schemes,_Z,Not application,_T,Total,_T,Total,_T,Total,_Z,Not applicable,_Z,Not applicable,V,Current prices,2019,,325.328,,,,,,,,,,,,0,Units,1,One
DATAFLOW,OECD.ELS.HD:DSD_SHA@DF_SHA(1.1),Health expenditure and financing,I,NZL,New Zealand,A,Annual,EXP_HEALTH,Expenditure,USD_PPP_PS,"US dollars per person, PPP converted",_T,Total,_Z,Not application,_T,Total,_T,Total,_T,Total,_Z,Not applicable,_Z,Not applicable,V,Current prices,2019,,4003.766,,,,,,,,,,,,0,Units,1,One
DATAFLOW,OECD.ELS.HD:DSD_SHA@DF_SHA(1.1),Health expenditure and financing,I,NZL,New Zealand,A,Annual,EXP_HEALTH,Expenditure,USD_PPP_PS,"US dollars per person, PPP converted",HF12HF13,Compulsory contributory health insurance schemes,_Z,Not application,_T,Total,_T,Total,_T,Total,_Z,Not applicable,_Z,Not applicable,V,Current prices,2019,,400.586,,,,,,,,,,,,0,Units,1,One
DATAFLOW,OECD.ELS.HD:DSD_SHA@DF_SHA(1.1),Health expenditure and financing,I,NZL,New Zealand,A,Annual,EXP_HEALTH,Expenditure,USD_PPP_PS,"US dollars per person, PPP converted",HF31,Out-of-pocket excluding cost-sharing,_Z,Not application,_T,Total,_T,Total,_T,Total,_Z,Not applicable,_Z,Not applicable,V,Current prices,2019,,369.792,,,,,,,,,,,,0,Units,1,One
DATAFLOW,OECD.ELS.HD:DSD_SHA@DF_SHA(1.1),Health expenditure and financing,I,NZL,New Zealand,A,Annual,EXP_HEALTH,Expenditure,USD_PPP_PS,"US dollars per person, PPP converted",HF1,Government/compulsory schemes,_Z,Not application,_T,Total,_T,Total,_T,Total,_Z,Not applicable,_Z,Not applicable,V,Current prices,2019,,3101.733,,,,,,,,,,,,0,Units,1,One
DATAFLOW,OECD.ELS.HD:DSD_SHA@DF_SHA(1.1),Health expenditure and financing,I,NZL,New Zealand,A,Annual,EXP_HEALTH,Expenditure,USD_PPP_PS,"US dollars per person, PPP converted",HF22,NPISH financing schemes,_Z,Not application,_T,Total,_T,Total,_T,Total,_Z,Not applicable,_Z,Not applicable,V,Current prices,2019,,104.789,,,,,,,,,,,,0,Units,1,One
DATAFLOW,OECD.ELS.HD:DSD_SHA@DF_SHA(1.1),Health expenditure and financing,I,NZL,New Zealand,A,Annual,EXP_HEALTH,Expenditure,USD_PPP_PS,"US dollars per person, PPP converted",HF21,Voluntary health insurance schemes,_Z,Not application,_T,Total,_T,Total,_T,Total,_Z,Not applicable,_Z,Not applicable,V,Current prices,2019,,220.54,,,,,,,,,,,,0,Units,1,One
DATAFLOW,OECD.ELS.HD:DSD_SHA@DF_SHA(1.1),Health expenditure and financing,I,NZL,New Zealand,A,Annual,EXP_HEALTH,Expenditure,USD_PPP_PS,"US dollars per person, PPP converted",HF32,Cost-sharing with third-party payers,_Z,Not application,_T,Total,_T,Total,_T,Total,_Z,Not applicable,_Z,Not applicable,V,Current prices,2019,,206.912,,,,,,,,,,,,0,Units,1,One
DATAFLOW,OECD.ELS.HD:DSD_SHA@DF_SHA(1.1),Health expenditure and financing,I,NZL,New Zealand,A,Annual,EXP_HEALTH,Expenditure,USD_PPP_PS,"US dollars per person, PPP converted",HF2HF3,Voluntary schemes/household out-of-pocket payments,_Z,Not application,_T,Total,_T,Total,_T,Total,_Z,Not applicable,_Z,Not applicable,V,Current prices,2019,,902.033,,,,,,,,,,,,0,Units,1,One
DATAFLOW,OECD.ELS.HD:DSD_SHA@DF_SHA(1.1),Health expenditure and financing,I,NZL,New Zealand,A,Annual,EXP_HEALTH,Expenditure,USD_PPP_PS,"US dollars per person, PPP converted",HF121,Social health insurance schemes,_Z,Not application,_T,Total,_T,Total,_T,Total,_Z,Not applicable,_Z,Not applicable,V,Current prices,2019,,400.586,,,,,,,,,,,,0,Units,1,One
DATAFLOW,OECD.ELS.HD:DSD_SHA@DF_SHA(1.1),Health expenditure and financing,I,NZL,New Zealand,A,Annual,EXP_HEALTH,Expenditure,USD_PPP_PS,"US dollars per person, PPP converted",HF121,Social health insurance schemes,_Z,Not application,_T,Total,_T,Total,_T,Total,_Z,Not applicable,_Z,Not applicable,V,Current prices,2020,,415.494,,,,,,,,,,,,0,Units,1,One
DATAFLOW,OECD.ELS.HD:DSD_SHA@DF_SHA(1.1),Health expenditure and financing,I,NZL,New Zealand,A,Annual,EXP_HEALTH,Expenditure,USD_PPP_PS,"US dollars per person, PPP converted",HF2HF3,Voluntary schemes/household out-of-pocket payments,_Z,Not application,_T,Total,_T,Total,_T,Total,_Z,Not applicable,_Z,Not applicable,V,Current prices,2020,,942.411,,,,,,,,,,,,0,Units,1,One
DATAFLOW,OECD.ELS.HD:DSD_SHA@DF_SHA(1.1),Health expenditure and financing,I,NZL,New Zealand,A,Annual,EXP_HEALTH,Expenditure,USD_PPP_PS,"US dollars per person, PPP converted",HF32,Cost-sharing with third-party payers,_Z,Not application,_T,Total,_T,Total,_T,Total,_Z,Not applicable,_Z,Not applicable,V,Current prices,2020,,220,,,,,,,,,,,,0,Units,1,One
DATAFLOW,OECD.ELS.HD:DSD_SHA@DF_SHA(1.1),Health expenditure and financing,I,NZL,New Zealand,A,Annual,EXP_HEALTH,Expenditure,USD_PPP_PS,"US dollars per person, PPP converted",HF21,Voluntary health insurance schemes,_Z,Not application,_T,Total,_T,Total,_T,Total,_Z,Not applicable,_Z,Not applicable,V,Current prices,2020,,217.102,,,,,,,,,,,,0,Units,1,One
DATAFLOW,OECD.ELS.HD:DSD_SHA@DF_SHA(1.1),Health expenditure and financing,I,NZL,New Zealand,A,Annual,EXP_HEALTH,Expenditure,USD_PPP_PS,"US dollars per person, PPP converted",HF22,NPISH financing schemes,_Z,Not application,_T,Total,_T,Total,_T,Total,_Z,Not applicable,_Z,Not applicable,V,Current prices,2020,,107.542,,,,,,,,,,,,0,Units,1,One
DATAFLOW,OECD.ELS.HD:DSD_SHA@DF_SHA(1.1),Health expenditure and financing,I,NZL,New Zealand,A,Annual,EXP_HEALTH,Expenditure,USD_PPP_PS,"US dollars per person, PPP converted",HF1,Government/compulsory schemes,_Z,Not application,_T,Total,_T,Total,_T,Total,_Z,Not applicable,_Z,Not applicable,V,Current prices,2020,,3410.257,,,,,,,,,,,,0,Units,1,One
DATAFLOW,OECD.ELS.HD:DSD_SHA@DF_SHA(1.1),Health expenditure and financing,I,NZL,New Zealand,A,Annual,EXP_HEALTH,Expenditure,USD_PPP_PS,"US dollars per person, PPP converted",HF31,Out-of-pocket excluding cost-sharing,_Z,Not application,_T,Total,_T,Total,_T,Total,_Z,Not applicable,_Z,Not applicable,V,Current prices,2020,,397.768,,,,,,,,,,,,0,Units,1,One
DATAFLOW,OECD.ELS.HD:DSD_SHA@DF_SHA(1.1),Health expenditure and financing,I,NZL,New Zealand,A,Annual,EXP_HEALTH,Expenditure,USD_PPP_PS,"US dollars per person, PPP converted",HF12HF13,Compulsory contributory health insurance schemes,_Z,Not application,_T,Total,_T,Total,_T,Total,_Z,Not applicable,_Z,Not applicable,V,Current prices,2020,,415.494,,,,,,,,,,,,0,Units,1,One
DATAFLOW,OECD.ELS.HD:DSD_SHA@DF_SHA(1.1),Health expenditure and financing,I,NZL,New Zealand,A,Annual,EXP_HEALTH,Expenditure,USD_PPP_PS,"US dollars per person, PPP converted",_T,Total,_Z,Not application,_T,Total,_T,Total,_T,Total,_Z,Not applicable,_Z,Not applicable,V,Current prices,2020,,4352.668,,,,,,,,,,,,0,Units,1,One
DATAFLOW,OECD.ELS.HD:DSD_SHA@DF_SHA(1.1),Health expenditure and financing,I,NZL,New Zealand,A,Annual,EXP_HEALTH,Expenditure,USD_PPP_PS,"US dollars per person, PPP converted",HF2,Voluntary healthcare payment schemes,_Z,Not application,_T,Total,_T,Total,_T,Total,_Z,Not applicable,_Z,Not applicable,V,Current prices,2020,,324.643,,,,,,,,,,,,0,Units,1,One
DATAFLOW,OECD.ELS.HD:DSD_SHA@DF_SHA(1.1),Health expenditure and financing,I,NZL,New Zealand,A,Annual,EXP_HEALTH,Expenditure,USD_PPP_PS,"US dollars per person, PPP converted",HF11,Government schemes,_Z,Not application,_T,Total,_T,Total,_T,Total,_Z,Not applicable,_Z,Not applicable,V,Current prices,2020,,2994.763,,,,,,,,,,,,0,Units,1,One
DATAFLOW,OECD.ELS.HD:DSD_SHA@DF_SHA(1.1),Health expenditure and financing,I,NZL,New Zealand,A,Annual,EXP_HEALTH,Expenditure,USD_PPP_PS,"US dollars per person, PPP converted",HF3,Household out-of-pocket payments,_Z,Not application,_T,Total,_T,Total,_T,Total,_Z,Not applicable,_Z,Not applicable,V,Current prices,2020,,617.768,,,,,,,,,,,,0,Units,1,One
DATAFLOW,OECD.ELS.HD:DSD_SHA@DF_SHA(1.1),Health expenditure and financing,I,NZL,New Zealand,A,Annual,EXP_HEALTH,Expenditure,USD_PPP_PS,"US dollars per person, PPP converted",HF3,Household out-of-pocket payments,_Z,Not application,_T,Total,_T,Total,_T,Total,_Z,Not applicable,_Z,Not applicable,V,Current prices,2021,,660.551,,,,,,,,,,,,0,Units,1,One
DATAFLOW,OECD.ELS.HD:DSD_SHA@DF_SHA(1.1),Health expenditure and financing,I,NZL,New Zealand,A,Annual,EXP_HEALTH,Expenditure,USD_PPP_PS,"US dollars per person, PPP converted",HF11,Government schemes,_Z,Not application,_T,Total,_T,Total,_T,Total,_Z,Not applicable,_Z,Not applicable,V,Current prices,2021,,3385.691,,,,,,,,,,,,0,Units,1,One
DATAFLOW,OECD.ELS.HD:DSD_SHA@DF_SHA(1.1),Health expenditure and financing,I,NZL,New Zealand,A,Annual,EXP_HEALTH,Expenditure,USD_PPP_PS,"US dollars per person, PPP converted",HF2,Voluntary healthcare payment schemes,_Z,Not application,_T,Total,_T,Total,_T,Total,_Z,Not applicable,_Z,Not applicable,V,Current prices,2021,,360.498,,,,,,,,,,,,0,Units,1,One
DATAFLOW,OECD.ELS.HD:DSD_SHA@DF_SHA(1.1),Health expenditure and financing,I,NZL,New Zealand,A,Annual,EXP_HEALTH,Expenditure,USD_PPP_PS,"US dollars per person, PPP converted",_T,Total,_Z,Not application,_T,Total,_T,Total,_T,Total,_Z,Not applicable,_Z,Not applicable,V,Current prices,2021,,4869.351,,,,,,,,,,,,0,Units,1,One
DATAFLOW,OECD.ELS.HD:DSD_SHA@DF_SHA(1.1),Health expenditure and financing,I,NZL,New Zealand,A,Annual,EXP_HEALTH,Expenditure,USD_PPP_PS,"US dollars per person, PPP converted",HF12HF13,Compulsory contributory health insurance schemes,_Z,Not application,_T,Total,_T,Total,_T,Total,_Z,Not applicable,_Z,Not applicable,V,Current prices,2021,,462.611,,,,,,,,,,,,0,Units,1,One
DATAFLOW,OECD.ELS.HD:DSD_SHA@DF_SHA(1.1),Health expenditure and financing,I,NZL,New Zealand,A,Annual,EXP_HEALTH,Expenditure,USD_PPP_PS,"US dollars per person, PPP converted",HF31,Out-of-pocket excluding cost-sharing,_Z,Not application,_T,Total,_T,Total,_T,Total,_Z,Not applicable,_Z,Not applicable,V,Current prices,2021,,423.321,,,,,,,,,,,,0,Units,1,One
DATAFLOW,OECD.ELS.HD:DSD_SHA@DF_SHA(1.1),Health expenditure and financing,I,NZL,New Zealand,A,Annual,EXP_HEALTH,Expenditure,USD_PPP_PS,"US dollars per person, PPP converted",HF1,Government/compulsory schemes,_Z,Not application,_T,Total,_T,Total,_T,Total,_Z,Not applicable,_Z,Not applicable,V,Current prices,2021,,3848.303,,,,,,,,,,,,0,Units,1,One
DATAFLOW,OECD.ELS.HD:DSD_SHA@DF_SHA(1.1),Health expenditure and financing,I,NZL,New Zealand,A,Annual,EXP_HEALTH,Expenditure,USD_PPP_PS,"US dollars per person, PPP converted",HF22,NPISH financing schemes,_Z,Not application,_T,Total,_T,Total,_T,Total,_Z,Not applicable,_Z,Not applicable,V,Current prices,2021,,109.696,,,,,,,,,,,,0,Units,1,One
DATAFLOW,OECD.ELS.HD:DSD_SHA@DF_SHA(1.1),Health expenditure and financing,I,NZL,New Zealand,A,Annual,EXP_HEALTH,Expenditure,USD_PPP_PS,"US dollars per person, PPP converted",HF21,Voluntary health insurance schemes,_Z,Not application,_T,Total,_T,Total,_T,Total,_Z,Not applicable,_Z,Not applicable,V,Current prices,2021,,250.802,,,,,,,,,,,,0,Units,1,One
DATAFLOW,OECD.ELS.HD:DSD_SHA@DF_SHA(1.1),Health expenditure and financing,I,NZL,New Zealand,A,Annual,EXP_HEALTH,Expenditure,USD_PPP_PS,"US dollars per person, PPP converted",HF32,Cost-sharing with third-party payers,_Z,Not application,_T,Total,_T,Total,_T,Total,_Z,Not applicable,_Z,Not applicable,V,Current prices,2021,,237.23,,,,,,,,,,,,0,Units,1,One
DATAFLOW,OECD.ELS.HD:DSD_SHA@DF_SHA(1.1),Health expenditure and financing,I,NZL,New Zealand,A,Annual,EXP_HEALTH,Expenditure,USD_PPP_PS,"US dollars per person, PPP converted",HF2HF3,Voluntary schemes/household out-of-pocket payments,_Z,Not application,_T,Total,_T,Total,_T,Total,_Z,Not applicable,_Z,Not applicable,V,Current prices,2021,,1021.049,,,,,,,,,,,,0,Units,1,One
DATAFLOW,OECD.ELS.HD:DSD_SHA@DF_SHA(1.1),Health expenditure and financing,I,NZL,New Zealand,A,Annual,EXP_HEALTH,Expenditure,USD_PPP_PS,"US dollars per person, PPP converted",HF121,Social health insurance schemes,_Z,Not application,_T,Total,_T,Total,_T,Total,_Z,Not applicable,_Z,Not applicable,V,Current prices,2021,,462.611,,,,,,,,,,,,0,Units,1,One
DATAFLOW,OECD.ELS.HD:DSD_SHA@DF_SHA(1.1),Health expenditure and financing,I,NZL,New Zealand,A,Annual,EXP_HEALTH,Expenditure,USD_PPP_PS,"US dollars per person, PPP converted",HF121,Social health insurance schemes,_Z,Not application,_T,Total,_T,Total,_T,Total,_Z,Not applicable,_Z,Not applicable,V,Current prices,2022,,487.29,,,,,,,,,,,,0,Units,1,One
DATAFLOW,OECD.ELS.HD:DSD_SHA@DF_SHA(1.1),Health expenditure and financing,I,NZL,New Zealand,A,Annual,EXP_HEALTH,Expenditure,USD_PPP_PS,"US dollars per person, PPP converted",HF2HF3,Voluntary schemes/household out-of-pocket payments,_Z,Not application,_T,Total,_T,Total,_T,Total,_Z,Not applicable,_Z,Not applicable,V,Current prices,2022,,1113.959,,,,,,,,,,,,0,Units,1,One
DATAFLOW,OECD.ELS.HD:DSD_SHA@DF_SHA(1.1),Health expenditure and financing,I,NZL,New Zealand,A,Annual,EXP_HEALTH,Expenditure,USD_PPP_PS,"US dollars per person, PPP converted",HF32,Cost-sharing with third-party payers,_Z,Not application,_T,Total,_T,Total,_T,Total,_Z,Not applicable,_Z,Not applicable,V,Current prices,2022,,262.813,,,,,,,,,,,,0,Units,1,One
DATAFLOW,OECD.ELS.HD:DSD_SHA@DF_SHA(1.1),Health expenditure and financing,I,NZL,New Zealand,A,Annual,EXP_HEALTH,Expenditure,USD_PPP_PS,"US dollars per person, PPP converted",HF21,Voluntary health insurance schemes,_Z,Not application,_T,Total,_T,Total,_T,Total,_Z,Not applicable,_Z,Not applicable,V,Current prices,2022,,261.858,,,,,,,,,,,,0,Units,1,One
DATAFLOW,OECD.ELS.HD:DSD_SHA@DF_SHA(1.1),Health expenditure and financing,I,NZL,New Zealand,A,Annual,EXP_HEALTH,Expenditure,USD_PPP_PS,"US dollars per person, PPP converted",HF22,NPISH financing schemes,_Z,Not application,_T,Total,_T,Total,_T,Total,_Z,Not applicable,_Z,Not applicable,V,Current prices,2022,,117.608,,,,,,,,,,,,0,Units,1,One
DATAFLOW,OECD.ELS.HD:DSD_SHA@DF_SHA(1.1),Health expenditure and financing,I,NZL,New Zealand,A,Annual,EXP_HEALTH,Expenditure,USD_PPP_PS,"US dollars per person, PPP converted",HF1,Government/compulsory schemes,_Z,Not application,_T,Total,_T,Total,_T,Total,_Z,Not applicable,_Z,Not applicable,V,Current prices,2022,,5044.655,,,,,,,,,,,,0,Units,1,One
DATAFLOW,OECD.ELS.HD:DSD_SHA@DF_SHA(1.1),Health expenditure and financing,I,NZL,New Zealand,A,Annual,EXP_HEALTH,Expenditure,USD_PPP_PS,"US dollars per person, PPP converted",HF31,Out-of-pocket excluding cost-sharing,_Z,Not application,_T,Total,_T,Total,_T,Total,_Z,Not applicable,_Z,Not applicable,V,Current prices,2022,,471.679,,,,,,,,,,,,0,Units,1,One
DATAFLOW,OECD.ELS.HD:DSD_SHA@DF_SHA(1.1),Health expenditure and financing,I,NZL,New Zealand,A,Annual,EXP_HEALTH,Expenditure,USD_PPP_PS,"US dollars per person, PPP converted",HF12HF13,Compulsory contributory health insurance schemes,_Z,Not application,_T,Total,_T,Total,_T,Total,_Z,Not applicable,_Z,Not applicable,V,Current prices,2022,,487.29,,,,,,,,,,,,0,Units,1,One
DATAFLOW,OECD.ELS.HD:DSD_SHA@DF_SHA(1.1),Health expenditure and financing,I,NZL,New Zealand,A,Annual,EXP_HEALTH,Expenditure,USD_PPP_PS,"US dollars per person, PPP converted",_T,Total,_Z,Not application,_T,Total,_T,Total,_T,Total,_Z,Not applicable,_Z,Not applicable,V,Current prices,2022,,6158.614,,,,,,,,,,,,0,Units,1,One
DATAFLOW,OECD.ELS.HD:DSD_SHA@DF_SHA(1.1),Health expenditure and financing,I,NZL,New Zealand,A,Annual,EXP_HEALTH,Expenditure,USD_PPP_PS,"US dollars per person, PPP converted",HF2,Voluntary healthcare payment schemes,_Z,Not application,_T,Total,_T,Total,_T,Total,_Z,Not applicable,_Z,Not applicable,V,Current prices,2022,,379.466,,,,,,,,,,,,0,Units,1,One
DATAFLOW,OECD.ELS.HD:DSD_SHA@DF_SHA(1.1),Health expenditure and financing,I,NZL,New Zealand,A,Annual,EXP_HEALTH,Expenditure,USD_PPP_PS,"US dollars per person, PPP converted",HF11,Government schemes,_Z,Not application,_T,Total,_T,Total,_T,Total,_Z,Not applicable,_Z,Not applicable,V,Current prices,2022,,4557.365,,,,,,,,,,,,0,Units,1,One
DATAFLOW,OECD.ELS.HD:DSD_SHA@DF_SHA(1.1),Health expenditure and financing,I,NZL,New Zealand,A,Annual,EXP_HEALTH,Expenditure,USD_PPP_PS,"US dollars per person, PPP converted",HF3,Household out-of-pocket payments,_Z,Not application,_T,Total,_T,Total,_T,Total,_Z,Not applicable,_Z,Not applicable,V,Current prices,2022,,734.492,,,,,,,,,,,,0,Units,1,One
DATAFLOW,OECD.ELS.HD:DSD_SHA@DF_SHA(1.1),Health expenditure and financing,I,NZL,New Zealand,A,Annual,EXP_HEALTH,Expenditure,USD_PPP_PS,"US dollars per person, PPP converted",HF3,Household out-of-pocket payments,_Z,Not application,_T,Total,_T,Total,_T,Total,_Z,Not applicable,_Z,Not applicable,V,Current prices,2023,,763.161,,,,,,,,,,,,0,Units,1,One
DATAFLOW,OECD.ELS.HD:DSD_SHA@DF_SHA(1.1),Health expenditure and financing,I,NZL,New Zealand,A,Annual,EXP_HEALTH,Expenditure,USD_PPP_PS,"US dollars per person, PPP converted",HF11,Government schemes,_Z,Not application,_T,Total,_T,Total,_T,Total,_Z,Not applicable,_Z,Not applicable,V,Current prices,2023,,4376.837,,,,,,,,,,,,0,Units,1,One
DATAFLOW,OECD.ELS.HD:DSD_SHA@DF_SHA(1.1),Health expenditure and financing,I,NZL,New Zealand,A,Annual,EXP_HEALTH,Expenditure,USD_PPP_PS,"US dollars per person, PPP converted",HF2,Voluntary healthcare payment schemes,_Z,Not application,_T,Total,_T,Total,_T,Total,_Z,Not applicable,_Z,Not applicable,V,Current prices,2023,,415.121,,,,,,,,,,,,0,Units,1,One
DATAFLOW,OECD.ELS.HD:DSD_SHA@DF_SHA(1.1),Health expenditure and financing,I,NZL,New Zealand,A,Annual,EXP_HEALTH,Expenditure,USD_PPP_PS,"US dollars per person, PPP converted",_T,Total,_Z,Not application,_T,Total,_T,Total,_T,Total,_Z,Not applicable,_Z,Not applicable,V,Current prices,2023,,6059.011,,,,,,,,,,,,0,Units,1,One
DATAFLOW,OECD.ELS.HD:DSD_SHA@DF_SHA(1.1),Health expenditure and financing,I,NZL,New Zealand,A,Annual,EXP_HEALTH,Expenditure,USD_PPP_PS,"US dollars per person, PPP converted",HF12HF13,Compulsory contributory health insurance schemes,_Z,Not application,_T,Total,_T,Total,_T,Total,_Z,Not applicable,_Z,Not applicable,V,Current prices,2023,,503.892,,,,,,,,,,,,0,Units,1,One
DATAFLOW,OECD.ELS.HD:DSD_SHA@DF_SHA(1.1),Health expenditure and financing,I,NZL,New Zealand,A,Annual,EXP_HEALTH,Expenditure,USD_PPP_PS,"US dollars per person, PPP converted",HF31,Out-of-pocket excluding cost-sharing,_Z,Not application,_T,Total,_T,Total,_T,Total,_Z,Not applicable,_Z,Not applicable,V,Current prices,2023,,487.798,,,,,,,,,,,,0,Units,1,One
DATAFLOW,OECD.ELS.HD:DSD_SHA@DF_SHA(1.1),Health expenditure and financing,I,NZL,New Zealand,A,Annual,EXP_HEALTH,Expenditure,USD_PPP_PS,"US dollars per person, PPP converted",HF1,Government/compulsory schemes,_Z,Not application,_T,Total,_T,Total,_T,Total,_Z,Not applicable,_Z,Not applicable,V,Current prices,2023,,4880.729,,,,,,,,,,,,0,Units,1,One
DATAFLOW,OECD.ELS.HD:DSD_SHA@DF_SHA(1.1),Health expenditure and financing,I,NZL,New Zealand,A,Annual,EXP_HEALTH,Expenditure,USD_PPP_PS,"US dollars per person, PPP converted",HF22,NPISH financing schemes,_Z,Not application,_T,Total,_T,Total,_T,Total,_Z,Not applicable,_Z,Not applicable,V,Current prices,2023,,117.424,,,,,,,,,,,,0,Units,1,One
DATAFLOW,OECD.ELS.HD:DSD_SHA@DF_SHA(1.1),Health expenditure and financing,I,NZL,New Zealand,A,Annual,EXP_HEALTH,Expenditure,USD_PPP_PS,"US dollars per person, PPP converted",HF21,Voluntary health insurance schemes,_Z,Not application,_T,Total,_T,Total,_T,Total,_Z,Not applicable,_Z,Not applicable,V,Current prices,2023,,297.697,,,,,,,,,,,,0,Units,1,One
DATAFLOW,OECD.ELS.HD:DSD_SHA@DF_SHA(1.1),Health expenditure and financing,I,NZL,New Zealand,A,Annual,EXP_HEALTH,Expenditure,USD_PPP_PS,"US dollars per person, PPP converted",HF32,Cost-sharing with third-party payers,_Z,Not application,_T,Total,_T,Total,_T,Total,_Z,Not applicable,_Z,Not applicable,V,Current prices,2023,,275.364,,,,,,,,,,,,0,Units,1,One
DATAFLOW,OECD.ELS.HD:DSD_SHA@DF_SHA(1.1),Health expenditure and financing,I,NZL,New Zealand,A,Annual,EXP_HEALTH,Expenditure,USD_PPP_PS,"US dollars per person, PPP converted",HF2HF3,Voluntary schemes/household out-of-pocket payments,_Z,Not application,_T,Total,_T,Total,_T,Total,_Z,Not applicable,_Z,Not applicable,V,Current prices,2023,,1178.282,,,,,,,,,,,,0,Units,1,One
DATAFLOW,OECD.ELS.HD:DSD_SHA@DF_SHA(1.1),Health expenditure and financing,I,NZL,New Zealand,A,Annual,EXP_HEALTH,Expenditure,USD_PPP_PS,"US dollars per person, PPP converted",HF121,Social health insurance schemes,_Z,Not application,_T,Total,_T,Total,_T,Total,_Z,Not applicable,_Z,Not applicable,V,Current prices,2023,,503.892,,,,,,,,,,,,0,Units,1,One
DATAFLOW,OECD.ELS.HD:DSD_SHA@DF_SHA(1.1),Health expenditure and financing,I,CAN,Canada,A,Annual,EXP_HEALTH,Expenditure,USD_PPP_PS,"US dollars per person, PPP converted",HF1,Government/compulsory schemes,_Z,Not application,_T,Total,_T,Total,_T,Total,_Z,Not applicable,_Z,Not applicable,V,Current prices,2015,,3283.888,,,,,,,,,,,,0,Units,1,One
DATAFLOW,OECD.ELS.HD:DSD_SHA@DF_SHA(1.1),Health expenditure and financing,I,CAN,Canada,A,Annual,EXP_HEALTH,Expenditure,USD_PPP_PS,"US dollars per person, PPP converted",HF11,Government schemes,_Z,Not application,_T,Total,_T,Total,_T,Total,_Z,Not applicable,_Z,Not applicable,V,Current prices,2015,,3216.887,,,,,,,,,,,,0,Units,1,One
DATAFLOW,OECD.ELS.HD:DSD_SHA@DF_SHA(1.1),Health expenditure and financing,I,CAN,Canada,A,Annual,EXP_HEALTH,Expenditure,USD_PPP_PS,"US dollars per person, PPP converted",HF121,Social health insurance schemes,_Z,Not application,_T,Total,_T,Total,_T,Total,_Z,Not applicable,_Z,Not applicable,V,Current prices,2015,,67,,,,,,,,,,,,0,Units,1,One
DATAFLOW,OECD.ELS.HD:DSD_SHA@DF_SHA(1.1),Health expenditure and financing,I,CAN,Canada,A,Annual,EXP_HEALTH,Expenditure,USD_PPP_PS,"US dollars per person, PPP converted",_T,Total,_Z,Not application,_T,Total,_T,Total,_T,Total,_Z,Not applicable,_Z,Not applicable,V,Current prices,2015,,4640.668,,,,,,,,,,,,0,Units,1,One
DATAFLOW,OECD.ELS.HD:DSD_SHA@DF_SHA(1.1),Health expenditure and financing,I,CAN,Canada,A,Annual,EXP_HEALTH,Expenditure,USD_PPP_PS,"US dollars per person, PPP converted",HF22,NPISH financing schemes,_Z,Not application,_T,Total,_T,Total,_T,Total,_Z,Not applicable,_Z,Not applicable,V,Current prices,2015,,61.917,,,,,,,,,,,,0,Units,1,One
DATAFLOW,OECD.ELS.HD:DSD_SHA@DF_SHA(1.1),Health expenditure and financing,I,CAN,Canada,A,Annual,EXP_HEALTH,Expenditure,USD_PPP_PS,"US dollars per person, PPP converted",HF23,Enterprise financing schemes,_Z,Not application,_T,Total,_T,Total,_T,Total,_Z,Not applicable,_Z,Not applicable,V,Current prices,2015,,31.815,,,,,,,,,,,,0,Units,1,One
DATAFLOW,OECD.ELS.HD:DSD_SHA@DF_SHA(1.1),Health expenditure and financing,I,CAN,Canada,A,Annual,EXP_HEALTH,Expenditure,USD_PPP_PS,"US dollars per person, PPP converted",HF12HF13,Compulsory contributory health insurance schemes,_Z,Not application,_T,Total,_T,Total,_T,Total,_Z,Not applicable,_Z,Not applicable,V,Current prices,2015,,67,,,,,,,,,,,,0,Units,1,One
DATAFLOW,OECD.ELS.HD:DSD_SHA@DF_SHA(1.1),Health expenditure and financing,I,CAN,Canada,A,Annual,EXP_HEALTH,Expenditure,USD_PPP_PS,"US dollars per person, PPP converted",HF3,Household out-of-pocket payments,_Z,Not application,_T,Total,_T,Total,_T,Total,_Z,Not applicable,_Z,Not applicable,V,Current prices,2015,,676.556,,,,,,,,,,,,0,Units,1,One
DATAFLOW,OECD.ELS.HD:DSD_SHA@DF_SHA(1.1),Health expenditure and financing,I,CAN,Canada,A,Annual,EXP_HEALTH,Expenditure,USD_PPP_PS,"US dollars per person, PPP converted",HF2,Voluntary healthcare payment schemes,_Z,Not application,_T,Total,_T,Total,_T,Total,_Z,Not applicable,_Z,Not applicable,V,Current prices,2015,,680.224,,,,,,,,,,,,0,Units,1,One
DATAFLOW,OECD.ELS.HD:DSD_SHA@DF_SHA(1.1),Health expenditure and financing,I,CAN,Canada,A,Annual,EXP_HEALTH,Expenditure,USD_PPP_PS,"US dollars per person, PPP converted",HF21,Voluntary health insurance schemes,_Z,Not application,_T,Total,_T,Total,_T,Total,_Z,Not applicable,_Z,Not applicable,V,Current prices,2015,,586.492,,,,,,,,,,,,0,Units,1,One
DATAFLOW,OECD.ELS.HD:DSD_SHA@DF_SHA(1.1),Health expenditure and financing,I,CAN,Canada,A,Annual,EXP_HEALTH,Expenditure,USD_PPP_PS,"US dollars per person, PPP converted",HF2HF3,Voluntary schemes/household out-of-pocket payments,_Z,Not application,_T,Total,_T,Total,_T,Total,_Z,Not applicable,_Z,Not applicable,V,Current prices,2015,,1356.78,,,,,,,,,,,,0,Units,1,One
DATAFLOW,OECD.ELS.HD:DSD_SHA@DF_SHA(1.1),Health expenditure and financing,I,CAN,Canada,A,Annual,EXP_HEALTH,Expenditure,USD_PPP_PS,"US dollars per person, PPP converted",HF2HF3,Voluntary schemes/household out-of-pocket payments,_Z,Not application,_T,Total,_T,Total,_T,Total,_Z,Not applicable,_Z,Not applicable,V,Current prices,2016,,1526.083,,,,,,,,,,,,0,Units,1,One
DATAFLOW,OECD.ELS.HD:DSD_SHA@DF_SHA(1.1),Health expenditure and financing,I,CAN,Canada,A,Annual,EXP_HEALTH,Expenditure,USD_PPP_PS,"US dollars per person, PPP converted",HF21,Voluntary health insurance schemes,_Z,Not application,_T,Total,_T,Total,_T,Total,_Z,Not applicable,_Z,Not applicable,V,Current prices,2016,,643.882,,,,,,,,,,,,0,Units,1,One
DATAFLOW,OECD.ELS.HD:DSD_SHA@DF_SHA(1.1),Health expenditure and financing,I,CAN,Canada,A,Annual,EXP_HEALTH,Expenditure,USD_PPP_PS,"US dollars per person, PPP converted",HF2,Voluntary healthcare payment schemes,_Z,Not application,_T,Total,_T,Total,_T,Total,_Z,Not applicable,_Z,Not applicable,V,Current prices,2016,,746.472,,,,,,,,,,,,0,Units,1,One
DATAFLOW,OECD.ELS.HD:DSD_SHA@DF_SHA(1.1),Health expenditure and financing,I,CAN,Canada,A,Annual,EXP_HEALTH,Expenditure,USD_PPP_PS,"US dollars per person, PPP converted",HF3,Household out-of-pocket payments,_Z,Not application,_T,Total,_T,Total,_T,Total,_Z,Not applicable,_Z,Not applicable,V,Current prices,2016,,779.611,,,,,,,,,,,,0,Units,1,One
DATAFLOW,OECD.ELS.HD:DSD_SHA@DF_SHA(1.1),Health expenditure and financing,I,CAN,Canada,A,Annual,EXP_HEALTH,Expenditure,USD_PPP_PS,"US dollars per person, PPP converted",HF12HF13,Compulsory contributory health insurance schemes,_Z,Not application,_T,Total,_T,Total,_T,Total,_Z,Not applicable,_Z,Not applicable,V,Current prices,2016,,71.937,,,,,,,,,,,,0,Units,1,One
DATAFLOW,OECD.ELS.HD:DSD_SHA@DF_SHA(1.1),Health expenditure and financing,I,CAN,Canada,A,Annual,EXP_HEALTH,Expenditure,USD_PPP_PS,"US dollars per person, PPP converted",HF23,Enterprise financing schemes,_Z,Not application,_T,Total,_T,Total,_T,Total,_Z,Not applicable,_Z,Not applicable,V,Current prices,2016,,45.041,,,,,,,,,,,,0,Units,1,One
DATAFLOW,OECD.ELS.HD:DSD_SHA@DF_SHA(1.1),Health expenditure and financing,I,CAN,Canada,A,Annual,EXP_HEALTH,Expenditure,USD_PPP_PS,"US dollars per person, PPP converted",HF22,NPISH financing schemes,_Z,Not application,_T,Total,_T,Total,_T,Total,_Z,Not applicable,_Z,Not applicable,V,Current prices,2016,,57.549,,,,,,,,,,,,0,Units,1,One
DATAFLOW,OECD.ELS.HD:DSD_SHA@DF_SHA(1.1),Health expenditure and financing,I,CAN,Canada,A,Annual,EXP_HEALTH,Expenditure,USD_PPP_PS,"US dollars per person, PPP converted",_T,Total,_Z,Not application,_T,Total,_T,Total,_T,Total,_Z,Not applicable,_Z,Not applicable,V,Current prices,2016,,5049.311,,,,,,,,,,,,0,Units,1,One
DATAFLOW,OECD.ELS.HD:DSD_SHA@DF_SHA(1.1),Health expenditure and financing,I,FRA,France,A,Annual,EXP_HEALTH,Expenditure,USD_PPP_PS,"US dollars per person, PPP converted",HF11,Government schemes,_Z,Not application,_T,Total,_T,Total,_T,Total,_Z,Not applicable,_Z,Not applicable,Q,Constant prices,2018,,228.076,,2020,,,,,,,,,,0,Units,1,One
DATAFLOW,OECD.ELS.HD:DSD_SHA@DF_SHA(1.1),Health expenditure and financing,I,FRA,France,A,Annual,EXP_HEALTH,Expenditure,USD_PPP_PS,"US dollars per person, PPP converted",HF32,Cost-sharing with third-party payers,_Z,Not application,_T,Total,_T,Total,_T,Total,_Z,Not applicable,_Z,Not applicable,Q,Constant prices,2018,,505.605,,2020,,,,,,,,,,0,Units,1,One
DATAFLOW,OECD.ELS.HD:DSD_SHA@DF_SHA(1.1),Health expenditure and financing,I,FRA,France,A,Annual,EXP_HEALTH,Expenditure,USD_PPP_PS,"US dollars per person, PPP converted",HF23,Enterprise financing schemes,_Z,Not application,_T,Total,_T,Total,_T,Total,_Z,Not applicable,_Z,Not applicable,Q,Constant prices,2018,,43.294,,2020,,,,,,,,,,0,Units,1,One
DATAFLOW,OECD.ELS.HD:DSD_SHA@DF_SHA(1.1),Health expenditure and financing,I,FRA,France,A,Annual,EXP_HEALTH,Expenditure,USD_PPP_PS,"US dollars per person, PPP converted",HF121,Social health insurance schemes,_Z,Not application,_T,Total,_T,Total,_T,Total,_Z,Not applicable,_Z,Not applicable,Q,Constant prices,2018,,4039.334,,2020,,,,,,,,,,0,Units,1,One
DATAFLOW,OECD.ELS.HD:DSD_SHA@DF_SHA(1.1),Health expenditure and financing,I,FRA,France,A,Annual,EXP_HEALTH,Expenditure,USD_PPP_PS,"US dollars per person, PPP converted",HF1,Government/compulsory schemes,_Z,Not application,_T,Total,_T,Total,_T,Total,_Z,Not applicable,_Z,Not applicable,Q,Constant prices,2018,,4638.547,,2020,,,,,,,,,,0,Units,1,One
DATAFLOW,OECD.ELS.HD:DSD_SHA@DF_SHA(1.1),Health expenditure and financing,I,FRA,France,A,Annual,EXP_HEALTH,Expenditure,USD_PPP_PS,"US dollars per person, PPP converted",HF12HF13,Compulsory contributory health insurance schemes,_Z,Not application,_T,Total,_T,Total,_T,Total,_Z,Not applicable,_Z,Not applicable,Q,Constant prices,2018,,4410.471,,2020,,,,,,,,,,0,Units,1,One
DATAFLOW,OECD.ELS.HD:DSD_SHA@DF_SHA(1.1),Health expenditure and financing,I,FRA,France,A,Annual,EXP_HEALTH,Expenditure,USD_PPP_PS,"US dollars per person, PPP converted",_T,Total,_Z,Not application,_T,Total,_T,Total,_T,Total,_Z,Not applicable,_Z,Not applicable,Q,Constant prices,2018,,5703.986,,2020,,,,,,,,,,0,Units,1,One
DATAFLOW,OECD.ELS.HD:DSD_SHA@DF_SHA(1.1),Health expenditure and financing,I,FRA,France,A,Annual,EXP_HEALTH,Expenditure,USD_PPP_PS,"US dollars per person, PPP converted",HF3,Household out-of-pocket payments,_Z,Not application,_T,Total,_T,Total,_T,Total,_Z,Not applicable,_Z,Not applicable,Q,Constant prices,2018,,655.506,,2020,,,,,,,,,,0,Units,1,One
DATAFLOW,OECD.ELS.HD:DSD_SHA@DF_SHA(1.1),Health expenditure and financing,I,FRA,France,A,Annual,EXP_HEALTH,Expenditure,USD_PPP_PS,"US dollars per person, PPP converted",HF122,Compulsory private insurance schemes,_Z,Not application,_T,Total,_T,Total,_T,Total,_Z,Not applicable,_Z,Not applicable,Q,Constant prices,2018,,371.138,,2020,,,,,,,,,,0,Units,1,One
DATAFLOW,OECD.ELS.HD:DSD_SHA@DF_SHA(1.1),Health expenditure and financing,I,FRA,France,A,Annual,EXP_HEALTH,Expenditure,USD_PPP_PS,"US dollars per person, PPP converted",HF31,Out-of-pocket excluding cost-sharing,_Z,Not application,_T,Total,_T,Total,_T,Total,_Z,Not applicable,_Z,Not applicable,Q,Constant prices,2018,,149.9,,2020,,,,,,,,,,0,Units,1,One
DATAFLOW,OECD.ELS.HD:DSD_SHA@DF_SHA(1.1),Health expenditure and financing,I,FRA,France,A,Annual,EXP_HEALTH,Expenditure,USD_PPP_PS,"US dollars per person, PPP converted",HF2HF3,Voluntary schemes/household out-of-pocket payments,_Z,Not application,_T,Total,_T,Total,_T,Total,_Z,Not applicable,_Z,Not applicable,Q,Constant prices,2018,,1065.438,,2020,,,,,,,,,,0,Units,1,One
DATAFLOW,OECD.ELS.HD:DSD_SHA@DF_SHA(1.1),Health expenditure and financing,I,FRA,France,A,Annual,EXP_HEALTH,Expenditure,USD_PPP_PS,"US dollars per person, PPP converted",HF21,Voluntary health insurance schemes,_Z,Not application,_T,Total,_T,Total,_T,Total,_Z,Not applicable,_Z,Not applicable,Q,Constant prices,2018,,366.638,,2020,,,,,,,,,,0,Units,1,One
DATAFLOW,OECD.ELS.HD:DSD_SHA@DF_SHA(1.1),Health expenditure and financing,I,FRA,France,A,Annual,EXP_HEALTH,Expenditure,USD_PPP_PS,"US dollars per person, PPP converted",HF2,Voluntary healthcare payment schemes,_Z,Not application,_T,Total,_T,Total,_T,Total,_Z,Not applicable,_Z,Not applicable,Q,Constant prices,2018,,409.933,,2020,,,,,,,,,,0,Units,1,One
DATAFLOW,OECD.ELS.HD:DSD_SHA@DF_SHA(1.1),Health expenditure and financing,I,FRA,France,A,Annual,EXP_HEALTH,Expenditure,USD_PPP_PS,"US dollars per person, PPP converted",HF2,Voluntary healthcare payment schemes,_Z,Not application,_T,Total,_T,Total,_T,Total,_Z,Not applicable,_Z,Not applicable,Q,Constant prices,2019,,403.486,,2020,,,,,,,,,,0,Units,1,One
DATAFLOW,OECD.ELS.HD:DSD_SHA@DF_SHA(1.1),Health expenditure and financing,I,FRA,France,A,Annual,EXP_HEALTH,Expenditure,USD_PPP_PS,"US dollars per person, PPP converted",HF21,Voluntary health insurance schemes,_Z,Not application,_T,Total,_T,Total,_T,Total,_Z,Not applicable,_Z,Not applicable,Q,Constant prices,2019,,359.246,,2020,,,,,,,,,,0,Units,1,One
DATAFLOW,OECD.ELS.HD:DSD_SHA@DF_SHA(1.1),Health expenditure and financing,I,FRA,France,A,Annual,EXP_HEALTH,Expenditure,USD_PPP_PS,"US dollars per person, PPP converted",HF2HF3,Voluntary schemes/household out-of-pocket payments,_Z,Not application,_T,Total,_T,Total,_T,Total,_Z,Not applicable,_Z,Not applicable,Q,Constant prices,2019,,1068.006,,2020,,,,,,,,,,0,Units,1,One
DATAFLOW,OECD.ELS.HD:DSD_SHA@DF_SHA(1.1),Health expenditure and financing,I,FRA,France,A,Annual,EXP_HEALTH,Expenditure,USD_PPP_PS,"US dollars per person, PPP converted",HF31,Out-of-pocket excluding cost-sharing,_Z,Not application,_T,Total,_T,Total,_T,Total,_Z,Not applicable,_Z,Not applicable,Q,Constant prices,2019,,147.861,,2020,,,,,,,,,,0,Units,1,One
DATAFLOW,OECD.ELS.HD:DSD_SHA@DF_SHA(1.1),Health expenditure and financing,I,FRA,France,A,Annual,EXP_HEALTH,Expenditure,USD_PPP_PS,"US dollars per person, PPP converted",HF122,Compulsory private insurance schemes,_Z,Not application,_T,Total,_T,Total,_T,Total,_Z,Not applicable,_Z,Not applicable,Q,Constant prices,2019,,381.418,,2020,,,,,,,,,,0,Units,1,One
DATAFLOW,OECD.ELS.HD:DSD_SHA@DF_SHA(1.1),Health expenditure and financing,I,FRA,France,A,Annual,EXP_HEALTH,Expenditure,USD_PPP_PS,"US dollars per person, PPP converted",HF3,Household out-of-pocket payments,_Z,Not application,_T,Total,_T,Total,_T,Total,_Z,Not applicable,_Z,Not applicable,Q,Constant prices,2019,,664.519,,2020,,,,,,,,,,0,Units,1,One
DATAFLOW,OECD.ELS.HD:DSD_SHA@DF_SHA(1.1),Health expenditure and financing,I,FRA,France,A,Annual,EXP_HEALTH,Expenditure,USD_PPP_PS,"US dollars per person, PPP converted",_T,Total,_Z,Not application,_T,Total,_T,Total,_T,Total,_Z,Not applicable,_Z,Not applicable,Q,Constant prices,2019,,5755.07,,2020,,,,,,,,,,0,Units,1,One
DATAFLOW,OECD.ELS.HD:DSD_SHA@DF_SHA(1.1),Health expenditure and financing,I,FRA,France,A,Annual,EXP_HEALTH,Expenditure,USD_PPP_PS,"US dollars per person, PPP converted",HF12HF13,Compulsory contributory health insurance schemes,_Z,Not application,_T,Total,_T,Total,_T,Total,_Z,Not applicable,_Z,Not applicable,Q,Constant prices,2019,,4458.7,,2020,,,,,,,,,,0,Units,1,One
DATAFLOW,OECD.ELS.HD:DSD_SHA@DF_SHA(1.1),Health expenditure and financing,I,FRA,France,A,Annual,EXP_HEALTH,Expenditure,USD_PPP_PS,"US dollars per person, PPP converted",HF1,Government/compulsory schemes,_Z,Not application,_T,Total,_T,Total,_T,Total,_Z,Not applicable,_Z,Not applicable,Q,Constant prices,2019,,4687.065,,2020,,,,,,,,,,0,Units,1,One
DATAFLOW,OECD.ELS.HD:DSD_SHA@DF_SHA(1.1),Health expenditure and financing,I,FRA,France,A,Annual,EXP_HEALTH,Expenditure,USD_PPP_PS,"US dollars per person, PPP converted",HF121,Social health insurance schemes,_Z,Not application,_T,Total,_T,Total,_T,Total,_Z,Not applicable,_Z,Not applicable,Q,Constant prices,2019,,4077.282,,2020,,,,,,,,,,0,Units,1,One
DATAFLOW,OECD.ELS.HD:DSD_SHA@DF_SHA(1.1),Health expenditure and financing,I,FRA,France,A,Annual,EXP_HEALTH,Expenditure,USD_PPP_PS,"US dollars per person, PPP converted",HF23,Enterprise financing schemes,_Z,Not application,_T,Total,_T,Total,_T,Total,_Z,Not applicable,_Z,Not applicable,Q,Constant prices,2019,,44.241,,2020,,,,,,,,,,0,Units,1,One
DATAFLOW,OECD.ELS.HD:DSD_SHA@DF_SHA(1.1),Health expenditure and financing,I,FRA,France,A,Annual,EXP_HEALTH,Expenditure,USD_PPP_PS,"US dollars per person, PPP converted",HF32,Cost-sharing with third-party payers,_Z,Not application,_T,Total,_T,Total,_T,Total,_Z,Not applicable,_Z,Not applicable,Q,Constant prices,2019,,516.659,,2020,,,,,,,,,,0,Units,1,One
DATAFLOW,OECD.ELS.HD:DSD_SHA@DF_SHA(1.1),Health expenditure and financing,I,FRA,France,A,Annual,EXP_HEALTH,Expenditure,USD_PPP_PS,"US dollars per person, PPP converted",HF11,Government schemes,_Z,Not application,_T,Total,_T,Total,_T,Total,_Z,Not applicable,_Z,Not applicable,Q,Constant prices,2019,,228.364,,2020,,,,,,,,,,0,Units,1,One
DATAFLOW,OECD.ELS.HD:DSD_SHA@DF_SHA(1.1),Health expenditure and financing,I,FRA,France,A,Annual,EXP_HEALTH,Expenditure,USD_PPP_PS,"US dollars per person, PPP converted",HF11,Government schemes,_Z,Not application,_T,Total,_T,Total,_T,Total,_Z,Not applicable,_Z,Not applicable,Q,Constant prices,2020,,274.488,,2020,,,,,,,,,,0,Units,1,One
DATAFLOW,OECD.ELS.HD:DSD_SHA@DF_SHA(1.1),Health expenditure and financing,I,FRA,France,A,Annual,EXP_HEALTH,Expenditure,USD_PPP_PS,"US dollars per person, PPP converted",HF32,Cost-sharing with third-party payers,_Z,Not application,_T,Total,_T,Total,_T,Total,_Z,Not applicable,_Z,Not applicable,Q,Constant prices,2020,,469.986,,2020,,,,,,,,,,0,Units,1,One
DATAFLOW,OECD.ELS.HD:DSD_SHA@DF_SHA(1.1),Health expenditure and financing,I,FRA,France,A,Annual,EXP_HEALTH,Expenditure,USD_PPP_PS,"US dollars per person, PPP converted",HF23,Enterprise financing schemes,_Z,Not application,_T,Total,_T,Total,_T,Total,_Z,Not applicable,_Z,Not applicable,Q,Constant prices,2020,,43.133,,2020,,,,,,,,,,0,Units,1,One
DATAFLOW,OECD.ELS.HD:DSD_SHA@DF_SHA(1.1),Health expenditure and financing,I,FRA,France,A,Annual,EXP_HEALTH,Expenditure,USD_PPP_PS,"US dollars per person, PPP converted",HF121,Social health insurance schemes,_Z,Not application,_T,Total,_T,Total,_T,Total,_Z,Not applicable,_Z,Not applicable,Q,Constant prices,2020,,4161.976,,2020,,,,,,,,,,0,Units,1,One
DATAFLOW,OECD.ELS.HD:DSD_SHA@DF_SHA(1.1),Health expenditure and financing,I,FRA,France,A,Annual,EXP_HEALTH,Expenditure,USD_PPP_PS,"US dollars per person, PPP converted",HF1,Government/compulsory schemes,_Z,Not application,_T,Total,_T,Total,_T,Total,_Z,Not applicable,_Z,Not applicable,Q,Constant prices,2020,,4784.047,,2020,,,,,,,,,,0,Units,1,One
DATAFLOW,OECD.ELS.HD:DSD_SHA@DF_SHA(1.1),Health expenditure and financing,I,FRA,France,A,Annual,EXP_HEALTH,Expenditure,USD_PPP_PS,"US dollars per person, PPP converted",HF12HF13,Compulsory contributory health insurance schemes,_Z,Not application,_T,Total,_T,Total,_T,Total,_Z,Not applicable,_Z,Not applicable,Q,Constant prices,2020,,4509.559,,2020,,,,,,,,,,0,Units,1,One
DATAFLOW,OECD.ELS.HD:DSD_SHA@DF_SHA(1.1),Health expenditure and financing,I,FRA,France,A,Annual,EXP_HEALTH,Expenditure,USD_PPP_PS,"US dollars per person, PPP converted",_T,Total,_Z,Not application,_T,Total,_T,Total,_T,Total,_Z,Not applicable,_Z,Not applicable,Q,Constant prices,2020,,5770.47,,2020,,,,,,,,,,0,Units,1,One
DATAFLOW,OECD.ELS.HD:DSD_SHA@DF_SHA(1.1),Health expenditure and financing,I,FRA,France,A,Annual,EXP_HEALTH,Expenditure,USD_PPP_PS,"US dollars per person, PPP converted",HF3,Household out-of-pocket payments,_Z,Not application,_T,Total,_T,Total,_T,Total,_Z,Not applicable,_Z,Not applicable,Q,Constant prices,2020,,616.087,,2020,,,,,,,,,,0,Units,1,One
DATAFLOW,OECD.ELS.HD:DSD_SHA@DF_SHA(1.1),Health expenditure and financing,I,FRA,France,A,Annual,EXP_HEALTH,Expenditure,USD_PPP_PS,"US dollars per person, PPP converted",HF122,Compulsory private insurance schemes,_Z,Not application,_T,Total,_T,Total,_T,Total,_Z,Not applicable,_Z,Not applicable,Q,Constant prices,2020,,347.583,,2020,,,,,,,,,,0,Units,1,One
DATAFLOW,OECD.ELS.HD:DSD_SHA@DF_SHA(1.1),Health expenditure and financing,I,FRA,France,A,Annual,EXP_HEALTH,Expenditure,USD_PPP_PS,"US dollars per person, PPP converted",HF31,Out-of-pocket excluding cost-sharing,_Z,Not application,_T,Total,_T,Total,_T,Total,_Z,Not applicable,_Z,Not applicable,Q,Constant prices,2020,,146.101,,2020,,,,,,,,,,0,Units,1,One
DATAFLOW,OECD.ELS.HD:DSD_SHA@DF_SHA(1.1),Health expenditure and financing,I,FRA,France,A,Annual,EXP_HEALTH,Expenditure,USD_PPP_PS,"US dollars per person, PPP converted",HF2HF3,Voluntary schemes/household out-of-pocket payments,_Z,Not application,_T,Total,_T,Total,_T,Total,_Z,Not applicable,_Z,Not applicable,Q,Constant prices,2020,,986.423,,2020,,,,,,,,,,0,Units,1,One
DATAFLOW,OECD.ELS.HD:DSD_SHA@DF_SHA(1.1),Health expenditure and financing,I,FRA,France,A,Annual,EXP_HEALTH,Expenditure,USD_PPP_PS,"US dollars per person, PPP converted",HF21,Voluntary health insurance schemes,_Z,Not application,_T,Total,_T,Total,_T,Total,_Z,Not applicable,_Z,Not applicable,Q,Constant prices,2020,,327.203,,2020,,,,,,,,,,0,Units,1,One
DATAFLOW,OECD.ELS.HD:DSD_SHA@DF_SHA(1.1),Health expenditure and financing,I,FRA,France,A,Annual,EXP_HEALTH,Expenditure,USD_PPP_PS,"US dollars per person, PPP converted",HF2,Voluntary healthcare payment schemes,_Z,Not application,_T,Total,_T,Total,_T,Total,_Z,Not applicable,_Z,Not applicable,Q,Constant prices,2020,,370.336,,2020,,,,,,,,,,0,Units,1,One
DATAFLOW,OECD.ELS.HD:DSD_SHA@DF_SHA(1.1),Health expenditure and financing,I,FRA,France,A,Annual,EXP_HEALTH,Expenditure,USD_PPP_PS,"US dollars per person, PPP converted",HF2,Voluntary healthcare payment schemes,_Z,Not application,_T,Total,_T,Total,_T,Total,_Z,Not applicable,_Z,Not applicable,Q,Constant prices,2021,,406.453,,2020,,,,,,,,,,0,Units,1,One
DATAFLOW,OECD.ELS.HD:DSD_SHA@DF_SHA(1.1),Health expenditure and financing,I,FRA,France,A,Annual,EXP_HEALTH,Expenditure,USD_PPP_PS,"US dollars per person, PPP converted",HF21,Voluntary health insurance schemes,_Z,Not application,_T,Total,_T,Total,_T,Total,_Z,Not applicable,_Z,Not applicable,Q,Constant prices,2021,,361.609,,2020,,,,,,,,,,0,Units,1,One
DATAFLOW,OECD.ELS.HD:DSD_SHA@DF_SHA(1.1),Health expenditure and financing,I,FRA,France,A,Annual,EXP_HEALTH,Expenditure,USD_PPP_PS,"US dollars per person, PPP converted",HF2,Voluntary healthcare payment schemes,_Z,Not application,_T,Total,_T,Total,_T,Total,_Z,Not applicable,_Z,Not applicable,Q,Constant prices,2017,,411.149,,2020,,,,,,,,,,0,Units,1,One
DATAFLOW,OECD.ELS.HD:DSD_SHA@DF_SHA(1.1),Health expenditure and financing,I,FRA,France,A,Annual,EXP_HEALTH,Expenditure,USD_PPP_PS,"US dollars per person, PPP converted",HF21,Voluntary health insurance schemes,_Z,Not application,_T,Total,_T,Total,_T,Total,_Z,Not applicable,_Z,Not applicable,Q,Constant prices,2017,,368.193,,2020,,,,,,,,,,0,Units,1,One
DATAFLOW,OECD.ELS.HD:DSD_SHA@DF_SHA(1.1),Health expenditure and financing,I,FRA,France,A,Annual,EXP_HEALTH,Expenditure,USD_PPP_PS,"US dollars per person, PPP converted",HF2HF3,Voluntary schemes/household out-of-pocket payments,_Z,Not application,_T,Total,_T,Total,_T,Total,_Z,Not applicable,_Z,Not applicable,Q,Constant prices,2017,,1076.314,,2020,,,,,,,,,,0,Units,1,One
DATAFLOW,OECD.ELS.HD:DSD_SHA@DF_SHA(1.1),Health expenditure and financing,I,FRA,France,A,Annual,EXP_HEALTH,Expenditure,USD_PPP_PS,"US dollars per person, PPP converted",HF31,Out-of-pocket excluding cost-sharing,_Z,Not application,_T,Total,_T,Total,_T,Total,_Z,Not applicable,_Z,Not applicable,Q,Constant prices,2017,,151.83,,2020,,,,,,,,,,0,Units,1,One
DATAFLOW,OECD.ELS.HD:DSD_SHA@DF_SHA(1.1),Health expenditure and financing,I,FRA,France,A,Annual,EXP_HEALTH,Expenditure,USD_PPP_PS,"US dollars per person, PPP converted",HF122,Compulsory private insurance schemes,_Z,Not application,_T,Total,_T,Total,_T,Total,_Z,Not applicable,_Z,Not applicable,Q,Constant prices,2017,,352.877,,2020,,,,,,,,,,0,Units,1,One
DATAFLOW,OECD.ELS.HD:DSD_SHA@DF_SHA(1.1),Health expenditure and financing,I,FRA,France,A,Annual,EXP_HEALTH,Expenditure,USD_PPP_PS,"US dollars per person, PPP converted",HF3,Household out-of-pocket payments,_Z,Not application,_T,Total,_T,Total,_T,Total,_Z,Not applicable,_Z,Not applicable,Q,Constant prices,2017,,665.166,,2020,,,,,,,,,,0,Units,1,One
DATAFLOW,OECD.ELS.HD:DSD_SHA@DF_SHA(1.1),Health expenditure and financing,I,FRA,France,A,Annual,EXP_HEALTH,Expenditure,USD_PPP_PS,"US dollars per person, PPP converted",_T,Total,_Z,Not application,_T,Total,_T,Total,_T,Total,_Z,Not applicable,_Z,Not applicable,Q,Constant prices,2017,,5725.443,,2020,,,,,,,,,,0,Units,1,One
DATAFLOW,OECD.ELS.HD:DSD_SHA@DF_SHA(1.1),Health expenditure and financing,I,FRA,France,A,Annual,EXP_HEALTH,Expenditure,USD_PPP_PS,"US dollars per person, PPP converted",HF12HF13,Compulsory contributory health insurance schemes,_Z,Not application,_T,Total,_T,Total,_T,Total,_Z,Not applicable,_Z,Not applicable,Q,Constant prices,2017,,4422.326,,2020,,,,,,,,,,0,Units,1,One
DATAFLOW,OECD.ELS.HD:DSD_SHA@DF_SHA(1.1),Health expenditure and financing,I,FRA,France,A,Annual,EXP_HEALTH,Expenditure,USD_PPP_PS,"US dollars per person, PPP converted",HF1,Government/compulsory schemes,_Z,Not application,_T,Total,_T,Total,_T,Total,_Z,Not applicable,_Z,Not applicable,Q,Constant prices,2017,,4649.128,,2020,,,,,,,,,,0,Units,1,One
DATAFLOW,OECD.ELS.HD:DSD_SHA@DF_SHA(1.1),Health expenditure and financing,I,FRA,France,A,Annual,EXP_HEALTH,Expenditure,USD_PPP_PS,"US dollars per person, PPP converted",HF121,Social health insurance schemes,_Z,Not application,_T,Total,_T,Total,_T,Total,_Z,Not applicable,_Z,Not applicable,Q,Constant prices,2017,,4069.449,,2020,,,,,,,,,,0,Units,1,One
DATAFLOW,OECD.ELS.HD:DSD_SHA@DF_SHA(1.1),Health expenditure and financing,I,FRA,France,A,Annual,EXP_HEALTH,Expenditure,USD_PPP_PS,"US dollars per person, PPP converted",HF23,Enterprise financing schemes,_Z,Not application,_T,Total,_T,Total,_T,Total,_Z,Not applicable,_Z,Not applicable,Q,Constant prices,2017,,42.956,,2020,,,,,,,,,,0,Units,1,One
DATAFLOW,OECD.ELS.HD:DSD_SHA@DF_SHA(1.1),Health expenditure and financing,I,FRA,France,A,Annual,EXP_HEALTH,Expenditure,USD_PPP_PS,"US dollars per person, PPP converted",HF32,Cost-sharing with third-party payers,_Z,Not application,_T,Total,_T,Total,_T,Total,_Z,Not applicable,_Z,Not applicable,Q,Constant prices,2017,,513.335,,2020,,,,,,,,,,0,Units,1,One
DATAFLOW,OECD.ELS.HD:DSD_SHA@DF_SHA(1.1),Health expenditure and financing,I,FRA,France,A,Annual,EXP_HEALTH,Expenditure,USD_PPP_PS,"US dollars per person, PPP converted",HF11,Government schemes,_Z,Not application,_T,Total,_T,Total,_T,Total,_Z,Not applicable,_Z,Not applicable,Q,Constant prices,2017,,226.802,,2020,,,,,,,,,,0,Units,1,One
DATAFLOW,OECD.ELS.HD:DSD_SHA@DF_SHA(1.1),Health expenditure and financing,I,FRA,France,A,Annual,EXP_HEALTH,Expenditure,USD_PPP_PS,"US dollars per person, PPP converted",HF11,Government schemes,_Z,Not application,_T,Total,_T,Total,_T,Total,_Z,Not applicable,_Z,Not applicable,V,Current prices,2018,,201.352,,,,,,,,,,,,0,Units,1,One
DATAFLOW,OECD.ELS.HD:DSD_SHA@DF_SHA(1.1),Health expenditure and financing,I,FRA,France,A,Annual,EXP_HEALTH,Expenditure,USD_PPP_PS,"US dollars per person, PPP converted",HF32,Cost-sharing with third-party payers,_Z,Not application,_T,Total,_T,Total,_T,Total,_Z,Not applicable,_Z,Not applicable,V,Current prices,2018,,446.363,,,,,,,,,,,,0,Units,1,One
DATAFLOW,OECD.ELS.HD:DSD_SHA@DF_SHA(1.1),Health expenditure and financing,I,FRA,France,A,Annual,EXP_HEALTH,Expenditure,USD_PPP_PS,"US dollars per person, PPP converted",HF3,Household out-of-pocket payments,_Z,Not application,_T,Total,_T,Total,_T,Total,_Z,Not applicable,_Z,Not applicable,V,Current prices,2018,,578.7,,,,,,,,,,,,0,Units,1,One
DATAFLOW,OECD.ELS.HD:DSD_SHA@DF_SHA(1.1),Health expenditure and financing,I,FRA,France,A,Annual,EXP_HEALTH,Expenditure,USD_PPP_PS,"US dollars per person, PPP converted",HF2,Voluntary healthcare payment schemes,_Z,Not application,_T,Total,_T,Total,_T,Total,_Z,Not applicable,_Z,Not applicable,V,Current prices,2018,,361.901,,,,,,,,,,,,0,Units,1,One
DATAFLOW,OECD.ELS.HD:DSD_SHA@DF_SHA(1.1),Health expenditure and financing,I,FRA,France,A,Annual,EXP_HEALTH,Expenditure,USD_PPP_PS,"US dollars per person, PPP converted",HF21,Voluntary health insurance schemes,_Z,Not application,_T,Total,_T,Total,_T,Total,_Z,Not applicable,_Z,Not applicable,V,Current prices,2018,,323.679,,,,,,,,,,,,0,Units,1,One
DATAFLOW,OECD.ELS.HD:DSD_SHA@DF_SHA(1.1),Health expenditure and financing,I,FRA,France,A,Annual,EXP_HEALTH,Expenditure,USD_PPP_PS,"US dollars per person, PPP converted",HF122,Compulsory private insurance schemes,_Z,Not application,_T,Total,_T,Total,_T,Total,_Z,Not applicable,_Z,Not applicable,V,Current prices,2018,,327.651,,,,,,,,,,,,0,Units,1,One
DATAFLOW,OECD.ELS.HD:DSD_SHA@DF_SHA(1.1),Health expenditure and financing,I,FRA,France,A,Annual,EXP_HEALTH,Expenditure,USD_PPP_PS,"US dollars per person, PPP converted",HF2HF3,Voluntary schemes/household out-of-pocket payments,_Z,Not application,_T,Total,_T,Total,_T,Total,_Z,Not applicable,_Z,Not applicable,V,Current prices,2018,,940.601,,,,,,,,,,,,0,Units,1,One
DATAFLOW,OECD.ELS.HD:DSD_SHA@DF_SHA(1.1),Health expenditure and financing,I,FRA,France,A,Annual,EXP_HEALTH,Expenditure,USD_PPP_PS,"US dollars per person, PPP converted",HF1,Government/compulsory schemes,_Z,Not application,_T,Total,_T,Total,_T,Total,_Z,Not applicable,_Z,Not applicable,V,Current prices,2018,,4095.047,,,,,,,,,,,,0,Units,1,One
DATAFLOW,OECD.ELS.HD:DSD_SHA@DF_SHA(1.1),Health expenditure and financing,I,FRA,France,A,Annual,EXP_HEALTH,Expenditure,USD_PPP_PS,"US dollars per person, PPP converted",_T,Total,_Z,Not application,_T,Total,_T,Total,_T,Total,_Z,Not applicable,_Z,Not applicable,V,Current prices,2018,,5035.647,,,,,,,,,,,,0,Units,1,One
DATAFLOW,OECD.ELS.HD:DSD_SHA@DF_SHA(1.1),Health expenditure and financing,I,FRA,France,A,Annual,EXP_HEALTH,Expenditure,USD_PPP_PS,"US dollars per person, PPP converted",HF121,Social health insurance schemes,_Z,Not application,_T,Total,_T,Total,_T,Total,_Z,Not applicable,_Z,Not applicable,V,Current prices,2018,,3566.043,,,,,,,,,,,,0,Units,1,One
DATAFLOW,OECD.ELS.HD:DSD_SHA@DF_SHA(1.1),Health expenditure and financing,I,FRA,France,A,Annual,EXP_HEALTH,Expenditure,USD_PPP_PS,"US dollars per person, PPP converted",HF12HF13,Compulsory contributory health insurance schemes,_Z,Not application,_T,Total,_T,Total,_T,Total,_Z,Not applicable,_Z,Not applicable,V,Current prices,2018,,3893.695,,,,,,,,,,,,0,Units,1,One
DATAFLOW,OECD.ELS.HD:DSD_SHA@DF_SHA(1.1),Health expenditure and financing,I,FRA,France,A,Annual,EXP_HEALTH,Expenditure,USD_PPP_PS,"US dollars per person, PPP converted",HF31,Out-of-pocket excluding cost-sharing,_Z,Not application,_T,Total,_T,Total,_T,Total,_Z,Not applicable,_Z,Not applicable,V,Current prices,2018,,132.337,,,,,,,,,,,,0,Units,1,One
DATAFLOW,OECD.ELS.HD:DSD_SHA@DF_SHA(1.1),Health expenditure and financing,I,FRA,France,A,Annual,EXP_HEALTH,Expenditure,USD_PPP_PS,"US dollars per person, PPP converted",HF23,Enterprise financing schemes,_Z,Not application,_T,Total,_T,Total,_T,Total,_Z,Not applicable,_Z,Not applicable,V,Current prices,2018,,38.222,,,,,,,,,,,,0,Units,1,One
DATAFLOW,OECD.ELS.HD:DSD_SHA@DF_SHA(1.1),Health expenditure and financing,I,FRA,France,A,Annual,EXP_HEALTH,Expenditure,USD_PPP_PS,"US dollars per person, PPP converted",HF23,Enterprise financing schemes,_Z,Not application,_T,Total,_T,Total,_T,Total,_Z,Not applicable,_Z,Not applicable,V,Current prices,2019,,41.771,,,,,,,,,,,,0,Units,1,One
DATAFLOW,OECD.ELS.HD:DSD_SHA@DF_SHA(1.1),Health expenditure and financing,I,FRA,France,A,Annual,EXP_HEALTH,Expenditure,USD_PPP_PS,"US dollars per person, PPP converted",HF31,Out-of-pocket excluding cost-sharing,_Z,Not application,_T,Total,_T,Total,_T,Total,_Z,Not applicable,_Z,Not applicable,V,Current prices,2019,,139.605,,,,,,,,,,,,0,Units,1,One
DATAFLOW,OECD.ELS.HD:DSD_SHA@DF_SHA(1.1),Health expenditure and financing,I,FRA,France,A,Annual,EXP_HEALTH,Expenditure,USD_PPP_PS,"US dollars per person, PPP converted",HF12HF13,Compulsory contributory health insurance schemes,_Z,Not application,_T,Total,_T,Total,_T,Total,_Z,Not applicable,_Z,Not applicable,V,Current prices,2019,,4209.742,,,,,,,,,,,,0,Units,1,One
DATAFLOW,OECD.ELS.HD:DSD_SHA@DF_SHA(1.1),Health expenditure and financing,I,FRA,France,A,Annual,EXP_HEALTH,Expenditure,USD_PPP_PS,"US dollars per person, PPP converted",HF121,Social health insurance schemes,_Z,Not application,_T,Total,_T,Total,_T,Total,_Z,Not applicable,_Z,Not applicable,V,Current prices,2019,,3849.621,,,,,,,,,,,,0,Units,1,One
DATAFLOW,OECD.ELS.HD:DSD_SHA@DF_SHA(1.1),Health expenditure and financing,I,FRA,France,A,Annual,EXP_HEALTH,Expenditure,USD_PPP_PS,"US dollars per person, PPP converted",_T,Total,_Z,Not application,_T,Total,_T,Total,_T,Total,_Z,Not applicable,_Z,Not applicable,V,Current prices,2019,,5433.728,,,,,,,,,,,,0,Units,1,One
DATAFLOW,OECD.ELS.HD:DSD_SHA@DF_SHA(1.1),Health expenditure and financing,I,FRA,France,A,Annual,EXP_HEALTH,Expenditure,USD_PPP_PS,"US dollars per person, PPP converted",HF1,Government/compulsory schemes,_Z,Not application,_T,Total,_T,Total,_T,Total,_Z,Not applicable,_Z,Not applicable,V,Current prices,2019,,4425.356,,,,,,,,,,,,0,Units,1,One
DATAFLOW,OECD.ELS.HD:DSD_SHA@DF_SHA(1.1),Health expenditure and financing,I,FRA,France,A,Annual,EXP_HEALTH,Expenditure,USD_PPP_PS,"US dollars per person, PPP converted",HF2HF3,Voluntary schemes/household out-of-pocket payments,_Z,Not application,_T,Total,_T,Total,_T,Total,_Z,Not applicable,_Z,Not applicable,V,Current prices,2019,,1008.372,,,,,,,,,,,,0,Units,1,One
DATAFLOW,OECD.ELS.HD:DSD_SHA@DF_SHA(1.1),Health expenditure and financing,I,FRA,France,A,Annual,EXP_HEALTH,Expenditure,USD_PPP_PS,"US dollars per person, PPP converted",HF122,Compulsory private insurance schemes,_Z,Not application,_T,Total,_T,Total,_T,Total,_Z,Not applicable,_Z,Not applicable,V,Current prices,2019,,360.121,,,,,,,,,,,,0,Units,1,One
DATAFLOW,OECD.ELS.HD:DSD_SHA@DF_SHA(1.1),Health expenditure and financing,I,FRA,France,A,Annual,EXP_HEALTH,Expenditure,USD_PPP_PS,"US dollars per person, PPP converted",HF21,Voluntary health insurance schemes,_Z,Not application,_T,Total,_T,Total,_T,Total,_Z,Not applicable,_Z,Not applicable,V,Current prices,2019,,339.187,,,,,,,,,,,,0,Units,1,One
DATAFLOW,OECD.ELS.HD:DSD_SHA@DF_SHA(1.1),Health expenditure and financing,I,FRA,France,A,Annual,EXP_HEALTH,Expenditure,USD_PPP_PS,"US dollars per person, PPP converted",HF2,Voluntary healthcare payment schemes,_Z,Not application,_T,Total,_T,Total,_T,Total,_Z,Not applicable,_Z,Not applicable,V,Current prices,2019,,380.957,,,,,,,,,,,,0,Units,1,One
DATAFLOW,OECD.ELS.HD:DSD_SHA@DF_SHA(1.1),Health expenditure and financing,I,FRA,France,A,Annual,EXP_HEALTH,Expenditure,USD_PPP_PS,"US dollars per person, PPP converted",HF3,Household out-of-pocket payments,_Z,Not application,_T,Total,_T,Total,_T,Total,_Z,Not applicable,_Z,Not applicable,V,Current prices,2019,,627.415,,,,,,,,,,,,0,Units,1,One
DATAFLOW,OECD.ELS.HD:DSD_SHA@DF_SHA(1.1),Health expenditure and financing,I,FRA,France,A,Annual,EXP_HEALTH,Expenditure,USD_PPP_PS,"US dollars per person, PPP converted",HF32,Cost-sharing with third-party payers,_Z,Not application,_T,Total,_T,Total,_T,Total,_Z,Not applicable,_Z,Not applicable,V,Current prices,2019,,487.81,,,,,,,,,,,,0,Units,1,One
DATAFLOW,OECD.ELS.HD:DSD_SHA@DF_SHA(1.1),Health expenditure and financing,I,FRA,France,A,Annual,EXP_HEALTH,Expenditure,USD_PPP_PS,"US dollars per person, PPP converted",HF11,Government schemes,_Z,Not application,_T,Total,_T,Total,_T,Total,_Z,Not applicable,_Z,Not applicable,V,Current prices,2019,,215.613,,,,,,,,,,,,0,Units,1,One
DATAFLOW,OECD.ELS.HD:DSD_SHA@DF_SHA(1.1),Health expenditure and financing,I,FRA,France,A,Annual,EXP_HEALTH,Expenditure,USD_PPP_PS,"US dollars per person, PPP converted",HF11,Government schemes,_Z,Not application,_T,Total,_T,Total,_T,Total,_Z,Not applicable,_Z,Not applicable,V,Current prices,2020,,274.488,,,,,,,,,,,,0,Units,1,One
DATAFLOW,OECD.ELS.HD:DSD_SHA@DF_SHA(1.1),Health expenditure and financing,I,FRA,France,A,Annual,EXP_HEALTH,Expenditure,USD_PPP_PS,"US dollars per person, PPP converted",HF32,Cost-sharing with third-party payers,_Z,Not application,_T,Total,_T,Total,_T,Total,_Z,Not applicable,_Z,Not applicable,V,Current prices,2020,,469.986,,,,,,,,,,,,0,Units,1,One
DATAFLOW,OECD.ELS.HD:DSD_SHA@DF_SHA(1.1),Health expenditure and financing,I,FRA,France,A,Annual,EXP_HEALTH,Expenditure,USD_PPP_PS,"US dollars per person, PPP converted",HF3,Household out-of-pocket payments,_Z,Not application,_T,Total,_T,Total,_T,Total,_Z,Not applicable,_Z,Not applicable,V,Current prices,2020,,616.087,,,,,,,,,,,,0,Units,1,One
DATAFLOW,OECD.ELS.HD:DSD_SHA@DF_SHA(1.1),Health expenditure and financing,I,FRA,France,A,Annual,EXP_HEALTH,Expenditure,USD_PPP_PS,"US dollars per person, PPP converted",HF2,Voluntary healthcare payment schemes,_Z,Not application,_T,Total,_T,Total,_T,Total,_Z,Not applicable,_Z,Not applicable,V,Current prices,2020,,370.336,,,,,,,,,,,,0,Units,1,One
DATAFLOW,OECD.ELS.HD:DSD_SHA@DF_SHA(1.1),Health expenditure and financing,I,FRA,France,A,Annual,EXP_HEALTH,Expenditure,USD_PPP_PS,"US dollars per person, PPP converted",HF21,Voluntary health insurance schemes,_Z,Not application,_T,Total,_T,Total,_T,Total,_Z,Not applicable,_Z,Not applicable,V,Current prices,2020,,327.203,,,,,,,,,,,,0,Units,1,One
DATAFLOW,OECD.ELS.HD:DSD_SHA@DF_SHA(1.1),Health expenditure and financing,I,FRA,France,A,Annual,EXP_HEALTH,Expenditure,USD_PPP_PS,"US dollars per person, PPP converted",HF122,Compulsory private insurance schemes,_Z,Not application,_T,Total,_T,Total,_T,Total,_Z,Not applicable,_Z,Not applicable,V,Current prices,2020,,347.583,,,,,,,,,,,,0,Units,1,One
DATAFLOW,OECD.ELS.HD:DSD_SHA@DF_SHA(1.1),Health expenditure and financing,I,FRA,France,A,Annual,EXP_HEALTH,Expenditure,USD_PPP_PS,"US dollars per person, PPP converted",HF2HF3,Voluntary schemes/household out-of-pocket payments,_Z,Not application,_T,Total,_T,Total,_T,Total,_Z,Not applicable,_Z,Not applicable,V,Current prices,2020,,986.423,,,,,,,,,,,,0,Units,1,One
DATAFLOW,OECD.ELS.HD:DSD_SHA@DF_SHA(1.1),Health expenditure and financing,I,FRA,France,A,Annual,EXP_HEALTH,Expenditure,USD_PPP_PS,"US dollars per person, PPP converted",HF1,Government/compulsory schemes,_Z,Not application,_T,Total,_T,Total,_T,Total,_Z,Not applicable,_Z,Not applicable,V,Current prices,2020,,4784.047,,,,,,,,,,,,0,Units,1,One
DATAFLOW,OECD.ELS.HD:DSD_SHA@DF_SHA(1.1),Health expenditure and financing,I,FRA,France,A,Annual,EXP_HEALTH,Expenditure,USD_PPP_PS,"US dollars per person, PPP converted",_T,Total,_Z,Not application,_T,Total,_T,Total,_T,Total,_Z,Not applicable,_Z,Not applicable,V,Current prices,2020,,5770.47,,,,,,,,,,,,0,Units,1,One
DATAFLOW,OECD.ELS.HD:DSD_SHA@DF_SHA(1.1),Health expenditure and financing,I,FRA,France,A,Annual,EXP_HEALTH,Expenditure,USD_PPP_PS,"US dollars per person, PPP converted",HF121,Social health insurance schemes,_Z,Not application,_T,Total,_T,Total,_T,Total,_Z,Not applicable,_Z,Not applicable,V,Current prices,2020,,4161.976,,,,,,,,,,,,0,Units,1,One
DATAFLOW,OECD.ELS.HD:DSD_SHA@DF_SHA(1.1),Health expenditure and financing,I,FRA,France,A,Annual,EXP_HEALTH,Expenditure,USD_PPP_PS,"US dollars per person, PPP converted",HF12HF13,Compulsory contributory health insurance schemes,_Z,Not application,_T,Total,_T,Total,_T,Total,_Z,Not applicable,_Z,Not applicable,V,Current prices,2020,,4509.559,,,,,,,,,,,,0,Units,1,One
DATAFLOW,OECD.ELS.HD:DSD_SHA@DF_SHA(1.1),Health expenditure and financing,I,FRA,France,A,Annual,EXP_HEALTH,Expenditure,USD_PPP_PS,"US dollars per person, PPP converted",HF31,Out-of-pocket excluding cost-sharing,_Z,Not application,_T,Total,_T,Total,_T,Total,_Z,Not applicable,_Z,Not applicable,V,Current prices,2020,,146.101,,,,,,,,,,,,0,Units,1,One
DATAFLOW,OECD.ELS.HD:DSD_SHA@DF_SHA(1.1),Health expenditure and financing,I,FRA,France,A,Annual,EXP_HEALTH,Expenditure,USD_PPP_PS,"US dollars per person, PPP converted",HF23,Enterprise financing schemes,_Z,Not application,_T,Total,_T,Total,_T,Total,_Z,Not applicable,_Z,Not applicable,V,Current prices,2020,,43.133,,,,,,,,,,,,0,Units,1,One
DATAFLOW,OECD.ELS.HD:DSD_SHA@DF_SHA(1.1),Health expenditure and financing,I,FRA,France,A,Annual,EXP_HEALTH,Expenditure,USD_PPP_PS,"US dollars per person, PPP converted",HF23,Enterprise financing schemes,_Z,Not application,_T,Total,_T,Total,_T,Total,_Z,Not applicable,_Z,Not applicable,V,Current prices,2021,,45.299,,,,,,,,,,,,0,Units,1,One
DATAFLOW,OECD.ELS.HD:DSD_SHA@DF_SHA(1.1),Health expenditure and financing,I,FRA,France,A,Annual,EXP_HEALTH,Expenditure,USD_PPP_PS,"US dollars per person, PPP converted",HF31,Out-of-pocket excluding cost-sharing,_Z,Not application,_T,Total,_T,Total,_T,Total,_Z,Not applicable,_Z,Not applicable,V,Current prices,2021,,151.897,,,,,,,,,,,,0,Units,1,One
DATAFLOW,OECD.ELS.HD:DSD_SHA@DF_SHA(1.1),Health expenditure and financing,I,FRA,France,A,Annual,EXP_HEALTH,Expenditure,USD_PPP_PS,"US dollars per person, PPP converted",HF12HF13,Compulsory contributory health insurance schemes,_Z,Not application,_T,Total,_T,Total,_T,Total,_Z,Not applicable,_Z,Not applicable,V,Current prices,2021,,5042.029,,,,,,,,,,,,0,Units,1,One
DATAFLOW,OECD.ELS.HD:DSD_SHA@DF_SHA(1.1),Health expenditure and financing,I,FRA,France,A,Annual,EXP_HEALTH,Expenditure,USD_PPP_PS,"US dollars per person, PPP converted",HF121,Social health insurance schemes,_Z,Not application,_T,Total,_T,Total,_T,Total,_Z,Not applicable,_Z,Not applicable,V,Current prices,2021,,4656.581,,,,,,,,,,,,0,Units,1,One
DATAFLOW,OECD.ELS.HD:DSD_SHA@DF_SHA(1.1),Health expenditure and financing,I,FRA,France,A,Annual,EXP_HEALTH,Expenditure,USD_PPP_PS,"US dollars per person, PPP converted",_T,Total,_Z,Not application,_T,Total,_T,Total,_T,Total,_Z,Not applicable,_Z,Not applicable,V,Current prices,2021,,6300.431,,,,,,,,,,,,0,Units,1,One
DATAFLOW,OECD.ELS.HD:DSD_SHA@DF_SHA(1.1),Health expenditure and financing,I,FRA,France,A,Annual,EXP_HEALTH,Expenditure,USD_PPP_PS,"US dollars per person, PPP converted",HF1,Government/compulsory schemes,_Z,Not application,_T,Total,_T,Total,_T,Total,_Z,Not applicable,_Z,Not applicable,V,Current prices,2021,,5240.917,,,,,,,,,,,,0,Units,1,One
DATAFLOW,OECD.ELS.HD:DSD_SHA@DF_SHA(1.1),Health expenditure and financing,I,FRA,France,A,Annual,EXP_HEALTH,Expenditure,USD_PPP_PS,"US dollars per person, PPP converted",_T,Total,_Z,Not application,_T,Total,_T,Total,_T,Total,_Z,Not applicable,_Z,Not applicable,V,Current prices,2016,,4863.273,,,,,,,,,,,,0,Units,1,One
DATAFLOW,OECD.ELS.HD:DSD_SHA@DF_SHA(1.1),Health expenditure and financing,I,FRA,France,A,Annual,EXP_HEALTH,Expenditure,USD_PPP_PS,"US dollars per person, PPP converted",HF121,Social health insurance schemes,_Z,Not application,_T,Total,_T,Total,_T,Total,_Z,Not applicable,_Z,Not applicable,V,Current prices,2016,,3450.715,,,,,,,,,,,,0,Units,1,One
DATAFLOW,OECD.ELS.HD:DSD_SHA@DF_SHA(1.1),Health expenditure and financing,I,FRA,France,A,Annual,EXP_HEALTH,Expenditure,USD_PPP_PS,"US dollars per person, PPP converted",HF12HF13,Compulsory contributory health insurance schemes,_Z,Not application,_T,Total,_T,Total,_T,Total,_Z,Not applicable,_Z,Not applicable,V,Current prices,2016,,3751.455,,,,,,,,,,,,0,Units,1,One
DATAFLOW,OECD.ELS.HD:DSD_SHA@DF_SHA(1.1),Health expenditure and financing,I,FRA,France,A,Annual,EXP_HEALTH,Expenditure,USD_PPP_PS,"US dollars per person, PPP converted",HF31,Out-of-pocket excluding cost-sharing,_Z,Not application,_T,Total,_T,Total,_T,Total,_Z,Not applicable,_Z,Not applicable,V,Current prices,2016,,132.277,,,,,,,,,,,,0,Units,1,One
DATAFLOW,OECD.ELS.HD:DSD_SHA@DF_SHA(1.1),Health expenditure and financing,I,FRA,France,A,Annual,EXP_HEALTH,Expenditure,USD_PPP_PS,"US dollars per person, PPP converted",HF23,Enterprise financing schemes,_Z,Not application,_T,Total,_T,Total,_T,Total,_Z,Not applicable,_Z,Not applicable,V,Current prices,2016,,36.044,,,,,,,,,,,,0,Units,1,One
DATAFLOW,OECD.ELS.HD:DSD_SHA@DF_SHA(1.1),Health expenditure and financing,I,FRA,France,A,Annual,EXP_HEALTH,Expenditure,USD_PPP_PS,"US dollars per person, PPP converted",HF23,Enterprise financing schemes,_Z,Not application,_T,Total,_T,Total,_T,Total,_Z,Not applicable,_Z,Not applicable,V,Current prices,2017,,37.095,,,,,,,,,,,,0,Units,1,One
DATAFLOW,OECD.ELS.HD:DSD_SHA@DF_SHA(1.1),Health expenditure and financing,I,FRA,France,A,Annual,EXP_HEALTH,Expenditure,USD_PPP_PS,"US dollars per person, PPP converted",HF31,Out-of-pocket excluding cost-sharing,_Z,Not application,_T,Total,_T,Total,_T,Total,_Z,Not applicable,_Z,Not applicable,V,Current prices,2017,,131.117,,,,,,,,,,,,0,Units,1,One
DATAFLOW,OECD.ELS.HD:DSD_SHA@DF_SHA(1.1),Health expenditure and financing,I,FRA,France,A,Annual,EXP_HEALTH,Expenditure,USD_PPP_PS,"US dollars per person, PPP converted",HF12HF13,Compulsory contributory health insurance schemes,_Z,Not application,_T,Total,_T,Total,_T,Total,_Z,Not applicable,_Z,Not applicable,V,Current prices,2017,,3819.002,,,,,,,,,,,,0,Units,1,One
DATAFLOW,OECD.ELS.HD:DSD_SHA@DF_SHA(1.1),Health expenditure and financing,I,FRA,France,A,Annual,EXP_HEALTH,Expenditure,USD_PPP_PS,"US dollars per person, PPP converted",HF121,Social health insurance schemes,_Z,Not application,_T,Total,_T,Total,_T,Total,_Z,Not applicable,_Z,Not applicable,V,Current prices,2017,,3514.267,,,,,,,,,,,,0,Units,1,One
DATAFLOW,OECD.ELS.HD:DSD_SHA@DF_SHA(1.1),Health expenditure and financing,I,FRA,France,A,Annual,EXP_HEALTH,Expenditure,USD_PPP_PS,"US dollars per person, PPP converted",_T,Total,_Z,Not application,_T,Total,_T,Total,_T,Total,_Z,Not applicable,_Z,Not applicable,V,Current prices,2017,,4944.338,,,,,,,,,,,,0,Units,1,One
DATAFLOW,OECD.ELS.HD:DSD_SHA@DF_SHA(1.1),Health expenditure and financing,I,FRA,France,A,Annual,EXP_HEALTH,Expenditure,USD_PPP_PS,"US dollars per person, PPP converted",HF1,Government/compulsory schemes,_Z,Not application,_T,Total,_T,Total,_T,Total,_Z,Not applicable,_Z,Not applicable,V,Current prices,2017,,4014.862,,,,,,,,,,,,0,Units,1,One
DATAFLOW,OECD.ELS.HD:DSD_SHA@DF_SHA(1.1),Health expenditure and financing,I,FRA,France,A,Annual,EXP_HEALTH,Expenditure,USD_PPP_PS,"US dollars per person, PPP converted",HF2HF3,Voluntary schemes/household out-of-pocket payments,_Z,Not application,_T,Total,_T,Total,_T,Total,_Z,Not applicable,_Z,Not applicable,V,Current prices,2017,,929.476,,,,,,,,,,,,0,Units,1,One
DATAFLOW,OECD.ELS.HD:DSD_SHA@DF_SHA(1.1),Health expenditure and financing,I,FRA,France,A,Annual,EXP_HEALTH,Expenditure,USD_PPP_PS,"US dollars per person, PPP converted",HF122,Compulsory private insurance schemes,_Z,Not application,_T,Total,_T,Total,_T,Total,_Z,Not applicable,_Z,Not applicable,V,Current prices,2017,,304.735,,,,,,,,,,,,0,Units,1,One
DATAFLOW,OECD.ELS.HD:DSD_SHA@DF_SHA(1.1),Health expenditure and financing,I,FRA,France,A,Annual,EXP_HEALTH,Expenditure,USD_PPP_PS,"US dollars per person, PPP converted",HF21,Voluntary health insurance schemes,_Z,Not application,_T,Total,_T,Total,_T,Total,_Z,Not applicable,_Z,Not applicable,V,Current prices,2017,,317.962,,,,,,,,,,,,0,Units,1,One
DATAFLOW,OECD.ELS.HD:DSD_SHA@DF_SHA(1.1),Health expenditure and financing,I,FRA,France,A,Annual,EXP_HEALTH,Expenditure,USD_PPP_PS,"US dollars per person, PPP converted",HF2,Voluntary healthcare payment schemes,_Z,Not application,_T,Total,_T,Total,_T,Total,_Z,Not applicable,_Z,Not applicable,V,Current prices,2017,,355.057,,,,,,,,,,,,0,Units,1,One
DATAFLOW,OECD.ELS.HD:DSD_SHA@DF_SHA(1.1),Health expenditure and financing,I,FRA,France,A,Annual,EXP_HEALTH,Expenditure,USD_PPP_PS,"US dollars per person, PPP converted",HF3,Household out-of-pocket payments,_Z,Not application,_T,Total,_T,Total,_T,Total,_Z,Not applicable,_Z,Not applicable,V,Current prices,2017,,574.419,,,,,,,,,,,,0,Units,1,One
DATAFLOW,OECD.ELS.HD:DSD_SHA@DF_SHA(1.1),Health expenditure and financing,I,FRA,France,A,Annual,EXP_HEALTH,Expenditure,USD_PPP_PS,"US dollars per person, PPP converted",HF32,Cost-sharing with third-party payers,_Z,Not application,_T,Total,_T,Total,_T,Total,_Z,Not applicable,_Z,Not applicable,V,Current prices,2017,,443.303,,,,,,,,,,,,0,Units,1,One
DATAFLOW,OECD.ELS.HD:DSD_SHA@DF_SHA(1.1),Health expenditure and financing,I,FRA,France,A,Annual,EXP_HEALTH,Expenditure,USD_PPP_PS,"US dollars per person, PPP converted",HF11,Government schemes,_Z,Not application,_T,Total,_T,Total,_T,Total,_Z,Not applicable,_Z,Not applicable,V,Current prices,2017,,195.86,,,,,,,,,,,,0,Units,1,One
DATAFLOW,OECD.ELS.HD:DSD_SHA@DF_SHA(1.1),Health expenditure and financing,I,CAN,Canada,A,Annual,EXP_HEALTH,Expenditure,USD_PPP_PS,"US dollars per person, PPP converted",_T,Total,_Z,Not application,_T,Total,_T,Total,_T,Total,_Z,Not applicable,_Z,Not applicable,Q,Constant prices,2022,,6119.237,,2020,,,,D,Definition differs,,,,,0,Units,1,One
DATAFLOW,OECD.ELS.HD:DSD_SHA@DF_SHA(1.1),Health expenditure and financing,I,CAN,Canada,A,Annual,EXP_HEALTH,Expenditure,USD_PPP_PS,"US dollars per person, PPP converted",_T,Total,_Z,Not application,_T,Total,_T,Total,_T,Total,_Z,Not applicable,_Z,Not applicable,V,Current prices,2022,,6910.418,,,,,,D,Definition differs,,,,,0,Units,1,One
DATAFLOW,OECD.ELS.HD:DSD_SHA@DF_SHA(1.1),Health expenditure and financing,I,DEU,Germany,A,Annual,EXP_HEALTH,Expenditure,USD_PPP_PS,"US dollars per person, PPP converted",HF22,NPISH financing schemes,_Z,Not application,_T,Total,_T,Total,_T,Total,_Z,Not applicable,_Z,Not applicable,Q,Constant prices,2021,,84.894,,2020,,,,,,,,,,0,Units,1,One
DATAFLOW,OECD.ELS.HD:DSD_SHA@DF_SHA(1.1),Health expenditure and financing,I,DEU,Germany,A,Annual,EXP_HEALTH,Expenditure,USD_PPP_PS,"US dollars per person, PPP converted",HF122,Compulsory private insurance schemes,_Z,Not application,_T,Total,_T,Total,_T,Total,_Z,Not applicable,_Z,Not applicable,Q,Constant prices,2021,,511.269,,2020,,,,,,,,,,0,Units,1,One
DATAFLOW,OECD.ELS.HD:DSD_SHA@DF_SHA(1.1),Health expenditure and financing,I,DEU,Germany,A,Annual,EXP_HEALTH,Expenditure,USD_PPP_PS,"US dollars per person, PPP converted",HF3,Household out-of-pocket payments,_Z,Not application,_T,Total,_T,Total,_T,Total,_Z,Not applicable,_Z,Not applicable,Q,Constant prices,2021,,882.149,,2020,,,,,,,,,,0,Units,1,One
DATAFLOW,OECD.ELS.HD:DSD_SHA@DF_SHA(1.1),Health expenditure and financing,I,DEU,Germany,A,Annual,EXP_HEALTH,Expenditure,USD_PPP_PS,"US dollars per person, PPP converted",HF21,Voluntary health insurance schemes,_Z,Not application,_T,Total,_T,Total,_T,Total,_Z,Not applicable,_Z,Not applicable,Q,Constant prices,2021,,97.419,,2020,,,,,,,,,,0,Units,1,One
DATAFLOW,OECD.ELS.HD:DSD_SHA@DF_SHA(1.1),Health expenditure and financing,I,DEU,Germany,A,Annual,EXP_HEALTH,Expenditure,USD_PPP_PS,"US dollars per person, PPP converted",HF11,Government schemes,_Z,Not application,_T,Total,_T,Total,_T,Total,_Z,Not applicable,_Z,Not applicable,Q,Constant prices,2021,,884.572,,2020,,,,,,,,,,0,Units,1,One
DATAFLOW,OECD.ELS.HD:DSD_SHA@DF_SHA(1.1),Health expenditure and financing,I,DEU,Germany,A,Annual,EXP_HEALTH,Expenditure,USD_PPP_PS,"US dollars per person, PPP converted",HF2HF3,Voluntary schemes/household out-of-pocket payments,_Z,Not application,_T,Total,_T,Total,_T,Total,_Z,Not applicable,_Z,Not applicable,Q,Constant prices,2021,,1098.357,,2020,,,,,,,,,,0,Units,1,One
DATAFLOW,OECD.ELS.HD:DSD_SHA@DF_SHA(1.1),Health expenditure and financing,I,DEU,Germany,A,Annual,EXP_HEALTH,Expenditure,USD_PPP_PS,"US dollars per person, PPP converted",HF12HF13,Compulsory contributory health insurance schemes,_Z,Not application,_T,Total,_T,Total,_T,Total,_Z,Not applicable,_Z,Not applicable,Q,Constant prices,2021,,5778.766,,2020,,,,,,,,,,0,Units,1,One
DATAFLOW,OECD.ELS.HD:DSD_SHA@DF_SHA(1.1),Health expenditure and financing,I,DEU,Germany,A,Annual,EXP_HEALTH,Expenditure,USD_PPP_PS,"US dollars per person, PPP converted",_T,Total,_Z,Not application,_T,Total,_T,Total,_T,Total,_Z,Not applicable,_Z,Not applicable,Q,Constant prices,2021,,7761.694,,2020,,,,,,,,,,0,Units,1,One
DATAFLOW,OECD.ELS.HD:DSD_SHA@DF_SHA(1.1),Health expenditure and financing,I,DEU,Germany,A,Annual,EXP_HEALTH,Expenditure,USD_PPP_PS,"US dollars per person, PPP converted",HF1,Government/compulsory schemes,_Z,Not application,_T,Total,_T,Total,_T,Total,_Z,Not applicable,_Z,Not applicable,Q,Constant prices,2021,,6663.338,,2020,,,,,,,,,,0,Units,1,One
DATAFLOW,OECD.ELS.HD:DSD_SHA@DF_SHA(1.1),Health expenditure and financing,I,DEU,Germany,A,Annual,EXP_HEALTH,Expenditure,USD_PPP_PS,"US dollars per person, PPP converted",HF2,Voluntary healthcare payment schemes,_Z,Not application,_T,Total,_T,Total,_T,Total,_Z,Not applicable,_Z,Not applicable,Q,Constant prices,2021,,216.207,,2020,,,,,,,,,,0,Units,1,One
DATAFLOW,OECD.ELS.HD:DSD_SHA@DF_SHA(1.1),Health expenditure and financing,I,DEU,Germany,A,Annual,EXP_HEALTH,Expenditure,USD_PPP_PS,"US dollars per person, PPP converted",HF23,Enterprise financing schemes,_Z,Not application,_T,Total,_T,Total,_T,Total,_Z,Not applicable,_Z,Not applicable,Q,Constant prices,2021,,33.894,,2020,,,,,,,,,,0,Units,1,One
DATAFLOW,OECD.ELS.HD:DSD_SHA@DF_SHA(1.1),Health expenditure and financing,I,DEU,Germany,A,Annual,EXP_HEALTH,Expenditure,USD_PPP_PS,"US dollars per person, PPP converted",HF121,Social health insurance schemes,_Z,Not application,_T,Total,_T,Total,_T,Total,_Z,Not applicable,_Z,Not applicable,Q,Constant prices,2021,,5267.497,,2020,,,,,,,,,,0,Units,1,One
DATAFLOW,OECD.ELS.HD:DSD_SHA@DF_SHA(1.1),Health expenditure and financing,I,DEU,Germany,A,Annual,EXP_HEALTH,Expenditure,USD_PPP_PS,"US dollars per person, PPP converted",HF121,Social health insurance schemes,_Z,Not application,_T,Total,_T,Total,_T,Total,_Z,Not applicable,_Z,Not applicable,Q,Constant prices,2022,,5226.802,,2020,,,,,,,,,,0,Units,1,One
DATAFLOW,OECD.ELS.HD:DSD_SHA@DF_SHA(1.1),Health expenditure and financing,I,DEU,Germany,A,Annual,EXP_HEALTH,Expenditure,USD_PPP_PS,"US dollars per person, PPP converted",HF23,Enterprise financing schemes,_Z,Not application,_T,Total,_T,Total,_T,Total,_Z,Not applicable,_Z,Not applicable,Q,Constant prices,2022,,33.673,,2020,,,,,,,,,,0,Units,1,One
DATAFLOW,OECD.ELS.HD:DSD_SHA@DF_SHA(1.1),Health expenditure and financing,I,DEU,Germany,A,Annual,EXP_HEALTH,Expenditure,USD_PPP_PS,"US dollars per person, PPP converted",HF2,Voluntary healthcare payment schemes,_Z,Not application,_T,Total,_T,Total,_T,Total,_Z,Not applicable,_Z,Not applicable,Q,Constant prices,2022,,222.229,,2020,,,,,,,,,,0,Units,1,One
DATAFLOW,OECD.ELS.HD:DSD_SHA@DF_SHA(1.1),Health expenditure and financing,I,DEU,Germany,A,Annual,EXP_HEALTH,Expenditure,USD_PPP_PS,"US dollars per person, PPP converted",HF1,Government/compulsory schemes,_Z,Not application,_T,Total,_T,Total,_T,Total,_Z,Not applicable,_Z,Not applicable,Q,Constant prices,2022,,6654.814,,2020,,,,,,,,,,0,Units,1,One
DATAFLOW,OECD.ELS.HD:DSD_SHA@DF_SHA(1.1),Health expenditure and financing,I,DEU,Germany,A,Annual,EXP_HEALTH,Expenditure,USD_PPP_PS,"US dollars per person, PPP converted",_T,Total,_Z,Not application,_T,Total,_T,Total,_T,Total,_Z,Not applicable,_Z,Not applicable,Q,Constant prices,2022,,7675.075,,2020,,,,,,,,,,0,Units,1,One
DATAFLOW,OECD.ELS.HD:DSD_SHA@DF_SHA(1.1),Health expenditure and financing,I,DEU,Germany,A,Annual,EXP_HEALTH,Expenditure,USD_PPP_PS,"US dollars per person, PPP converted",HF12HF13,Compulsory contributory health insurance schemes,_Z,Not application,_T,Total,_T,Total,_T,Total,_Z,Not applicable,_Z,Not applicable,Q,Constant prices,2022,,5731.584,,2020,,,,,,,,,,0,Units,1,One
DATAFLOW,OECD.ELS.HD:DSD_SHA@DF_SHA(1.1),Health expenditure and financing,I,DEU,Germany,A,Annual,EXP_HEALTH,Expenditure,USD_PPP_PS,"US dollars per person, PPP converted",HF2HF3,Voluntary schemes/household out-of-pocket payments,_Z,Not application,_T,Total,_T,Total,_T,Total,_Z,Not applicable,_Z,Not applicable,Q,Constant prices,2022,,1020.261,,2020,,,,,,,,,,0,Units,1,One
DATAFLOW,OECD.ELS.HD:DSD_SHA@DF_SHA(1.1),Health expenditure and financing,I,DEU,Germany,A,Annual,EXP_HEALTH,Expenditure,USD_PPP_PS,"US dollars per person, PPP converted",HF11,Government schemes,_Z,Not application,_T,Total,_T,Total,_T,Total,_Z,Not applicable,_Z,Not applicable,Q,Constant prices,2022,,923.231,,2020,,,,,,,,,,0,Units,1,One
DATAFLOW,OECD.ELS.HD:DSD_SHA@DF_SHA(1.1),Health expenditure and financing,I,DEU,Germany,A,Annual,EXP_HEALTH,Expenditure,USD_PPP_PS,"US dollars per person, PPP converted",HF21,Voluntary health insurance schemes,_Z,Not application,_T,Total,_T,Total,_T,Total,_Z,Not applicable,_Z,Not applicable,Q,Constant prices,2022,,96.843,,2020,,,,,,,,,,0,Units,1,One
DATAFLOW,OECD.ELS.HD:DSD_SHA@DF_SHA(1.1),Health expenditure and financing,I,DEU,Germany,A,Annual,EXP_HEALTH,Expenditure,USD_PPP_PS,"US dollars per person, PPP converted",HF3,Household out-of-pocket payments,_Z,Not application,_T,Total,_T,Total,_T,Total,_Z,Not applicable,_Z,Not applicable,Q,Constant prices,2022,,798.032,,2020,,,,,,,,,,0,Units,1,One
DATAFLOW,OECD.ELS.HD:DSD_SHA@DF_SHA(1.1),Health expenditure and financing,I,DEU,Germany,A,Annual,EXP_HEALTH,Expenditure,USD_PPP_PS,"US dollars per person, PPP converted",HF122,Compulsory private insurance schemes,_Z,Not application,_T,Total,_T,Total,_T,Total,_Z,Not applicable,_Z,Not applicable,Q,Constant prices,2022,,504.797,,2020,,,,,,,,,,0,Units,1,One
DATAFLOW,OECD.ELS.HD:DSD_SHA@DF_SHA(1.1),Health expenditure and financing,I,DEU,Germany,A,Annual,EXP_HEALTH,Expenditure,USD_PPP_PS,"US dollars per person, PPP converted",HF22,NPISH financing schemes,_Z,Not application,_T,Total,_T,Total,_T,Total,_Z,Not applicable,_Z,Not applicable,Q,Constant prices,2022,,91.729,,2020,,,,,,,,,,0,Units,1,One
DATAFLOW,OECD.ELS.HD:DSD_SHA@DF_SHA(1.1),Health expenditure and financing,I,DEU,Germany,A,Annual,EXP_HEALTH,Expenditure,USD_PPP_PS,"US dollars per person, PPP converted",HF22,NPISH financing schemes,_Z,Not application,_T,Total,_T,Total,_T,Total,_Z,Not applicable,_Z,Not applicable,Q,Constant prices,2019,,78.346,,2020,,,,,,,,,,0,Units,1,One
DATAFLOW,OECD.ELS.HD:DSD_SHA@DF_SHA(1.1),Health expenditure and financing,I,DEU,Germany,A,Annual,EXP_HEALTH,Expenditure,USD_PPP_PS,"US dollars per person, PPP converted",HF122,Compulsory private insurance schemes,_Z,Not application,_T,Total,_T,Total,_T,Total,_Z,Not applicable,_Z,Not applicable,Q,Constant prices,2019,,501.433,,2020,,,,,,,,,,0,Units,1,One
DATAFLOW,OECD.ELS.HD:DSD_SHA@DF_SHA(1.1),Health expenditure and financing,I,DEU,Germany,A,Annual,EXP_HEALTH,Expenditure,USD_PPP_PS,"US dollars per person, PPP converted",HF3,Household out-of-pocket payments,_Z,Not application,_T,Total,_T,Total,_T,Total,_Z,Not applicable,_Z,Not applicable,Q,Constant prices,2019,,864.628,,2020,,,,,,,,,,0,Units,1,One
DATAFLOW,OECD.ELS.HD:DSD_SHA@DF_SHA(1.1),Health expenditure and financing,I,DEU,Germany,A,Annual,EXP_HEALTH,Expenditure,USD_PPP_PS,"US dollars per person, PPP converted",HF21,Voluntary health insurance schemes,_Z,Not application,_T,Total,_T,Total,_T,Total,_Z,Not applicable,_Z,Not applicable,Q,Constant prices,2019,,97.111,,2020,,,,,,,,,,0,Units,1,One
DATAFLOW,OECD.ELS.HD:DSD_SHA@DF_SHA(1.1),Health expenditure and financing,I,DEU,Germany,A,Annual,EXP_HEALTH,Expenditure,USD_PPP_PS,"US dollars per person, PPP converted",HF11,Government schemes,_Z,Not application,_T,Total,_T,Total,_T,Total,_Z,Not applicable,_Z,Not applicable,Q,Constant prices,2019,,466.411,,2020,,,,,,,,,,0,Units,1,One
DATAFLOW,OECD.ELS.HD:DSD_SHA@DF_SHA(1.1),Health expenditure and financing,I,DEU,Germany,A,Annual,EXP_HEALTH,Expenditure,USD_PPP_PS,"US dollars per person, PPP converted",HF2HF3,Voluntary schemes/household out-of-pocket payments,_Z,Not application,_T,Total,_T,Total,_T,Total,_Z,Not applicable,_Z,Not applicable,Q,Constant prices,2019,,1072.79,,2020,,,,,,,,,,0,Units,1,One
DATAFLOW,OECD.ELS.HD:DSD_SHA@DF_SHA(1.1),Health expenditure and financing,I,DEU,Germany,A,Annual,EXP_HEALTH,Expenditure,USD_PPP_PS,"US dollars per person, PPP converted",HF12HF13,Compulsory contributory health insurance schemes,_Z,Not application,_T,Total,_T,Total,_T,Total,_Z,Not applicable,_Z,Not applicable,Q,Constant prices,2019,,5447.415,,2020,,,,,,,,,,0,Units,1,One
DATAFLOW,OECD.ELS.HD:DSD_SHA@DF_SHA(1.1),Health expenditure and financing,I,DEU,Germany,A,Annual,EXP_HEALTH,Expenditure,USD_PPP_PS,"US dollars per person, PPP converted",_T,Total,_Z,Not application,_T,Total,_T,Total,_T,Total,_Z,Not applicable,_Z,Not applicable,Q,Constant prices,2019,,6986.616,,2020,,,,,,,,,,0,Units,1,One
DATAFLOW,OECD.ELS.HD:DSD_SHA@DF_SHA(1.1),Health expenditure and financing,I,DEU,Germany,A,Annual,EXP_HEALTH,Expenditure,USD_PPP_PS,"US dollars per person, PPP converted",HF1,Government/compulsory schemes,_Z,Not application,_T,Total,_T,Total,_T,Total,_Z,Not applicable,_Z,Not applicable,Q,Constant prices,2019,,5913.843,,2020,,,,,,,,,,0,Units,1,One
DATAFLOW,OECD.ELS.HD:DSD_SHA@DF_SHA(1.1),Health expenditure and financing,I,DEU,Germany,A,Annual,EXP_HEALTH,Expenditure,USD_PPP_PS,"US dollars per person, PPP converted",HF2,Voluntary healthcare payment schemes,_Z,Not application,_T,Total,_T,Total,_T,Total,_Z,Not applicable,_Z,Not applicable,Q,Constant prices,2019,,208.162,,2020,,,,,,,,,,0,Units,1,One
DATAFLOW,OECD.ELS.HD:DSD_SHA@DF_SHA(1.1),Health expenditure and financing,I,DEU,Germany,A,Annual,EXP_HEALTH,Expenditure,USD_PPP_PS,"US dollars per person, PPP converted",HF23,Enterprise financing schemes,_Z,Not application,_T,Total,_T,Total,_T,Total,_Z,Not applicable,_Z,Not applicable,Q,Constant prices,2019,,32.705,,2020,,,,,,,,,,0,Units,1,One
DATAFLOW,OECD.ELS.HD:DSD_SHA@DF_SHA(1.1),Health expenditure and financing,I,DEU,Germany,A,Annual,EXP_HEALTH,Expenditure,USD_PPP_PS,"US dollars per person, PPP converted",HF121,Social health insurance schemes,_Z,Not application,_T,Total,_T,Total,_T,Total,_Z,Not applicable,_Z,Not applicable,Q,Constant prices,2019,,4945.982,,2020,,,,,,,,,,0,Units,1,One
DATAFLOW,OECD.ELS.HD:DSD_SHA@DF_SHA(1.1),Health expenditure and financing,I,DEU,Germany,A,Annual,EXP_HEALTH,Expenditure,USD_PPP_PS,"US dollars per person, PPP converted",HF121,Social health insurance schemes,_Z,Not application,_T,Total,_T,Total,_T,Total,_Z,Not applicable,_Z,Not applicable,Q,Constant prices,2020,,5118.319,,2020,,,,,,,,,,0,Units,1,One
DATAFLOW,OECD.ELS.HD:DSD_SHA@DF_SHA(1.1),Health expenditure and financing,I,DEU,Germany,A,Annual,EXP_HEALTH,Expenditure,USD_PPP_PS,"US dollars per person, PPP converted",HF23,Enterprise financing schemes,_Z,Not application,_T,Total,_T,Total,_T,Total,_Z,Not applicable,_Z,Not applicable,Q,Constant prices,2020,,33.577,,2020,,,,,,,,,,0,Units,1,One
DATAFLOW,OECD.ELS.HD:DSD_SHA@DF_SHA(1.1),Health expenditure and financing,I,DEU,Germany,A,Annual,EXP_HEALTH,Expenditure,USD_PPP_PS,"US dollars per person, PPP converted",HF2,Voluntary healthcare payment schemes,_Z,Not application,_T,Total,_T,Total,_T,Total,_Z,Not applicable,_Z,Not applicable,Q,Constant prices,2020,,212.851,,2020,,,,,,,,,,0,Units,1,One
DATAFLOW,OECD.ELS.HD:DSD_SHA@DF_SHA(1.1),Health expenditure and financing,I,DEU,Germany,A,Annual,EXP_HEALTH,Expenditure,USD_PPP_PS,"US dollars per person, PPP converted",HF1,Government/compulsory schemes,_Z,Not application,_T,Total,_T,Total,_T,Total,_Z,Not applicable,_Z,Not applicable,Q,Constant prices,2020,,6314.691,,2020,,,,,,,,,,0,Units,1,One
DATAFLOW,OECD.ELS.HD:DSD_SHA@DF_SHA(1.1),Health expenditure and financing,I,DEU,Germany,A,Annual,EXP_HEALTH,Expenditure,USD_PPP_PS,"US dollars per person, PPP converted",_T,Total,_Z,Not application,_T,Total,_T,Total,_T,Total,_Z,Not applicable,_Z,Not applicable,Q,Constant prices,2020,,7362.902,,2020,,,,,,,,,,0,Units,1,One
DATAFLOW,OECD.ELS.HD:DSD_SHA@DF_SHA(1.1),Health expenditure and financing,I,DEU,Germany,A,Annual,EXP_HEALTH,Expenditure,USD_PPP_PS,"US dollars per person, PPP converted",HF12HF13,Compulsory contributory health insurance schemes,_Z,Not application,_T,Total,_T,Total,_T,Total,_Z,Not applicable,_Z,Not applicable,Q,Constant prices,2020,,5628.246,,2020,,,,,,,,,,0,Units,1,One
DATAFLOW,OECD.ELS.HD:DSD_SHA@DF_SHA(1.1),Health expenditure and financing,I,DEU,Germany,A,Annual,EXP_HEALTH,Expenditure,USD_PPP_PS,"US dollars per person, PPP converted",HF2HF3,Voluntary schemes/household out-of-pocket payments,_Z,Not application,_T,Total,_T,Total,_T,Total,_Z,Not applicable,_Z,Not applicable,Q,Constant prices,2020,,1048.211,,2020,,,,,,,,,,0,Units,1,One
DATAFLOW,OECD.ELS.HD:DSD_SHA@DF_SHA(1.1),Health expenditure and financing,I,DEU,Germany,A,Annual,EXP_HEALTH,Expenditure,USD_PPP_PS,"US dollars per person, PPP converted",HF11,Government schemes,_Z,Not application,_T,Total,_T,Total,_T,Total,_Z,Not applicable,_Z,Not applicable,Q,Constant prices,2020,,686.445,,2020,,,,,,,,,,0,Units,1,One
DATAFLOW,OECD.ELS.HD:DSD_SHA@DF_SHA(1.1),Health expenditure and financing,I,DEU,Germany,A,Annual,EXP_HEALTH,Expenditure,USD_PPP_PS,"US dollars per person, PPP converted",HF21,Voluntary health insurance schemes,_Z,Not application,_T,Total,_T,Total,_T,Total,_Z,Not applicable,_Z,Not applicable,Q,Constant prices,2020,,95.818,,2020,,,,,,,,,,0,Units,1,One
DATAFLOW,OECD.ELS.HD:DSD_SHA@DF_SHA(1.1),Health expenditure and financing,I,DEU,Germany,A,Annual,EXP_HEALTH,Expenditure,USD_PPP_PS,"US dollars per person, PPP converted",HF3,Household out-of-pocket payments,_Z,Not application,_T,Total,_T,Total,_T,Total,_Z,Not applicable,_Z,Not applicable,Q,Constant prices,2020,,835.36,,2020,,,,,,,,,,0,Units,1,One
DATAFLOW,OECD.ELS.HD:DSD_SHA@DF_SHA(1.1),Health expenditure and financing,I,DEU,Germany,A,Annual,EXP_HEALTH,Expenditure,USD_PPP_PS,"US dollars per person, PPP converted",HF122,Compulsory private insurance schemes,_Z,Not application,_T,Total,_T,Total,_T,Total,_Z,Not applicable,_Z,Not applicable,Q,Constant prices,2020,,509.911,,2020,,,,,,,,,,0,Units,1,One
DATAFLOW,OECD.ELS.HD:DSD_SHA@DF_SHA(1.1),Health expenditure and financing,I,DEU,Germany,A,Annual,EXP_HEALTH,Expenditure,USD_PPP_PS,"US dollars per person, PPP converted",HF22,NPISH financing schemes,_Z,Not application,_T,Total,_T,Total,_T,Total,_Z,Not applicable,_Z,Not applicable,Q,Constant prices,2020,,83.455,,2020,,,,,,,,,,0,Units,1,One
DATAFLOW,OECD.ELS.HD:DSD_SHA@DF_SHA(1.1),Health expenditure and financing,I,DEU,Germany,A,Annual,EXP_HEALTH,Expenditure,USD_PPP_PS,"US dollars per person, PPP converted",HF3,Household out-of-pocket payments,_Z,Not application,_T,Total,_T,Total,_T,Total,_Z,Not applicable,_Z,Not applicable,Q,Constant prices,2018,,823.515,,2020,,,,,,,,,,0,Units,1,One
DATAFLOW,OECD.ELS.HD:DSD_SHA@DF_SHA(1.1),Health expenditure and financing,I,DEU,Germany,A,Annual,EXP_HEALTH,Expenditure,USD_PPP_PS,"US dollars per person, PPP converted",HF122,Compulsory private insurance schemes,_Z,Not application,_T,Total,_T,Total,_T,Total,_Z,Not applicable,_Z,Not applicable,Q,Constant prices,2018,,487.813,,2020,,,,,,,,,,0,Units,1,One
DATAFLOW,OECD.ELS.HD:DSD_SHA@DF_SHA(1.1),Health expenditure and financing,I,DEU,Germany,A,Annual,EXP_HEALTH,Expenditure,USD_PPP_PS,"US dollars per person, PPP converted",HF22,NPISH financing schemes,_Z,Not application,_T,Total,_T,Total,_T,Total,_Z,Not applicable,_Z,Not applicable,Q,Constant prices,2018,,80.92,,2020,,,,,,,,,,0,Units,1,One
DATAFLOW,OECD.ELS.HD:DSD_SHA@DF_SHA(1.1),Health expenditure and financing,I,DEU,Germany,A,Annual,EXP_HEALTH,Expenditure,USD_PPP_PS,"US dollars per person, PPP converted",HF22,NPISH financing schemes,_Z,Not application,_T,Total,_T,Total,_T,Total,_Z,Not applicable,_Z,Not applicable,Q,Constant prices,2023,,89.408,,2020,,,,,,,,,,0,Units,1,One
DATAFLOW,OECD.ELS.HD:DSD_SHA@DF_SHA(1.1),Health expenditure and financing,I,DEU,Germany,A,Annual,EXP_HEALTH,Expenditure,USD_PPP_PS,"US dollars per person, PPP converted",HF122,Compulsory private insurance schemes,_Z,Not application,_T,Total,_T,Total,_T,Total,_Z,Not applicable,_Z,Not applicable,Q,Constant prices,2023,,505.539,,2020,,,,,,,,,,0,Units,1,One
DATAFLOW,OECD.ELS.HD:DSD_SHA@DF_SHA(1.1),Health expenditure and financing,I,CAN,Canada,A,Annual,EXP_HEALTH,Expenditure,USD_PPP_PS,"US dollars per person, PPP converted",HF2,Voluntary healthcare payment schemes,_Z,Not application,_T,Total,_T,Total,_T,Total,_Z,Not applicable,_Z,Not applicable,Q,Constant prices,2023,,887.538,,2020,,,,,,,,,,0,Units,1,One
DATAFLOW,OECD.ELS.HD:DSD_SHA@DF_SHA(1.1),Health expenditure and financing,I,CAN,Canada,A,Annual,EXP_HEALTH,Expenditure,USD_PPP_PS,"US dollars per person, PPP converted",HF3,Household out-of-pocket payments,_Z,Not application,_T,Total,_T,Total,_T,Total,_Z,Not applicable,_Z,Not applicable,Q,Constant prices,2023,,937.969,,2020,,,,,,,,,,0,Units,1,One
DATAFLOW,OECD.ELS.HD:DSD_SHA@DF_SHA(1.1),Health expenditure and financing,I,CAN,Canada,A,Annual,EXP_HEALTH,Expenditure,USD_PPP_PS,"US dollars per person, PPP converted",HF22,NPISH financing schemes,_Z,Not application,_T,Total,_T,Total,_T,Total,_Z,Not applicable,_Z,Not applicable,Q,Constant prices,2023,,67.206,,2020,,,,,,,,,,0,Units,1,One
DATAFLOW,OECD.ELS.HD:DSD_SHA@DF_SHA(1.1),Health expenditure and financing,I,CAN,Canada,A,Annual,EXP_HEALTH,Expenditure,USD_PPP_PS,"US dollars per person, PPP converted",_T,Total,_Z,Not application,_T,Total,_T,Total,_T,Total,_Z,Not applicable,_Z,Not applicable,Q,Constant prices,2023,,6145.641,,2020,,,,,,,,,,0,Units,1,One
DATAFLOW,OECD.ELS.HD:DSD_SHA@DF_SHA(1.1),Health expenditure and financing,I,CAN,Canada,A,Annual,EXP_HEALTH,Expenditure,USD_PPP_PS,"US dollars per person, PPP converted",HF11,Government schemes,_Z,Not application,_T,Total,_T,Total,_T,Total,_Z,Not applicable,_Z,Not applicable,Q,Constant prices,2023,,4237.256,,2020,,,,,,,,,,0,Units,1,One
DATAFLOW,OECD.ELS.HD:DSD_SHA@DF_SHA(1.1),Health expenditure and financing,I,CAN,Canada,A,Annual,EXP_HEALTH,Expenditure,USD_PPP_PS,"US dollars per person, PPP converted",HF1,Government/compulsory schemes,_Z,Not application,_T,Total,_T,Total,_T,Total,_Z,Not applicable,_Z,Not applicable,Q,Constant prices,2023,,4320.134,,2020,,,,,,,,,,0,Units,1,One
DATAFLOW,OECD.ELS.HD:DSD_SHA@DF_SHA(1.1),Health expenditure and financing,I,CAN,Canada,A,Annual,EXP_HEALTH,Expenditure,USD_PPP_PS,"US dollars per person, PPP converted",HF12HF13,Compulsory contributory health insurance schemes,_Z,Not application,_T,Total,_T,Total,_T,Total,_Z,Not applicable,_Z,Not applicable,Q,Constant prices,2023,,82.878,,2020,,,,,,,,,,0,Units,1,One
DATAFLOW,OECD.ELS.HD:DSD_SHA@DF_SHA(1.1),Health expenditure and financing,I,CAN,Canada,A,Annual,EXP_HEALTH,Expenditure,USD_PPP_PS,"US dollars per person, PPP converted",HF121,Social health insurance schemes,_Z,Not application,_T,Total,_T,Total,_T,Total,_Z,Not applicable,_Z,Not applicable,Q,Constant prices,2023,,82.878,,2020,,,,,,,,,,0,Units,1,One
DATAFLOW,OECD.ELS.HD:DSD_SHA@DF_SHA(1.1),Health expenditure and financing,I,CAN,Canada,A,Annual,EXP_HEALTH,Expenditure,USD_PPP_PS,"US dollars per person, PPP converted",HF21,Voluntary health insurance schemes,_Z,Not application,_T,Total,_T,Total,_T,Total,_Z,Not applicable,_Z,Not applicable,Q,Constant prices,2023,,770.299,,2020,,,,,,,,,,0,Units,1,One
DATAFLOW,OECD.ELS.HD:DSD_SHA@DF_SHA(1.1),Health expenditure and financing,I,CAN,Canada,A,Annual,EXP_HEALTH,Expenditure,USD_PPP_PS,"US dollars per person, PPP converted",HF2HF3,Voluntary schemes/household out-of-pocket payments,_Z,Not application,_T,Total,_T,Total,_T,Total,_Z,Not applicable,_Z,Not applicable,Q,Constant prices,2023,,1825.507,,2020,,,,,,,,,,0,Units,1,One
DATAFLOW,OECD.ELS.HD:DSD_SHA@DF_SHA(1.1),Health expenditure and financing,I,CAN,Canada,A,Annual,EXP_HEALTH,Expenditure,USD_PPP_PS,"US dollars per person, PPP converted",HF23,Enterprise financing schemes,_Z,Not application,_T,Total,_T,Total,_T,Total,_Z,Not applicable,_Z,Not applicable,Q,Constant prices,2023,,50.033,,2020,,,,,,,,,,0,Units,1,One
DATAFLOW,OECD.ELS.HD:DSD_SHA@DF_SHA(1.1),Health expenditure and financing,I,CAN,Canada,A,Annual,EXP_HEALTH,Expenditure,USD_PPP_PS,"US dollars per person, PPP converted",HF23,Enterprise financing schemes,_Z,Not application,_T,Total,_T,Total,_T,Total,_Z,Not applicable,_Z,Not applicable,Q,Constant prices,2024,,49.189,,2020,,,,,,,,,,0,Units,1,One
DATAFLOW,OECD.ELS.HD:DSD_SHA@DF_SHA(1.1),Health expenditure and financing,I,CAN,Canada,A,Annual,EXP_HEALTH,Expenditure,USD_PPP_PS,"US dollars per person, PPP converted",HF2HF3,Voluntary schemes/household out-of-pocket payments,_Z,Not application,_T,Total,_T,Total,_T,Total,_Z,Not applicable,_Z,Not applicable,Q,Constant prices,2024,,1801.886,,2020,,,,,,,,,,0,Units,1,One
DATAFLOW,OECD.ELS.HD:DSD_SHA@DF_SHA(1.1),Health expenditure and financing,I,CAN,Canada,A,Annual,EXP_HEALTH,Expenditure,USD_PPP_PS,"US dollars per person, PPP converted",HF21,Voluntary health insurance schemes,_Z,Not application,_T,Total,_T,Total,_T,Total,_Z,Not applicable,_Z,Not applicable,Q,Constant prices,2024,,767.23,,2020,,,,,,,,,,0,Units,1,One
DATAFLOW,OECD.ELS.HD:DSD_SHA@DF_SHA(1.1),Health expenditure and financing,I,CAN,Canada,A,Annual,EXP_HEALTH,Expenditure,USD_PPP_PS,"US dollars per person, PPP converted",HF121,Social health insurance schemes,_Z,Not application,_T,Total,_T,Total,_T,Total,_Z,Not applicable,_Z,Not applicable,Q,Constant prices,2024,,80.678,,2020,,,,,,,,,,0,Units,1,One
DATAFLOW,OECD.ELS.HD:DSD_SHA@DF_SHA(1.1),Health expenditure and financing,I,CAN,Canada,A,Annual,EXP_HEALTH,Expenditure,USD_PPP_PS,"US dollars per person, PPP converted",HF12HF13,Compulsory contributory health insurance schemes,_Z,Not application,_T,Total,_T,Total,_T,Total,_Z,Not applicable,_Z,Not applicable,Q,Constant prices,2024,,80.678,,2020,,,,,,,,,,0,Units,1,One
DATAFLOW,OECD.ELS.HD:DSD_SHA@DF_SHA(1.1),Health expenditure and financing,I,CAN,Canada,A,Annual,EXP_HEALTH,Expenditure,USD_PPP_PS,"US dollars per person, PPP converted",HF1,Government/compulsory schemes,_Z,Not application,_T,Total,_T,Total,_T,Total,_Z,Not applicable,_Z,Not applicable,Q,Constant prices,2024,,4329.374,,2020,,,,,,,,,,0,Units,1,One
DATAFLOW,OECD.ELS.HD:DSD_SHA@DF_SHA(1.1),Health expenditure and financing,I,CAN,Canada,A,Annual,EXP_HEALTH,Expenditure,USD_PPP_PS,"US dollars per person, PPP converted",HF11,Government schemes,_Z,Not application,_T,Total,_T,Total,_T,Total,_Z,Not applicable,_Z,Not applicable,Q,Constant prices,2024,,4248.696,,2020,,,,,,,,,,0,Units,1,One
DATAFLOW,OECD.ELS.HD:DSD_SHA@DF_SHA(1.1),Health expenditure and financing,I,CAN,Canada,A,Annual,EXP_HEALTH,Expenditure,USD_PPP_PS,"US dollars per person, PPP converted",_T,Total,_Z,Not application,_T,Total,_T,Total,_T,Total,_Z,Not applicable,_Z,Not applicable,Q,Constant prices,2024,,6131.261,,2020,,,,,,,,,,0,Units,1,One
DATAFLOW,OECD.ELS.HD:DSD_SHA@DF_SHA(1.1),Health expenditure and financing,I,CAN,Canada,A,Annual,EXP_HEALTH,Expenditure,USD_PPP_PS,"US dollars per person, PPP converted",HF22,NPISH financing schemes,_Z,Not application,_T,Total,_T,Total,_T,Total,_Z,Not applicable,_Z,Not applicable,Q,Constant prices,2024,,63.964,,2020,,,,,,,,,,0,Units,1,One
DATAFLOW,OECD.ELS.HD:DSD_SHA@DF_SHA(1.1),Health expenditure and financing,I,CAN,Canada,A,Annual,EXP_HEALTH,Expenditure,USD_PPP_PS,"US dollars per person, PPP converted",HF3,Household out-of-pocket payments,_Z,Not application,_T,Total,_T,Total,_T,Total,_Z,Not applicable,_Z,Not applicable,Q,Constant prices,2024,,921.503,,2020,,,,,,,,,,0,Units,1,One
DATAFLOW,OECD.ELS.HD:DSD_SHA@DF_SHA(1.1),Health expenditure and financing,I,CAN,Canada,A,Annual,EXP_HEALTH,Expenditure,USD_PPP_PS,"US dollars per person, PPP converted",HF2,Voluntary healthcare payment schemes,_Z,Not application,_T,Total,_T,Total,_T,Total,_Z,Not applicable,_Z,Not applicable,Q,Constant prices,2024,,880.383,,2020,,,,,,,,,,0,Units,1,One
DATAFLOW,OECD.ELS.HD:DSD_SHA@DF_SHA(1.1),Health expenditure and financing,I,CAN,Canada,A,Annual,EXP_HEALTH,Expenditure,USD_PPP_PS,"US dollars per person, PPP converted",HF23,Enterprise financing schemes,_Z,Not application,_T,Total,_T,Total,_T,Total,_Z,Not applicable,_Z,Not applicable,Q,Constant prices,2022,,43.793,,2020,,,,,,,,,,0,Units,1,One
DATAFLOW,OECD.ELS.HD:DSD_SHA@DF_SHA(1.1),Health expenditure and financing,I,CAN,Canada,A,Annual,EXP_HEALTH,Expenditure,USD_PPP_PS,"US dollars per person, PPP converted",HF2HF3,Voluntary schemes/household out-of-pocket payments,_Z,Not application,_T,Total,_T,Total,_T,Total,_Z,Not applicable,_Z,Not applicable,Q,Constant prices,2022,,1777.857,,2020,,,,,,,,,,0,Units,1,One
DATAFLOW,OECD.ELS.HD:DSD_SHA@DF_SHA(1.1),Health expenditure and financing,I,CAN,Canada,A,Annual,EXP_HEALTH,Expenditure,USD_PPP_PS,"US dollars per person, PPP converted",HF21,Voluntary health insurance schemes,_Z,Not application,_T,Total,_T,Total,_T,Total,_Z,Not applicable,_Z,Not applicable,Q,Constant prices,2022,,749.23,,2020,,,,,,,,,,0,Units,1,One
DATAFLOW,OECD.ELS.HD:DSD_SHA@DF_SHA(1.1),Health expenditure and financing,I,CAN,Canada,A,Annual,EXP_HEALTH,Expenditure,USD_PPP_PS,"US dollars per person, PPP converted",HF121,Social health insurance schemes,_Z,Not application,_T,Total,_T,Total,_T,Total,_Z,Not applicable,_Z,Not applicable,Q,Constant prices,2022,,82.614,,2020,,,,,,,,,,0,Units,1,One
DATAFLOW,OECD.ELS.HD:DSD_SHA@DF_SHA(1.1),Health expenditure and financing,I,CAN,Canada,A,Annual,EXP_HEALTH,Expenditure,USD_PPP_PS,"US dollars per person, PPP converted",HF12HF13,Compulsory contributory health insurance schemes,_Z,Not application,_T,Total,_T,Total,_T,Total,_Z,Not applicable,_Z,Not applicable,Q,Constant prices,2022,,82.614,,2020,,,,,,,,,,0,Units,1,One
DATAFLOW,OECD.ELS.HD:DSD_SHA@DF_SHA(1.1),Health expenditure and financing,I,CAN,Canada,A,Annual,EXP_HEALTH,Expenditure,USD_PPP_PS,"US dollars per person, PPP converted",HF1,Government/compulsory schemes,_Z,Not application,_T,Total,_T,Total,_T,Total,_Z,Not applicable,_Z,Not applicable,Q,Constant prices,2022,,4341.38,,2020,,,,,,,,,,0,Units,1,One
DATAFLOW,OECD.ELS.HD:DSD_SHA@DF_SHA(1.1),Health expenditure and financing,I,CAN,Canada,A,Annual,EXP_HEALTH,Expenditure,USD_PPP_PS,"US dollars per person, PPP converted",HF11,Government schemes,_Z,Not application,_T,Total,_T,Total,_T,Total,_Z,Not applicable,_Z,Not applicable,Q,Constant prices,2022,,4258.766,,2020,,,,,,,,,,0,Units,1,One
DATAFLOW,OECD.ELS.HD:DSD_SHA@DF_SHA(1.1),Health expenditure and financing,I,CAN,Canada,A,Annual,EXP_HEALTH,Expenditure,USD_PPP_PS,"US dollars per person, PPP converted",HF22,NPISH financing schemes,_Z,Not application,_T,Total,_T,Total,_T,Total,_Z,Not applicable,_Z,Not applicable,Q,Constant prices,2022,,67.399,,2020,,,,,,,,,,0,Units,1,One
DATAFLOW,OECD.ELS.HD:DSD_SHA@DF_SHA(1.1),Health expenditure and financing,I,CAN,Canada,A,Annual,EXP_HEALTH,Expenditure,USD_PPP_PS,"US dollars per person, PPP converted",HF3,Household out-of-pocket payments,_Z,Not application,_T,Total,_T,Total,_T,Total,_Z,Not applicable,_Z,Not applicable,Q,Constant prices,2022,,917.436,,2020,,,,,,,,,,0,Units,1,One
DATAFLOW,OECD.ELS.HD:DSD_SHA@DF_SHA(1.1),Health expenditure and financing,I,CAN,Canada,A,Annual,EXP_HEALTH,Expenditure,USD_PPP_PS,"US dollars per person, PPP converted",HF2,Voluntary healthcare payment schemes,_Z,Not application,_T,Total,_T,Total,_T,Total,_Z,Not applicable,_Z,Not applicable,Q,Constant prices,2022,,860.421,,2020,,,,,,,,,,0,Units,1,One
DATAFLOW,OECD.ELS.HD:DSD_SHA@DF_SHA(1.1),Health expenditure and financing,I,CAN,Canada,A,Annual,EXP_HEALTH,Expenditure,USD_PPP_PS,"US dollars per person, PPP converted",HF2HF3,Voluntary schemes/household out-of-pocket payments,_Z,Not application,_T,Total,_T,Total,_T,Total,_Z,Not applicable,_Z,Not applicable,Q,Constant prices,2021,,1784.202,,2020,,,,,,,,,,0,Units,1,One
DATAFLOW,OECD.ELS.HD:DSD_SHA@DF_SHA(1.1),Health expenditure and financing,I,CAN,Canada,A,Annual,EXP_HEALTH,Expenditure,USD_PPP_PS,"US dollars per person, PPP converted",HF23,Enterprise financing schemes,_Z,Not application,_T,Total,_T,Total,_T,Total,_Z,Not applicable,_Z,Not applicable,Q,Constant prices,2021,,40.233,,2020,,,,,,,,,,0,Units,1,One
DATAFLOW,OECD.ELS.HD:DSD_SHA@DF_SHA(1.1),Health expenditure and financing,I,CAN,Canada,A,Annual,EXP_HEALTH,Expenditure,USD_PPP_PS,"US dollars per person, PPP converted",HF2HF3,Voluntary schemes/household out-of-pocket payments,_Z,Not application,_T,Total,_T,Total,_T,Total,_Z,Not applicable,_Z,Not applicable,V,Current prices,2022,,2007.724,,,,,,,,,,,,0,Units,1,One
DATAFLOW,OECD.ELS.HD:DSD_SHA@DF_SHA(1.1),Health expenditure and financing,I,CAN,Canada,A,Annual,EXP_HEALTH,Expenditure,USD_PPP_PS,"US dollars per person, PPP converted",HF21,Voluntary health insurance schemes,_Z,Not application,_T,Total,_T,Total,_T,Total,_Z,Not applicable,_Z,Not applicable,V,Current prices,2022,,846.101,,,,,,,,,,,,0,Units,1,One
DATAFLOW,OECD.ELS.HD:DSD_SHA@DF_SHA(1.1),Health expenditure and financing,I,CAN,Canada,A,Annual,EXP_HEALTH,Expenditure,USD_PPP_PS,"US dollars per person, PPP converted",HF2,Voluntary healthcare payment schemes,_Z,Not application,_T,Total,_T,Total,_T,Total,_Z,Not applicable,_Z,Not applicable,V,Current prices,2022,,971.668,,,,,,,,,,,,0,Units,1,One
DATAFLOW,OECD.ELS.HD:DSD_SHA@DF_SHA(1.1),Health expenditure and financing,I,CAN,Canada,A,Annual,EXP_HEALTH,Expenditure,USD_PPP_PS,"US dollars per person, PPP converted",HF3,Household out-of-pocket payments,_Z,Not application,_T,Total,_T,Total,_T,Total,_Z,Not applicable,_Z,Not applicable,V,Current prices,2022,,1036.055,,,,,,,,,,,,0,Units,1,One
DATAFLOW,OECD.ELS.HD:DSD_SHA@DF_SHA(1.1),Health expenditure and financing,I,CAN,Canada,A,Annual,EXP_HEALTH,Expenditure,USD_PPP_PS,"US dollars per person, PPP converted",HF12HF13,Compulsory contributory health insurance schemes,_Z,Not application,_T,Total,_T,Total,_T,Total,_Z,Not applicable,_Z,Not applicable,V,Current prices,2022,,93.296,,,,,,,,,,,,0,Units,1,One
DATAFLOW,OECD.ELS.HD:DSD_SHA@DF_SHA(1.1),Health expenditure and financing,I,CAN,Canada,A,Annual,EXP_HEALTH,Expenditure,USD_PPP_PS,"US dollars per person, PPP converted",HF23,Enterprise financing schemes,_Z,Not application,_T,Total,_T,Total,_T,Total,_Z,Not applicable,_Z,Not applicable,V,Current prices,2022,,49.455,,,,,,,,,,,,0,Units,1,One
DATAFLOW,OECD.ELS.HD:DSD_SHA@DF_SHA(1.1),Health expenditure and financing,I,CAN,Canada,A,Annual,EXP_HEALTH,Expenditure,USD_PPP_PS,"US dollars per person, PPP converted",HF22,NPISH financing schemes,_Z,Not application,_T,Total,_T,Total,_T,Total,_Z,Not applicable,_Z,Not applicable,V,Current prices,2022,,76.113,,,,,,,,,,,,0,Units,1,One
DATAFLOW,OECD.ELS.HD:DSD_SHA@DF_SHA(1.1),Health expenditure and financing,I,CAN,Canada,A,Annual,EXP_HEALTH,Expenditure,USD_PPP_PS,"US dollars per person, PPP converted",HF121,Social health insurance schemes,_Z,Not application,_T,Total,_T,Total,_T,Total,_Z,Not applicable,_Z,Not applicable,V,Current prices,2022,,93.296,,,,,,,,,,,,0,Units,1,One
DATAFLOW,OECD.ELS.HD:DSD_SHA@DF_SHA(1.1),Health expenditure and financing,I,CAN,Canada,A,Annual,EXP_HEALTH,Expenditure,USD_PPP_PS,"US dollars per person, PPP converted",HF11,Government schemes,_Z,Not application,_T,Total,_T,Total,_T,Total,_Z,Not applicable,_Z,Not applicable,V,Current prices,2022,,4809.399,,,,,,,,,,,,0,Units,1,One
DATAFLOW,OECD.ELS.HD:DSD_SHA@DF_SHA(1.1),Health expenditure and financing,I,CAN,Canada,A,Annual,EXP_HEALTH,Expenditure,USD_PPP_PS,"US dollars per person, PPP converted",HF1,Government/compulsory schemes,_Z,Not application,_T,Total,_T,Total,_T,Total,_Z,Not applicable,_Z,Not applicable,V,Current prices,2022,,4902.695,,,,,,,,,,,,0,Units,1,One
DATAFLOW,OECD.ELS.HD:DSD_SHA@DF_SHA(1.1),Health expenditure and financing,I,CAN,Canada,A,Annual,EXP_HEALTH,Expenditure,USD_PPP_PS,"US dollars per person, PPP converted",HF2HF3,Voluntary schemes/household out-of-pocket payments,_Z,Not application,_T,Total,_T,Total,_T,Total,_Z,Not applicable,_Z,Not applicable,V,Current prices,2021,,1886.13,,,,,,,,,,,,0,Units,1,One
DATAFLOW,OECD.ELS.HD:DSD_SHA@DF_SHA(1.1),Health expenditure and financing,I,CAN,Canada,A,Annual,EXP_HEALTH,Expenditure,USD_PPP_PS,"US dollars per person, PPP converted",HF2HF3,Voluntary schemes/household out-of-pocket payments,_Z,Not application,_T,Total,_T,Total,_T,Total,_Z,Not applicable,_Z,Not applicable,V,Current prices,2024,,2166.595,,,,,,,,,,,,0,Units,1,One
DATAFLOW,OECD.ELS.HD:DSD_SHA@DF_SHA(1.1),Health expenditure and financing,I,CAN,Canada,A,Annual,EXP_HEALTH,Expenditure,USD_PPP_PS,"US dollars per person, PPP converted",HF21,Voluntary health insurance schemes,_Z,Not application,_T,Total,_T,Total,_T,Total,_Z,Not applicable,_Z,Not applicable,V,Current prices,2024,,922.52,,,,,,,,,,,,0,Units,1,One
DATAFLOW,OECD.ELS.HD:DSD_SHA@DF_SHA(1.1),Health expenditure and financing,I,CAN,Canada,A,Annual,EXP_HEALTH,Expenditure,USD_PPP_PS,"US dollars per person, PPP converted",HF2,Voluntary healthcare payment schemes,_Z,Not application,_T,Total,_T,Total,_T,Total,_Z,Not applicable,_Z,Not applicable,V,Current prices,2024,,1058.576,,,,,,,,,,,,0,Units,1,One
DATAFLOW,OECD.ELS.HD:DSD_SHA@DF_SHA(1.1),Health expenditure and financing,I,CAN,Canada,A,Annual,EXP_HEALTH,Expenditure,USD_PPP_PS,"US dollars per person, PPP converted",HF3,Household out-of-pocket payments,_Z,Not application,_T,Total,_T,Total,_T,Total,_Z,Not applicable,_Z,Not applicable,V,Current prices,2024,,1108.019,,,,,,,,,,,,0,Units,1,One
DATAFLOW,OECD.ELS.HD:DSD_SHA@DF_SHA(1.1),Health expenditure and financing,I,CAN,Canada,A,Annual,EXP_HEALTH,Expenditure,USD_PPP_PS,"US dollars per person, PPP converted",HF12HF13,Compulsory contributory health insurance schemes,_Z,Not application,_T,Total,_T,Total,_T,Total,_Z,Not applicable,_Z,Not applicable,V,Current prices,2024,,97.007,,,,,,,,,,,,0,Units,1,One
DATAFLOW,OECD.ELS.HD:DSD_SHA@DF_SHA(1.1),Health expenditure and financing,I,CAN,Canada,A,Annual,EXP_HEALTH,Expenditure,USD_PPP_PS,"US dollars per person, PPP converted",HF23,Enterprise financing schemes,_Z,Not application,_T,Total,_T,Total,_T,Total,_Z,Not applicable,_Z,Not applicable,V,Current prices,2024,,59.145,,,,,,,,,,,,0,Units,1,One
DATAFLOW,OECD.ELS.HD:DSD_SHA@DF_SHA(1.1),Health expenditure and financing,I,CAN,Canada,A,Annual,EXP_HEALTH,Expenditure,USD_PPP_PS,"US dollars per person, PPP converted",HF22,NPISH financing schemes,_Z,Not application,_T,Total,_T,Total,_T,Total,_Z,Not applicable,_Z,Not applicable,V,Current prices,2024,,76.911,,,,,,,,,,,,0,Units,1,One
DATAFLOW,OECD.ELS.HD:DSD_SHA@DF_SHA(1.1),Health expenditure and financing,I,CAN,Canada,A,Annual,EXP_HEALTH,Expenditure,USD_PPP_PS,"US dollars per person, PPP converted",_T,Total,_Z,Not application,_T,Total,_T,Total,_T,Total,_Z,Not applicable,_Z,Not applicable,V,Current prices,2024,,7372.25,,,,,,,,,,,,0,Units,1,One
DATAFLOW,OECD.ELS.HD:DSD_SHA@DF_SHA(1.1),Health expenditure and financing,I,CAN,Canada,A,Annual,EXP_HEALTH,Expenditure,USD_PPP_PS,"US dollars per person, PPP converted",HF121,Social health insurance schemes,_Z,Not application,_T,Total,_T,Total,_T,Total,_Z,Not applicable,_Z,Not applicable,V,Current prices,2024,,97.007,,,,,,,,,,,,0,Units,1,One
DATAFLOW,OECD.ELS.HD:DSD_SHA@DF_SHA(1.1),Health expenditure and financing,I,CAN,Canada,A,Annual,EXP_HEALTH,Expenditure,USD_PPP_PS,"US dollars per person, PPP converted",HF11,Government schemes,_Z,Not application,_T,Total,_T,Total,_T,Total,_Z,Not applicable,_Z,Not applicable,V,Current prices,2024,,5108.647,,,,,,,,,,,,0,Units,1,One
DATAFLOW,OECD.ELS.HD:DSD_SHA@DF_SHA(1.1),Health expenditure and financing,I,CAN,Canada,A,Annual,EXP_HEALTH,Expenditure,USD_PPP_PS,"US dollars per person, PPP converted",HF1,Government/compulsory schemes,_Z,Not application,_T,Total,_T,Total,_T,Total,_Z,Not applicable,_Z,Not applicable,V,Current prices,2024,,5205.655,,,,,,,,,,,,0,Units,1,One
DATAFLOW,OECD.ELS.HD:DSD_SHA@DF_SHA(1.1),Health expenditure and financing,I,CAN,Canada,A,Annual,EXP_HEALTH,Expenditure,USD_PPP_PS,"US dollars per person, PPP converted",HF1,Government/compulsory schemes,_Z,Not application,_T,Total,_T,Total,_T,Total,_Z,Not applicable,_Z,Not applicable,V,Current prices,2023,,5067.01,,,,,,,,,,,,0,Units,1,One
DATAFLOW,OECD.ELS.HD:DSD_SHA@DF_SHA(1.1),Health expenditure and financing,I,CAN,Canada,A,Annual,EXP_HEALTH,Expenditure,USD_PPP_PS,"US dollars per person, PPP converted",HF11,Government schemes,_Z,Not application,_T,Total,_T,Total,_T,Total,_Z,Not applicable,_Z,Not applicable,V,Current prices,2023,,4969.804,,,,,,,,,,,,0,Units,1,One
DATAFLOW,OECD.ELS.HD:DSD_SHA@DF_SHA(1.1),Health expenditure and financing,I,CAN,Canada,A,Annual,EXP_HEALTH,Expenditure,USD_PPP_PS,"US dollars per person, PPP converted",HF121,Social health insurance schemes,_Z,Not application,_T,Total,_T,Total,_T,Total,_Z,Not applicable,_Z,Not applicable,V,Current prices,2023,,97.206,,,,,,,,,,,,0,Units,1,One
DATAFLOW,OECD.ELS.HD:DSD_SHA@DF_SHA(1.1),Health expenditure and financing,I,CAN,Canada,A,Annual,EXP_HEALTH,Expenditure,USD_PPP_PS,"US dollars per person, PPP converted",_T,Total,_Z,Not application,_T,Total,_T,Total,_T,Total,_Z,Not applicable,_Z,Not applicable,V,Current prices,2023,,7208.115,,,,,,,,,,,,0,Units,1,One
DATAFLOW,OECD.ELS.HD:DSD_SHA@DF_SHA(1.1),Health expenditure and financing,I,CAN,Canada,A,Annual,EXP_HEALTH,Expenditure,USD_PPP_PS,"US dollars per person, PPP converted",HF22,NPISH financing schemes,_Z,Not application,_T,Total,_T,Total,_T,Total,_Z,Not applicable,_Z,Not applicable,V,Current prices,2023,,78.825,,,,,,,,,,,,0,Units,1,One
DATAFLOW,OECD.ELS.HD:DSD_SHA@DF_SHA(1.1),Health expenditure and financing,I,CAN,Canada,A,Annual,EXP_HEALTH,Expenditure,USD_PPP_PS,"US dollars per person, PPP converted",HF23,Enterprise financing schemes,_Z,Not application,_T,Total,_T,Total,_T,Total,_Z,Not applicable,_Z,Not applicable,V,Current prices,2023,,58.683,,,,,,,,,,,,0,Units,1,One
DATAFLOW,OECD.ELS.HD:DSD_SHA@DF_SHA(1.1),Health expenditure and financing,I,CAN,Canada,A,Annual,EXP_HEALTH,Expenditure,USD_PPP_PS,"US dollars per person, PPP converted",HF12HF13,Compulsory contributory health insurance schemes,_Z,Not application,_T,Total,_T,Total,_T,Total,_Z,Not applicable,_Z,Not applicable,V,Current prices,2023,,97.206,,,,,,,,,,,,0,Units,1,One
DATAFLOW,OECD.ELS.HD:DSD_SHA@DF_SHA(1.1),Health expenditure and financing,I,CAN,Canada,A,Annual,EXP_HEALTH,Expenditure,USD_PPP_PS,"US dollars per person, PPP converted",HF3,Household out-of-pocket payments,_Z,Not application,_T,Total,_T,Total,_T,Total,_Z,Not applicable,_Z,Not applicable,V,Current prices,2023,,1100.127,,,,,,,,,,,,0,Units,1,One
DATAFLOW,OECD.ELS.HD:DSD_SHA@DF_SHA(1.1),Health expenditure and financing,I,CAN,Canada,A,Annual,EXP_HEALTH,Expenditure,USD_PPP_PS,"US dollars per person, PPP converted",HF2,Voluntary healthcare payment schemes,_Z,Not application,_T,Total,_T,Total,_T,Total,_Z,Not applicable,_Z,Not applicable,V,Current prices,2023,,1040.978,,,,,,,,,,,,0,Units,1,One
DATAFLOW,OECD.ELS.HD:DSD_SHA@DF_SHA(1.1),Health expenditure and financing,I,CAN,Canada,A,Annual,EXP_HEALTH,Expenditure,USD_PPP_PS,"US dollars per person, PPP converted",HF21,Voluntary health insurance schemes,_Z,Not application,_T,Total,_T,Total,_T,Total,_Z,Not applicable,_Z,Not applicable,V,Current prices,2023,,903.47,,,,,,,,,,,,0,Units,1,One
DATAFLOW,OECD.ELS.HD:DSD_SHA@DF_SHA(1.1),Health expenditure and financing,I,CAN,Canada,A,Annual,EXP_HEALTH,Expenditure,USD_PPP_PS,"US dollars per person, PPP converted",HF2HF3,Voluntary schemes/household out-of-pocket payments,_Z,Not application,_T,Total,_T,Total,_T,Total,_Z,Not applicable,_Z,Not applicable,V,Current prices,2023,,2141.105,,,,,,,,,,,,0,Units,1,One
DATAFLOW,OECD.ELS.HD:DSD_SHA@DF_SHA(1.1),Health expenditure and financing,I,DEU,Germany,A,Annual,EXP_HEALTH,Expenditure,USD_PPP_PS,"US dollars per person, PPP converted",HF121,Social health insurance schemes,_Z,Not application,_T,Total,_T,Total,_T,Total,_Z,Not applicable,_Z,Not applicable,V,Current prices,2022,,5987.72,,,,,,,,,,,,0,Units,1,One
DATAFLOW,OECD.ELS.HD:DSD_SHA@DF_SHA(1.1),Health expenditure and financing,I,DEU,Germany,A,Annual,EXP_HEALTH,Expenditure,USD_PPP_PS,"US dollars per person, PPP converted",_T,Total,_Z,Not application,_T,Total,_T,Total,_T,Total,_Z,Not applicable,_Z,Not applicable,V,Current prices,2022,,8792.414,,,,,,,,,,,,0,Units,1,One
DATAFLOW,OECD.ELS.HD:DSD_SHA@DF_SHA(1.1),Health expenditure and financing,I,DEU,Germany,A,Annual,EXP_HEALTH,Expenditure,USD_PPP_PS,"US dollars per person, PPP converted",HF21,Voluntary health insurance schemes,_Z,Not application,_T,Total,_T,Total,_T,Total,_Z,Not applicable,_Z,Not applicable,V,Current prices,2022,,110.941,,,,,,,,,,,,0,Units,1,One
DATAFLOW,OECD.ELS.HD:DSD_SHA@DF_SHA(1.1),Health expenditure and financing,I,DEU,Germany,A,Annual,EXP_HEALTH,Expenditure,USD_PPP_PS,"US dollars per person, PPP converted",HF122,Compulsory private insurance schemes,_Z,Not application,_T,Total,_T,Total,_T,Total,_Z,Not applicable,_Z,Not applicable,V,Current prices,2022,,578.286,,,,,,,,,,,,0,Units,1,One
DATAFLOW,OECD.ELS.HD:DSD_SHA@DF_SHA(1.1),Health expenditure and financing,I,DEU,Germany,A,Annual,EXP_HEALTH,Expenditure,USD_PPP_PS,"US dollars per person, PPP converted",HF11,Government schemes,_Z,Not application,_T,Total,_T,Total,_T,Total,_Z,Not applicable,_Z,Not applicable,V,Current prices,2022,,1057.635,,,,,,,,,,,,0,Units,1,One
DATAFLOW,OECD.ELS.HD:DSD_SHA@DF_SHA(1.1),Health expenditure and financing,I,DEU,Germany,A,Annual,EXP_HEALTH,Expenditure,USD_PPP_PS,"US dollars per person, PPP converted",HF23,Enterprise financing schemes,_Z,Not application,_T,Total,_T,Total,_T,Total,_Z,Not applicable,_Z,Not applicable,V,Current prices,2022,,38.575,,,,,,,,,,,,0,Units,1,One
DATAFLOW,OECD.ELS.HD:DSD_SHA@DF_SHA(1.1),Health expenditure and financing,I,DEU,Germany,A,Annual,EXP_HEALTH,Expenditure,USD_PPP_PS,"US dollars per person, PPP converted",HF1,Government/compulsory schemes,_Z,Not application,_T,Total,_T,Total,_T,Total,_Z,Not applicable,_Z,Not applicable,V,Current prices,2022,,7623.623,,,,,,,,,,,,0,Units,1,One
DATAFLOW,OECD.ELS.HD:DSD_SHA@DF_SHA(1.1),Health expenditure and financing,I,DEU,Germany,A,Annual,EXP_HEALTH,Expenditure,USD_PPP_PS,"US dollars per person, PPP converted",HF3,Household out-of-pocket payments,_Z,Not application,_T,Total,_T,Total,_T,Total,_Z,Not applicable,_Z,Not applicable,V,Current prices,2022,,914.21,,,,,,,,,,,,0,Units,1,One
DATAFLOW,OECD.ELS.HD:DSD_SHA@DF_SHA(1.1),Health expenditure and financing,I,DEU,Germany,A,Annual,EXP_HEALTH,Expenditure,USD_PPP_PS,"US dollars per person, PPP converted",HF12HF13,Compulsory contributory health insurance schemes,_Z,Not application,_T,Total,_T,Total,_T,Total,_Z,Not applicable,_Z,Not applicable,V,Current prices,2022,,6565.988,,,,,,,,,,,,0,Units,1,One
DATAFLOW,OECD.ELS.HD:DSD_SHA@DF_SHA(1.1),Health expenditure and financing,I,DEU,Germany,A,Annual,EXP_HEALTH,Expenditure,USD_PPP_PS,"US dollars per person, PPP converted",HF22,NPISH financing schemes,_Z,Not application,_T,Total,_T,Total,_T,Total,_Z,Not applicable,_Z,Not applicable,V,Current prices,2022,,105.083,,,,,,,,,,,,0,Units,1,One
DATAFLOW,OECD.ELS.HD:DSD_SHA@DF_SHA(1.1),Health expenditure and financing,I,DEU,Germany,A,Annual,EXP_HEALTH,Expenditure,USD_PPP_PS,"US dollars per person, PPP converted",HF2HF3,Voluntary schemes/household out-of-pocket payments,_Z,Not application,_T,Total,_T,Total,_T,Total,_Z,Not applicable,_Z,Not applicable,V,Current prices,2022,,1168.791,,,,,,,,,,,,0,Units,1,One
DATAFLOW,OECD.ELS.HD:DSD_SHA@DF_SHA(1.1),Health expenditure and financing,I,DEU,Germany,A,Annual,EXP_HEALTH,Expenditure,USD_PPP_PS,"US dollars per person, PPP converted",HF2,Voluntary healthcare payment schemes,_Z,Not application,_T,Total,_T,Total,_T,Total,_Z,Not applicable,_Z,Not applicable,V,Current prices,2022,,254.581,,,,,,,,,,,,0,Units,1,One
DATAFLOW,OECD.ELS.HD:DSD_SHA@DF_SHA(1.1),Health expenditure and financing,I,DEU,Germany,A,Annual,EXP_HEALTH,Expenditure,USD_PPP_PS,"US dollars per person, PPP converted",HF2,Voluntary healthcare payment schemes,_Z,Not application,_T,Total,_T,Total,_T,Total,_Z,Not applicable,_Z,Not applicable,V,Current prices,2019,,202.167,,,,,,,,,,,,0,Units,1,One
DATAFLOW,OECD.ELS.HD:DSD_SHA@DF_SHA(1.1),Health expenditure and financing,I,DEU,Germany,A,Annual,EXP_HEALTH,Expenditure,USD_PPP_PS,"US dollars per person, PPP converted",HF2HF3,Voluntary schemes/household out-of-pocket payments,_Z,Not application,_T,Total,_T,Total,_T,Total,_Z,Not applicable,_Z,Not applicable,V,Current prices,2019,,1041.891,,,,,,,,,,,,0,Units,1,One
DATAFLOW,OECD.ELS.HD:DSD_SHA@DF_SHA(1.1),Health expenditure and financing,I,DEU,Germany,A,Annual,EXP_HEALTH,Expenditure,USD_PPP_PS,"US dollars per person, PPP converted",HF22,NPISH financing schemes,_Z,Not application,_T,Total,_T,Total,_T,Total,_Z,Not applicable,_Z,Not applicable,V,Current prices,2019,,76.09,,,,,,,,,,,,0,Units,1,One
DATAFLOW,OECD.ELS.HD:DSD_SHA@DF_SHA(1.1),Health expenditure and financing,I,DEU,Germany,A,Annual,EXP_HEALTH,Expenditure,USD_PPP_PS,"US dollars per person, PPP converted",HF12HF13,Compulsory contributory health insurance schemes,_Z,Not application,_T,Total,_T,Total,_T,Total,_Z,Not applicable,_Z,Not applicable,V,Current prices,2019,,5290.516,,,,,,,,,,,,0,Units,1,One
DATAFLOW,OECD.ELS.HD:DSD_SHA@DF_SHA(1.1),Health expenditure and financing,I,DEU,Germany,A,Annual,EXP_HEALTH,Expenditure,USD_PPP_PS,"US dollars per person, PPP converted",HF3,Household out-of-pocket payments,_Z,Not application,_T,Total,_T,Total,_T,Total,_Z,Not applicable,_Z,Not applicable,V,Current prices,2019,,839.724,,,,,,,,,,,,0,Units,1,One
DATAFLOW,OECD.ELS.HD:DSD_SHA@DF_SHA(1.1),Health expenditure and financing,I,DEU,Germany,A,Annual,EXP_HEALTH,Expenditure,USD_PPP_PS,"US dollars per person, PPP converted",HF1,Government/compulsory schemes,_Z,Not application,_T,Total,_T,Total,_T,Total,_Z,Not applicable,_Z,Not applicable,V,Current prices,2019,,5743.51,,,,,,,,,,,,0,Units,1,One
DATAFLOW,OECD.ELS.HD:DSD_SHA@DF_SHA(1.1),Health expenditure and financing,I,DEU,Germany,A,Annual,EXP_HEALTH,Expenditure,USD_PPP_PS,"US dollars per person, PPP converted",HF23,Enterprise financing schemes,_Z,Not application,_T,Total,_T,Total,_T,Total,_Z,Not applicable,_Z,Not applicable,V,Current prices,2019,,31.763,,,,,,,,,,,,0,Units,1,One
DATAFLOW,OECD.ELS.HD:DSD_SHA@DF_SHA(1.1),Health expenditure and financing,I,DEU,Germany,A,Annual,EXP_HEALTH,Expenditure,USD_PPP_PS,"US dollars per person, PPP converted",HF11,Government schemes,_Z,Not application,_T,Total,_T,Total,_T,Total,_Z,Not applicable,_Z,Not applicable,V,Current prices,2019,,452.977,,,,,,,,,,,,0,Units,1,One
DATAFLOW,OECD.ELS.HD:DSD_SHA@DF_SHA(1.1),Health expenditure and financing,I,DEU,Germany,A,Annual,EXP_HEALTH,Expenditure,USD_PPP_PS,"US dollars per person, PPP converted",HF122,Compulsory private insurance schemes,_Z,Not application,_T,Total,_T,Total,_T,Total,_Z,Not applicable,_Z,Not applicable,V,Current prices,2019,,486.991,,,,,,,,,,,,0,Units,1,One
DATAFLOW,OECD.ELS.HD:DSD_SHA@DF_SHA(1.1),Health expenditure and financing,I,DEU,Germany,A,Annual,EXP_HEALTH,Expenditure,USD_PPP_PS,"US dollars per person, PPP converted",HF21,Voluntary health insurance schemes,_Z,Not application,_T,Total,_T,Total,_T,Total,_Z,Not applicable,_Z,Not applicable,V,Current prices,2019,,94.314,,,,,,,,,,,,0,Units,1,One
DATAFLOW,OECD.ELS.HD:DSD_SHA@DF_SHA(1.1),Health expenditure and financing,I,DEU,Germany,A,Annual,EXP_HEALTH,Expenditure,USD_PPP_PS,"US dollars per person, PPP converted",_T,Total,_Z,Not application,_T,Total,_T,Total,_T,Total,_Z,Not applicable,_Z,Not applicable,V,Current prices,2019,,6785.384,,,,,,,,,,,,0,Units,1,One
DATAFLOW,OECD.ELS.HD:DSD_SHA@DF_SHA(1.1),Health expenditure and financing,I,DEU,Germany,A,Annual,EXP_HEALTH,Expenditure,USD_PPP_PS,"US dollars per person, PPP converted",HF121,Social health insurance schemes,_Z,Not application,_T,Total,_T,Total,_T,Total,_Z,Not applicable,_Z,Not applicable,V,Current prices,2019,,4803.525,,,,,,,,,,,,0,Units,1,One
DATAFLOW,OECD.ELS.HD:DSD_SHA@DF_SHA(1.1),Health expenditure and financing,I,DEU,Germany,A,Annual,EXP_HEALTH,Expenditure,USD_PPP_PS,"US dollars per person, PPP converted",HF121,Social health insurance schemes,_Z,Not application,_T,Total,_T,Total,_T,Total,_Z,Not applicable,_Z,Not applicable,V,Current prices,2020,,5118.319,,,,,,,,,,,,0,Units,1,One
DATAFLOW,OECD.ELS.HD:DSD_SHA@DF_SHA(1.1),Health expenditure and financing,I,DEU,Germany,A,Annual,EXP_HEALTH,Expenditure,USD_PPP_PS,"US dollars per person, PPP converted",_T,Total,_Z,Not application,_T,Total,_T,Total,_T,Total,_Z,Not applicable,_Z,Not applicable,V,Current prices,2020,,7362.902,,,,,,,,,,,,0,Units,1,One
DATAFLOW,OECD.ELS.HD:DSD_SHA@DF_SHA(1.1),Health expenditure and financing,I,DEU,Germany,A,Annual,EXP_HEALTH,Expenditure,USD_PPP_PS,"US dollars per person, PPP converted",HF21,Voluntary health insurance schemes,_Z,Not application,_T,Total,_T,Total,_T,Total,_Z,Not applicable,_Z,Not applicable,V,Current prices,2020,,95.818,,,,,,,,,,,,0,Units,1,One
DATAFLOW,OECD.ELS.HD:DSD_SHA@DF_SHA(1.1),Health expenditure and financing,I,DEU,Germany,A,Annual,EXP_HEALTH,Expenditure,USD_PPP_PS,"US dollars per person, PPP converted",HF122,Compulsory private insurance schemes,_Z,Not application,_T,Total,_T,Total,_T,Total,_Z,Not applicable,_Z,Not applicable,V,Current prices,2020,,509.911,,,,,,,,,,,,0,Units,1,One
DATAFLOW,OECD.ELS.HD:DSD_SHA@DF_SHA(1.1),Health expenditure and financing,I,DEU,Germany,A,Annual,EXP_HEALTH,Expenditure,USD_PPP_PS,"US dollars per person, PPP converted",HF11,Government schemes,_Z,Not application,_T,Total,_T,Total,_T,Total,_Z,Not applicable,_Z,Not applicable,V,Current prices,2020,,686.445,,,,,,,,,,,,0,Units,1,One
DATAFLOW,OECD.ELS.HD:DSD_SHA@DF_SHA(1.1),Health expenditure and financing,I,DEU,Germany,A,Annual,EXP_HEALTH,Expenditure,USD_PPP_PS,"US dollars per person, PPP converted",HF23,Enterprise financing schemes,_Z,Not application,_T,Total,_T,Total,_T,Total,_Z,Not applicable,_Z,Not applicable,V,Current prices,2020,,33.577,,,,,,,,,,,,0,Units,1,One
DATAFLOW,OECD.ELS.HD:DSD_SHA@DF_SHA(1.1),Health expenditure and financing,I,DEU,Germany,A,Annual,EXP_HEALTH,Expenditure,USD_PPP_PS,"US dollars per person, PPP converted",HF1,Government/compulsory schemes,_Z,Not application,_T,Total,_T,Total,_T,Total,_Z,Not applicable,_Z,Not applicable,V,Current prices,2020,,6314.691,,,,,,,,,,,,0,Units,1,One
DATAFLOW,OECD.ELS.HD:DSD_SHA@DF_SHA(1.1),Health expenditure and financing,I,DEU,Germany,A,Annual,EXP_HEALTH,Expenditure,USD_PPP_PS,"US dollars per person, PPP converted",HF3,Household out-of-pocket payments,_Z,Not application,_T,Total,_T,Total,_T,Total,_Z,Not applicable,_Z,Not applicable,V,Current prices,2020,,835.36,,,,,,,,,,,,0,Units,1,One
DATAFLOW,OECD.ELS.HD:DSD_SHA@DF_SHA(1.1),Health expenditure and financing,I,DEU,Germany,A,Annual,EXP_HEALTH,Expenditure,USD_PPP_PS,"US dollars per person, PPP converted",HF12HF13,Compulsory contributory health insurance schemes,_Z,Not application,_T,Total,_T,Total,_T,Total,_Z,Not applicable,_Z,Not applicable,V,Current prices,2020,,5628.246,,,,,,,,,,,,0,Units,1,One
DATAFLOW,OECD.ELS.HD:DSD_SHA@DF_SHA(1.1),Health expenditure and financing,I,DEU,Germany,A,Annual,EXP_HEALTH,Expenditure,USD_PPP_PS,"US dollars per person, PPP converted",HF22,NPISH financing schemes,_Z,Not application,_T,Total,_T,Total,_T,Total,_Z,Not applicable,_Z,Not applicable,V,Current prices,2020,,83.455,,,,,,,,,,,,0,Units,1,One
DATAFLOW,OECD.ELS.HD:DSD_SHA@DF_SHA(1.1),Health expenditure and financing,I,DEU,Germany,A,Annual,EXP_HEALTH,Expenditure,USD_PPP_PS,"US dollars per person, PPP converted",HF2HF3,Voluntary schemes/household out-of-pocket payments,_Z,Not application,_T,Total,_T,Total,_T,Total,_Z,Not applicable,_Z,Not applicable,V,Current prices,2020,,1048.211,,,,,,,,,,,,0,Units,1,One
DATAFLOW,OECD.ELS.HD:DSD_SHA@DF_SHA(1.1),Health expenditure and financing,I,DEU,Germany,A,Annual,EXP_HEALTH,Expenditure,USD_PPP_PS,"US dollars per person, PPP converted",HF2,Voluntary healthcare payment schemes,_Z,Not application,_T,Total,_T,Total,_T,Total,_Z,Not applicable,_Z,Not applicable,V,Current prices,2020,,212.851,,,,,,,,,,,,0,Units,1,One
DATAFLOW,OECD.ELS.HD:DSD_SHA@DF_SHA(1.1),Health expenditure and financing,I,DEU,Germany,A,Annual,EXP_HEALTH,Expenditure,USD_PPP_PS,"US dollars per person, PPP converted",HF22,NPISH financing schemes,_Z,Not application,_T,Total,_T,Total,_T,Total,_Z,Not applicable,_Z,Not applicable,V,Current prices,2018,,74.741,,,,,,,,,,,,0,Units,1,One
DATAFLOW,OECD.ELS.HD:DSD_SHA@DF_SHA(1.1),Health expenditure and financing,I,DEU,Germany,A,Annual,EXP_HEALTH,Expenditure,USD_PPP_PS,"US dollars per person, PPP converted",HF2HF3,Voluntary schemes/household out-of-pocket payments,_Z,Not application,_T,Total,_T,Total,_T,Total,_Z,Not applicable,_Z,Not applicable,V,Current prices,2018,,954.718,,,,,,,,,,,,0,Units,1,One
DATAFLOW,OECD.ELS.HD:DSD_SHA@DF_SHA(1.1),Health expenditure and financing,I,DEU,Germany,A,Annual,EXP_HEALTH,Expenditure,USD_PPP_PS,"US dollars per person, PPP converted",HF2,Voluntary healthcare payment schemes,_Z,Not application,_T,Total,_T,Total,_T,Total,_Z,Not applicable,_Z,Not applicable,V,Current prices,2018,,194.089,,,,,,,,,,,,0,Units,1,One
DATAFLOW,OECD.ELS.HD:DSD_SHA@DF_SHA(1.1),Health expenditure and financing,I,DEU,Germany,A,Annual,EXP_HEALTH,Expenditure,USD_PPP_PS,"US dollars per person, PPP converted",HF2,Voluntary healthcare payment schemes,_Z,Not application,_T,Total,_T,Total,_T,Total,_Z,Not applicable,_Z,Not applicable,V,Current prices,2023,,270.051,,,,,,,,,,,,0,Units,1,One
DATAFLOW,OECD.ELS.HD:DSD_SHA@DF_SHA(1.1),Health expenditure and financing,I,DEU,Germany,A,Annual,EXP_HEALTH,Expenditure,USD_PPP_PS,"US dollars per person, PPP converted",HF2,Voluntary healthcare payment schemes,_Z,Not application,_T,Total,_T,Total,_T,Total,_Z,Not applicable,_Z,Not applicable,V,Current prices,2021,,225.726,,,,,,,,,,,,0,Units,1,One
DATAFLOW,OECD.ELS.HD:DSD_SHA@DF_SHA(1.1),Health expenditure and financing,I,DEU,Germany,A,Annual,EXP_HEALTH,Expenditure,USD_PPP_PS,"US dollars per person, PPP converted",HF2HF3,Voluntary schemes/household out-of-pocket payments,_Z,Not application,_T,Total,_T,Total,_T,Total,_Z,Not applicable,_Z,Not applicable,V,Current prices,2021,,1146.716,,,,,,,,,,,,0,Units,1,One
DATAFLOW,OECD.ELS.HD:DSD_SHA@DF_SHA(1.1),Health expenditure and financing,I,DEU,Germany,A,Annual,EXP_HEALTH,Expenditure,USD_PPP_PS,"US dollars per person, PPP converted",HF22,NPISH financing schemes,_Z,Not application,_T,Total,_T,Total,_T,Total,_Z,Not applicable,_Z,Not applicable,V,Current prices,2021,,88.631,,,,,,,,,,,,0,Units,1,One
DATAFLOW,OECD.ELS.HD:DSD_SHA@DF_SHA(1.1),Health expenditure and financing,I,DEU,Germany,A,Annual,EXP_HEALTH,Expenditure,USD_PPP_PS,"US dollars per person, PPP converted",HF12HF13,Compulsory contributory health insurance schemes,_Z,Not application,_T,Total,_T,Total,_T,Total,_Z,Not applicable,_Z,Not applicable,V,Current prices,2021,,6033.195,,,,,,,,,,,,0,Units,1,One
DATAFLOW,OECD.ELS.HD:DSD_SHA@DF_SHA(1.1),Health expenditure and financing,I,DEU,Germany,A,Annual,EXP_HEALTH,Expenditure,USD_PPP_PS,"US dollars per person, PPP converted",HF3,Household out-of-pocket payments,_Z,Not application,_T,Total,_T,Total,_T,Total,_Z,Not applicable,_Z,Not applicable,V,Current prices,2021,,920.989,,,,,,,,,,,,0,Units,1,One
DATAFLOW,OECD.ELS.HD:DSD_SHA@DF_SHA(1.1),Health expenditure and financing,I,DEU,Germany,A,Annual,EXP_HEALTH,Expenditure,USD_PPP_PS,"US dollars per person, PPP converted",HF1,Government/compulsory schemes,_Z,Not application,_T,Total,_T,Total,_T,Total,_Z,Not applicable,_Z,Not applicable,V,Current prices,2021,,6956.713,,,,,,,,,,,,0,Units,1,One
DATAFLOW,OECD.ELS.HD:DSD_SHA@DF_SHA(1.1),Health expenditure and financing,I,DEU,Germany,A,Annual,EXP_HEALTH,Expenditure,USD_PPP_PS,"US dollars per person, PPP converted",HF23,Enterprise financing schemes,_Z,Not application,_T,Total,_T,Total,_T,Total,_Z,Not applicable,_Z,Not applicable,V,Current prices,2021,,35.387,,,,,,,,,,,,0,Units,1,One
DATAFLOW,OECD.ELS.HD:DSD_SHA@DF_SHA(1.1),Health expenditure and financing,I,DEU,Germany,A,Annual,EXP_HEALTH,Expenditure,USD_PPP_PS,"US dollars per person, PPP converted",HF11,Government schemes,_Z,Not application,_T,Total,_T,Total,_T,Total,_Z,Not applicable,_Z,Not applicable,V,Current prices,2021,,923.518,,,,,,,,,,,,0,Units,1,One
DATAFLOW,OECD.ELS.HD:DSD_SHA@DF_SHA(1.1),Health expenditure and financing,I,DEU,Germany,A,Annual,EXP_HEALTH,Expenditure,USD_PPP_PS,"US dollars per person, PPP converted",HF122,Compulsory private insurance schemes,_Z,Not application,_T,Total,_T,Total,_T,Total,_Z,Not applicable,_Z,Not applicable,V,Current prices,2021,,533.779,,,,,,,,,,,,0,Units,1,One
DATAFLOW,OECD.ELS.HD:DSD_SHA@DF_SHA(1.1),Health expenditure and financing,I,DEU,Germany,A,Annual,EXP_HEALTH,Expenditure,USD_PPP_PS,"US dollars per person, PPP converted",HF21,Voluntary health insurance schemes,_Z,Not application,_T,Total,_T,Total,_T,Total,_Z,Not applicable,_Z,Not applicable,V,Current prices,2021,,101.709,,,,,,,,,,,,0,Units,1,One
DATAFLOW,OECD.ELS.HD:DSD_SHA@DF_SHA(1.1),Health expenditure and financing,I,DEU,Germany,A,Annual,EXP_HEALTH,Expenditure,USD_PPP_PS,"US dollars per person, PPP converted",_T,Total,_Z,Not application,_T,Total,_T,Total,_T,Total,_Z,Not applicable,_Z,Not applicable,V,Current prices,2021,,8103.429,,,,,,,,,,,,0,Units,1,One
DATAFLOW,OECD.ELS.HD:DSD_SHA@DF_SHA(1.1),Health expenditure and financing,I,DEU,Germany,A,Annual,EXP_HEALTH,Expenditure,USD_PPP_PS,"US dollars per person, PPP converted",HF121,Social health insurance schemes,_Z,Not application,_T,Total,_T,Total,_T,Total,_Z,Not applicable,_Z,Not applicable,V,Current prices,2021,,5499.416,,,,,,,,,,,,0,Units,1,One
DATAFLOW,OECD.ELS.HD:DSD_SHA@DF_SHA(1.1),Health expenditure and financing,I,KOR,Korea,A,Annual,EXP_HEALTH,Expenditure,USD_PPP_PS,"US dollars per person, PPP converted",_T,Total,_Z,Not application,_T,Total,_T,Total,_T,Total,_Z,Not applicable,_Z,Not applicable,Q,Constant prices,2015,,2683.729,,2020,,,,,,,,,,0,Units,1,One
DATAFLOW,OECD.ELS.HD:DSD_SHA@DF_SHA(1.1),Health expenditure and financing,I,KOR,Korea,A,Annual,EXP_HEALTH,Expenditure,USD_PPP_PS,"US dollars per person, PPP converted",_T,Total,_Z,Not application,_T,Total,_T,Total,_T,Total,_Z,Not applicable,_Z,Not applicable,Q,Constant prices,2016,,2850.466,,2020,,,,,,,,,,0,Units,1,One
DATAFLOW,OECD.ELS.HD:DSD_SHA@DF_SHA(1.1),Health expenditure and financing,I,KOR,Korea,A,Annual,EXP_HEALTH,Expenditure,USD_PPP_PS,"US dollars per person, PPP converted",_T,Total,_Z,Not application,_T,Total,_T,Total,_T,Total,_Z,Not applicable,_Z,Not applicable,Q,Constant prices,2017,,3008.663,,2020,,,,,,,,,,0,Units,1,One
DATAFLOW,OECD.ELS.HD:DSD_SHA@DF_SHA(1.1),Health expenditure and financing,I,KOR,Korea,A,Annual,EXP_HEALTH,Expenditure,USD_PPP_PS,"US dollars per person, PPP converted",_T,Total,_Z,Not application,_T,Total,_T,Total,_T,Total,_Z,Not applicable,_Z,Not applicable,Q,Constant prices,2018,,3214.47,,2020,,,,,,,,,,0,Units,1,One
DATAFLOW,OECD.ELS.HD:DSD_SHA@DF_SHA(1.1),Health expenditure and financing,I,KOR,Korea,A,Annual,EXP_HEALTH,Expenditure,USD_PPP_PS,"US dollars per person, PPP converted",_T,Total,_Z,Not application,_T,Total,_T,Total,_T,Total,_Z,Not applicable,_Z,Not applicable,Q,Constant prices,2019,,3478.146,,2020,,,,,,,,,,0,Units,1,One
DATAFLOW,OECD.ELS.HD:DSD_SHA@DF_SHA(1.1),Health expenditure and financing,I,KOR,Korea,A,Annual,EXP_HEALTH,Expenditure,USD_PPP_PS,"US dollars per person, PPP converted",_T,Total,_Z,Not application,_T,Total,_T,Total,_T,Total,_Z,Not applicable,_Z,Not applicable,Q,Constant prices,2020,,3618.078,,2020,,,,,,,,,,0,Units,1,One
DATAFLOW,OECD.ELS.HD:DSD_SHA@DF_SHA(1.1),Health expenditure and financing,I,KOR,Korea,A,Annual,EXP_HEALTH,Expenditure,USD_PPP_PS,"US dollars per person, PPP converted",_T,Total,_Z,Not application,_T,Total,_T,Total,_T,Total,_Z,Not applicable,_Z,Not applicable,Q,Constant prices,2021,,3957.977,,2020,,,,,,,,,,0,Units,1,One
DATAFLOW,OECD.ELS.HD:DSD_SHA@DF_SHA(1.1),Health expenditure and financing,I,KOR,Korea,A,Annual,EXP_HEALTH,Expenditure,USD_PPP_PS,"US dollars per person, PPP converted",_T,Total,_Z,Not application,_T,Total,_T,Total,_T,Total,_Z,Not applicable,_Z,Not applicable,Q,Constant prices,2022,,4220.068,,2020,,,,,,,,,,0,Units,1,One
DATAFLOW,OECD.ELS.HD:DSD_SHA@DF_SHA(1.1),Health expenditure and financing,I,KOR,Korea,A,Annual,EXP_HEALTH,Expenditure,USD_PPP_PS,"US dollars per person, PPP converted",_T,Total,_Z,Not application,_T,Total,_T,Total,_T,Total,_Z,Not applicable,_Z,Not applicable,Q,Constant prices,2023,,4043.774,,2020,,,,,,,,,,0,Units,1,One
DATAFLOW,OECD.ELS.HD:DSD_SHA@DF_SHA(1.1),Health expenditure and financing,I,KOR,Korea,A,Annual,EXP_HEALTH,Expenditure,USD_PPP_PS,"US dollars per person, PPP converted",_T,Total,_Z,Not application,_T,Total,_T,Total,_T,Total,_Z,Not applicable,_Z,Not applicable,Q,Constant prices,2024,,4212.332,,2020,,,,,,,,,,0,Units,1,One
DATAFLOW,OECD.ELS.HD:DSD_SHA@DF_SHA(1.1),Health expenditure and financing,I,KOR,Korea,A,Annual,EXP_HEALTH,Expenditure,USD_PPP_PS,"US dollars per person, PPP converted",HF1,Government/compulsory schemes,_Z,Not application,_T,Total,_T,Total,_T,Total,_Z,Not applicable,_Z,Not applicable,Q,Constant prices,2015,,1497.25,,2020,,,,,,,,,,0,Units,1,One
DATAFLOW,OECD.ELS.HD:DSD_SHA@DF_SHA(1.1),Health expenditure and financing,I,KOR,Korea,A,Annual,EXP_HEALTH,Expenditure,USD_PPP_PS,"US dollars per person, PPP converted",HF1,Government/compulsory schemes,_Z,Not application,_T,Total,_T,Total,_T,Total,_Z,Not applicable,_Z,Not applicable,Q,Constant prices,2016,,1611.021,,2020,,,,,,,,,,0,Units,1,One
DATAFLOW,OECD.ELS.HD:DSD_SHA@DF_SHA(1.1),Health expenditure and financing,I,KOR,Korea,A,Annual,EXP_HEALTH,Expenditure,USD_PPP_PS,"US dollars per person, PPP converted",HF1,Government/compulsory schemes,_Z,Not application,_T,Total,_T,Total,_T,Total,_Z,Not applicable,_Z,Not applicable,Q,Constant prices,2017,,1720.831,,2020,,,,,,,,,,0,Units,1,One
DATAFLOW,OECD.ELS.HD:DSD_SHA@DF_SHA(1.1),Health expenditure and financing,I,KOR,Korea,A,Annual,EXP_HEALTH,Expenditure,USD_PPP_PS,"US dollars per person, PPP converted",HF1,Government/compulsory schemes,_Z,Not application,_T,Total,_T,Total,_T,Total,_Z,Not applicable,_Z,Not applicable,Q,Constant prices,2018,,1864.135,,2020,,,,,,,,,,0,Units,1,One
DATAFLOW,OECD.ELS.HD:DSD_SHA@DF_SHA(1.1),Health expenditure and financing,I,KOR,Korea,A,Annual,EXP_HEALTH,Expenditure,USD_PPP_PS,"US dollars per person, PPP converted",HF1,Government/compulsory schemes,_Z,Not application,_T,Total,_T,Total,_T,Total,_Z,Not applicable,_Z,Not applicable,Q,Constant prices,2019,,2056.078,,2020,,,,,,,,,,0,Units,1,One
DATAFLOW,OECD.ELS.HD:DSD_SHA@DF_SHA(1.1),Health expenditure and financing,I,KOR,Korea,A,Annual,EXP_HEALTH,Expenditure,USD_PPP_PS,"US dollars per person, PPP converted",HF1,Government/compulsory schemes,_Z,Not application,_T,Total,_T,Total,_T,Total,_Z,Not applicable,_Z,Not applicable,Q,Constant prices,2020,,2159.257,,2020,,,,,,,,,,0,Units,1,One
DATAFLOW,OECD.ELS.HD:DSD_SHA@DF_SHA(1.1),Health expenditure and financing,I,KOR,Korea,A,Annual,EXP_HEALTH,Expenditure,USD_PPP_PS,"US dollars per person, PPP converted",HF1,Government/compulsory schemes,_Z,Not application,_T,Total,_T,Total,_T,Total,_Z,Not applicable,_Z,Not applicable,Q,Constant prices,2021,,2459.722,,2020,,,,,,,,,,0,Units,1,One
DATAFLOW,OECD.ELS.HD:DSD_SHA@DF_SHA(1.1),Health expenditure and financing,I,KOR,Korea,A,Annual,EXP_HEALTH,Expenditure,USD_PPP_PS,"US dollars per person, PPP converted",HF1,Government/compulsory schemes,_Z,Not application,_T,Total,_T,Total,_T,Total,_Z,Not applicable,_Z,Not applicable,Q,Constant prices,2022,,2682.743,,2020,,,,,,,,,,0,Units,1,One
DATAFLOW,OECD.ELS.HD:DSD_SHA@DF_SHA(1.1),Health expenditure and financing,I,KOR,Korea,A,Annual,EXP_HEALTH,Expenditure,USD_PPP_PS,"US dollars per person, PPP converted",HF1,Government/compulsory schemes,_Z,Not application,_T,Total,_T,Total,_T,Total,_Z,Not applicable,_Z,Not applicable,Q,Constant prices,2023,,2443.299,,2020,,,,,,,,,,0,Units,1,One
DATAFLOW,OECD.ELS.HD:DSD_SHA@DF_SHA(1.1),Health expenditure and financing,I,KOR,Korea,A,Annual,EXP_HEALTH,Expenditure,USD_PPP_PS,"US dollars per person, PPP converted",HF1,Government/compulsory schemes,_Z,Not application,_T,Total,_T,Total,_T,Total,_Z,Not applicable,_Z,Not applicable,Q,Constant prices,2024,,2518.932,,2020,,,,,,,,,,0,Units,1,One
DATAFLOW,OECD.ELS.HD:DSD_SHA@DF_SHA(1.1),Health expenditure and financing,I,KOR,Korea,A,Annual,EXP_HEALTH,Expenditure,USD_PPP_PS,"US dollars per person, PPP converted",HF11,Government schemes,_Z,Not application,_T,Total,_T,Total,_T,Total,_Z,Not applicable,_Z,Not applicable,Q,Constant prices,2015,,270.698,,2020,,,,,,,,,,0,Units,1,One
DATAFLOW,OECD.ELS.HD:DSD_SHA@DF_SHA(1.1),Health expenditure and financing,I,KOR,Korea,A,Annual,EXP_HEALTH,Expenditure,USD_PPP_PS,"US dollars per person, PPP converted",HF11,Government schemes,_Z,Not application,_T,Total,_T,Total,_T,Total,_Z,Not applicable,_Z,Not applicable,Q,Constant prices,2016,,280.412,,2020,,,,,,,,,,0,Units,1,One
DATAFLOW,OECD.ELS.HD:DSD_SHA@DF_SHA(1.1),Health expenditure and financing,I,KOR,Korea,A,Annual,EXP_HEALTH,Expenditure,USD_PPP_PS,"US dollars per person, PPP converted",HF11,Government schemes,_Z,Not application,_T,Total,_T,Total,_T,Total,_Z,Not applicable,_Z,Not applicable,Q,Constant prices,2017,,303.123,,2020,,,,,,,,,,0,Units,1,One
DATAFLOW,OECD.ELS.HD:DSD_SHA@DF_SHA(1.1),Health expenditure and financing,I,KOR,Korea,A,Annual,EXP_HEALTH,Expenditure,USD_PPP_PS,"US dollars per person, PPP converted",HF11,Government schemes,_Z,Not application,_T,Total,_T,Total,_T,Total,_Z,Not applicable,_Z,Not applicable,Q,Constant prices,2018,,312.98,,2020,,,,,,,,,,0,Units,1,One
DATAFLOW,OECD.ELS.HD:DSD_SHA@DF_SHA(1.1),Health expenditure and financing,I,KOR,Korea,A,Annual,EXP_HEALTH,Expenditure,USD_PPP_PS,"US dollars per person, PPP converted",HF11,Government schemes,_Z,Not application,_T,Total,_T,Total,_T,Total,_Z,Not applicable,_Z,Not applicable,Q,Constant prices,2019,,344.273,,2020,,,,,,,,,,0,Units,1,One
DATAFLOW,OECD.ELS.HD:DSD_SHA@DF_SHA(1.1),Health expenditure and financing,I,KOR,Korea,A,Annual,EXP_HEALTH,Expenditure,USD_PPP_PS,"US dollars per person, PPP converted",HF11,Government schemes,_Z,Not application,_T,Total,_T,Total,_T,Total,_Z,Not applicable,_Z,Not applicable,Q,Constant prices,2020,,426.415,,2020,,,,,,,,,,0,Units,1,One
DATAFLOW,OECD.ELS.HD:DSD_SHA@DF_SHA(1.1),Health expenditure and financing,I,KOR,Korea,A,Annual,EXP_HEALTH,Expenditure,USD_PPP_PS,"US dollars per person, PPP converted",HF11,Government schemes,_Z,Not application,_T,Total,_T,Total,_T,Total,_Z,Not applicable,_Z,Not applicable,Q,Constant prices,2021,,631.202,,2020,,,,,,,,,,0,Units,1,One
DATAFLOW,OECD.ELS.HD:DSD_SHA@DF_SHA(1.1),Health expenditure and financing,I,KOR,Korea,A,Annual,EXP_HEALTH,Expenditure,USD_PPP_PS,"US dollars per person, PPP converted",HF11,Government schemes,_Z,Not application,_T,Total,_T,Total,_T,Total,_Z,Not applicable,_Z,Not applicable,Q,Constant prices,2022,,740.119,,2020,,,,,,,,,,0,Units,1,One
DATAFLOW,OECD.ELS.HD:DSD_SHA@DF_SHA(1.1),Health expenditure and financing,I,KOR,Korea,A,Annual,EXP_HEALTH,Expenditure,USD_PPP_PS,"US dollars per person, PPP converted",HF11,Government schemes,_Z,Not application,_T,Total,_T,Total,_T,Total,_Z,Not applicable,_Z,Not applicable,Q,Constant prices,2023,,463.368,,2020,,,,,,,,,,0,Units,1,One
DATAFLOW,OECD.ELS.HD:DSD_SHA@DF_SHA(1.1),Health expenditure and financing,I,KOR,Korea,A,Annual,EXP_HEALTH,Expenditure,USD_PPP_PS,"US dollars per person, PPP converted",HF11,Government schemes,_Z,Not application,_T,Total,_T,Total,_T,Total,_Z,Not applicable,_Z,Not applicable,Q,Constant prices,2024,,443.515,,2020,,,,,,,,,,0,Units,1,One
DATAFLOW,OECD.ELS.HD:DSD_SHA@DF_SHA(1.1),Health expenditure and financing,I,KOR,Korea,A,Annual,EXP_HEALTH,Expenditure,USD_PPP_PS,"US dollars per person, PPP converted",HF2HF3,Voluntary schemes/household out-of-pocket payments,_Z,Not application,_T,Total,_T,Total,_T,Total,_Z,Not applicable,_Z,Not applicable,Q,Constant prices,2015,,1186.479,,2020,,,,,,,,,,0,Units,1,One
DATAFLOW,OECD.ELS.HD:DSD_SHA@DF_SHA(1.1),Health expenditure and financing,I,KOR,Korea,A,Annual,EXP_HEALTH,Expenditure,USD_PPP_PS,"US dollars per person, PPP converted",HF2HF3,Voluntary schemes/household out-of-pocket payments,_Z,Not application,_T,Total,_T,Total,_T,Total,_Z,Not applicable,_Z,Not applicable,Q,Constant prices,2016,,1239.444,,2020,,,,,,,,,,0,Units,1,One
DATAFLOW,OECD.ELS.HD:DSD_SHA@DF_SHA(1.1),Health expenditure and financing,I,KOR,Korea,A,Annual,EXP_HEALTH,Expenditure,USD_PPP_PS,"US dollars per person, PPP converted",HF2HF3,Voluntary schemes/household out-of-pocket payments,_Z,Not application,_T,Total,_T,Total,_T,Total,_Z,Not applicable,_Z,Not applicable,Q,Constant prices,2017,,1287.832,,2020,,,,,,,,,,0,Units,1,One
DATAFLOW,OECD.ELS.HD:DSD_SHA@DF_SHA(1.1),Health expenditure and financing,I,KOR,Korea,A,Annual,EXP_HEALTH,Expenditure,USD_PPP_PS,"US dollars per person, PPP converted",HF2HF3,Voluntary schemes/household out-of-pocket payments,_Z,Not application,_T,Total,_T,Total,_T,Total,_Z,Not applicable,_Z,Not applicable,Q,Constant prices,2018,,1350.336,,2020,,,,,,,,,,0,Units,1,One
DATAFLOW,OECD.ELS.HD:DSD_SHA@DF_SHA(1.1),Health expenditure and financing,I,KOR,Korea,A,Annual,EXP_HEALTH,Expenditure,USD_PPP_PS,"US dollars per person, PPP converted",HF2HF3,Voluntary schemes/household out-of-pocket payments,_Z,Not application,_T,Total,_T,Total,_T,Total,_Z,Not applicable,_Z,Not applicable,Q,Constant prices,2019,,1422.068,,2020,,,,,,,,,,0,Units,1,One
DATAFLOW,OECD.ELS.HD:DSD_SHA@DF_SHA(1.1),Health expenditure and financing,I,KOR,Korea,A,Annual,EXP_HEALTH,Expenditure,USD_PPP_PS,"US dollars per person, PPP converted",HF2HF3,Voluntary schemes/household out-of-pocket payments,_Z,Not application,_T,Total,_T,Total,_T,Total,_Z,Not applicable,_Z,Not applicable,Q,Constant prices,2020,,1458.821,,2020,,,,,,,,,,0,Units,1,One
DATAFLOW,OECD.ELS.HD:DSD_SHA@DF_SHA(1.1),Health expenditure and financing,I,KOR,Korea,A,Annual,EXP_HEALTH,Expenditure,USD_PPP_PS,"US dollars per person, PPP converted",HF2HF3,Voluntary schemes/household out-of-pocket payments,_Z,Not application,_T,Total,_T,Total,_T,Total,_Z,Not applicable,_Z,Not applicable,Q,Constant prices,2021,,1498.255,,2020,,,,,,,,,,0,Units,1,One
DATAFLOW,OECD.ELS.HD:DSD_SHA@DF_SHA(1.1),Health expenditure and financing,I,KOR,Korea,A,Annual,EXP_HEALTH,Expenditure,USD_PPP_PS,"US dollars per person, PPP converted",HF2HF3,Voluntary schemes/household out-of-pocket payments,_Z,Not application,_T,Total,_T,Total,_T,Total,_Z,Not applicable,_Z,Not applicable,Q,Constant prices,2022,,1537.325,,2020,,,,,,,,,,0,Units,1,One
DATAFLOW,OECD.ELS.HD:DSD_SHA@DF_SHA(1.1),Health expenditure and financing,I,KOR,Korea,A,Annual,EXP_HEALTH,Expenditure,USD_PPP_PS,"US dollars per person, PPP converted",HF2HF3,Voluntary schemes/household out-of-pocket payments,_Z,Not application,_T,Total,_T,Total,_T,Total,_Z,Not applicable,_Z,Not applicable,Q,Constant prices,2023,,1600.475,,2020,,,,,,,,,,0,Units,1,One
DATAFLOW,OECD.ELS.HD:DSD_SHA@DF_SHA(1.1),Health expenditure and financing,I,KOR,Korea,A,Annual,EXP_HEALTH,Expenditure,USD_PPP_PS,"US dollars per person, PPP converted",HF2HF3,Voluntary schemes/household out-of-pocket payments,_Z,Not application,_T,Total,_T,Total,_T,Total,_Z,Not applicable,_Z,Not applicable,Q,Constant prices,2024,,1693.4,,2020,,,,,,,,,,0,Units,1,One
DATAFLOW,OECD.ELS.HD:DSD_SHA@DF_SHA(1.1),Health expenditure and financing,I,KOR,Korea,A,Annual,EXP_HEALTH,Expenditure,USD_PPP_PS,"US dollars per person, PPP converted",HF121,Social health insurance schemes,_Z,Not application,_T,Total,_T,Total,_T,Total,_Z,Not applicable,_Z,Not applicable,Q,Constant prices,2015,,1185.922,,2020,,,,,,,,,,0,Units,1,One
DATAFLOW,OECD.ELS.HD:DSD_SHA@DF_SHA(1.1),Health expenditure and financing,I,KOR,Korea,A,Annual,EXP_HEALTH,Expenditure,USD_PPP_PS,"US dollars per person, PPP converted",HF121,Social health insurance schemes,_Z,Not application,_T,Total,_T,Total,_T,Total,_Z,Not applicable,_Z,Not applicable,Q,Constant prices,2016,,1287.728,,2020,,,,,,,,,,0,Units,1,One
DATAFLOW,OECD.ELS.HD:DSD_SHA@DF_SHA(1.1),Health expenditure and financing,I,KOR,Korea,A,Annual,EXP_HEALTH,Expenditure,USD_PPP_PS,"US dollars per person, PPP converted",HF121,Social health insurance schemes,_Z,Not application,_T,Total,_T,Total,_T,Total,_Z,Not applicable,_Z,Not applicable,Q,Constant prices,2017,,1372.75,,2020,,,,,,,,,,0,Units,1,One
DATAFLOW,OECD.ELS.HD:DSD_SHA@DF_SHA(1.1),Health expenditure and financing,I,KOR,Korea,A,Annual,EXP_HEALTH,Expenditure,USD_PPP_PS,"US dollars per person, PPP converted",HF121,Social health insurance schemes,_Z,Not application,_T,Total,_T,Total,_T,Total,_Z,Not applicable,_Z,Not applicable,Q,Constant prices,2018,,1503.206,,2020,,,,,,,,,,0,Units,1,One
DATAFLOW,OECD.ELS.HD:DSD_SHA@DF_SHA(1.1),Health expenditure and financing,I,KOR,Korea,A,Annual,EXP_HEALTH,Expenditure,USD_PPP_PS,"US dollars per person, PPP converted",HF121,Social health insurance schemes,_Z,Not application,_T,Total,_T,Total,_T,Total,_Z,Not applicable,_Z,Not applicable,Q,Constant prices,2019,,1659.144,,2020,,,,,,,,,,0,Units,1,One
DATAFLOW,OECD.ELS.HD:DSD_SHA@DF_SHA(1.1),Health expenditure and financing,I,KOR,Korea,A,Annual,EXP_HEALTH,Expenditure,USD_PPP_PS,"US dollars per person, PPP converted",HF121,Social health insurance schemes,_Z,Not application,_T,Total,_T,Total,_T,Total,_Z,Not applicable,_Z,Not applicable,Q,Constant prices,2020,,1678.506,,2020,,,,,,,,,,0,Units,1,One
DATAFLOW,OECD.ELS.HD:DSD_SHA@DF_SHA(1.1),Health expenditure and financing,I,KOR,Korea,A,Annual,EXP_HEALTH,Expenditure,USD_PPP_PS,"US dollars per person, PPP converted",HF121,Social health insurance schemes,_Z,Not application,_T,Total,_T,Total,_T,Total,_Z,Not applicable,_Z,Not applicable,Q,Constant prices,2021,,1773.925,,2020,,,,,,,,,,0,Units,1,One
DATAFLOW,OECD.ELS.HD:DSD_SHA@DF_SHA(1.1),Health expenditure and financing,I,KOR,Korea,A,Annual,EXP_HEALTH,Expenditure,USD_PPP_PS,"US dollars per person, PPP converted",HF121,Social health insurance schemes,_Z,Not application,_T,Total,_T,Total,_T,Total,_Z,Not applicable,_Z,Not applicable,Q,Constant prices,2022,,1887.753,,2020,,,,,,,,,,0,Units,1,One
DATAFLOW,OECD.ELS.HD:DSD_SHA@DF_SHA(1.1),Health expenditure and financing,I,KOR,Korea,A,Annual,EXP_HEALTH,Expenditure,USD_PPP_PS,"US dollars per person, PPP converted",HF121,Social health insurance schemes,_Z,Not application,_T,Total,_T,Total,_T,Total,_Z,Not applicable,_Z,Not applicable,Q,Constant prices,2023,,1923.936,,2020,,,,,,,,,,0,Units,1,One
DATAFLOW,OECD.ELS.HD:DSD_SHA@DF_SHA(1.1),Health expenditure and financing,I,KOR,Korea,A,Annual,EXP_HEALTH,Expenditure,USD_PPP_PS,"US dollars per person, PPP converted",HF121,Social health insurance schemes,_Z,Not application,_T,Total,_T,Total,_T,Total,_Z,Not applicable,_Z,Not applicable,Q,Constant prices,2024,,2018.068,,2020,,,,,,,,,,0,Units,1,One
DATAFLOW,OECD.ELS.HD:DSD_SHA@DF_SHA(1.1),Health expenditure and financing,I,KOR,Korea,A,Annual,EXP_HEALTH,Expenditure,USD_PPP_PS,"US dollars per person, PPP converted",HF12HF13,Compulsory contributory health insurance schemes,_Z,Not application,_T,Total,_T,Total,_T,Total,_Z,Not applicable,_Z,Not applicable,Q,Constant prices,2015,,1226.552,,2020,,,,,,,,,,0,Units,1,One
DATAFLOW,OECD.ELS.HD:DSD_SHA@DF_SHA(1.1),Health expenditure and financing,I,KOR,Korea,A,Annual,EXP_HEALTH,Expenditure,USD_PPP_PS,"US dollars per person, PPP converted",HF12HF13,Compulsory contributory health insurance schemes,_Z,Not application,_T,Total,_T,Total,_T,Total,_Z,Not applicable,_Z,Not applicable,Q,Constant prices,2016,,1330.609,,2020,,,,,,,,,,0,Units,1,One
DATAFLOW,OECD.ELS.HD:DSD_SHA@DF_SHA(1.1),Health expenditure and financing,I,KOR,Korea,A,Annual,EXP_HEALTH,Expenditure,USD_PPP_PS,"US dollars per person, PPP converted",HF12HF13,Compulsory contributory health insurance schemes,_Z,Not application,_T,Total,_T,Total,_T,Total,_Z,Not applicable,_Z,Not applicable,Q,Constant prices,2017,,1417.707,,2020,,,,,,,,,,0,Units,1,One
DATAFLOW,OECD.ELS.HD:DSD_SHA@DF_SHA(1.1),Health expenditure and financing,I,KOR,Korea,A,Annual,EXP_HEALTH,Expenditure,USD_PPP_PS,"US dollars per person, PPP converted",HF12HF13,Compulsory contributory health insurance schemes,_Z,Not application,_T,Total,_T,Total,_T,Total,_Z,Not applicable,_Z,Not applicable,Q,Constant prices,2018,,1551.154,,2020,,,,,,,,,,0,Units,1,One
DATAFLOW,OECD.ELS.HD:DSD_SHA@DF_SHA(1.1),Health expenditure and financing,I,KOR,Korea,A,Annual,EXP_HEALTH,Expenditure,USD_PPP_PS,"US dollars per person, PPP converted",HF12HF13,Compulsory contributory health insurance schemes,_Z,Not application,_T,Total,_T,Total,_T,Total,_Z,Not applicable,_Z,Not applicable,Q,Constant prices,2019,,1711.805,,2020,,,,,,,,,,0,Units,1,One
DATAFLOW,OECD.ELS.HD:DSD_SHA@DF_SHA(1.1),Health expenditure and financing,I,KOR,Korea,A,Annual,EXP_HEALTH,Expenditure,USD_PPP_PS,"US dollars per person, PPP converted",HF12HF13,Compulsory contributory health insurance schemes,_Z,Not application,_T,Total,_T,Total,_T,Total,_Z,Not applicable,_Z,Not applicable,Q,Constant prices,2020,,1732.841,,2020,,,,,,,,,,0,Units,1,One
DATAFLOW,OECD.ELS.HD:DSD_SHA@DF_SHA(1.1),Health expenditure and financing,I,KOR,Korea,A,Annual,EXP_HEALTH,Expenditure,USD_PPP_PS,"US dollars per person, PPP converted",HF12HF13,Compulsory contributory health insurance schemes,_Z,Not application,_T,Total,_T,Total,_T,Total,_Z,Not applicable,_Z,Not applicable,Q,Constant prices,2021,,1828.52,,2020,,,,,,,,,,0,Units,1,One
DATAFLOW,OECD.ELS.HD:DSD_SHA@DF_SHA(1.1),Health expenditure and financing,I,KOR,Korea,A,Annual,EXP_HEALTH,Expenditure,USD_PPP_PS,"US dollars per person, PPP converted",HF12HF13,Compulsory contributory health insurance schemes,_Z,Not application,_T,Total,_T,Total,_T,Total,_Z,Not applicable,_Z,Not applicable,Q,Constant prices,2022,,1942.624,,2020,,,,,,,,,,0,Units,1,One
DATAFLOW,OECD.ELS.HD:DSD_SHA@DF_SHA(1.1),Health expenditure and financing,I,KOR,Korea,A,Annual,EXP_HEALTH,Expenditure,USD_PPP_PS,"US dollars per person, PPP converted",HF12HF13,Compulsory contributory health insurance schemes,_Z,Not application,_T,Total,_T,Total,_T,Total,_Z,Not applicable,_Z,Not applicable,Q,Constant prices,2023,,1979.931,,2020,,,,,,,,,,0,Units,1,One
DATAFLOW,OECD.ELS.HD:DSD_SHA@DF_SHA(1.1),Health expenditure and financing,I,KOR,Korea,A,Annual,EXP_HEALTH,Expenditure,USD_PPP_PS,"US dollars per person, PPP converted",HF12HF13,Compulsory contributory health insurance schemes,_Z,Not application,_T,Total,_T,Total,_T,Total,_Z,Not applicable,_Z,Not applicable,Q,Constant prices,2024,,2075.418,,2020,,,,,,,,,,0,Units,1,One
DATAFLOW,OECD.ELS.HD:DSD_SHA@DF_SHA(1.1),Health expenditure and financing,I,KOR,Korea,A,Annual,EXP_HEALTH,Expenditure,USD_PPP_PS,"US dollars per person, PPP converted",HF3,Household out-of-pocket payments,_Z,Not application,_T,Total,_T,Total,_T,Total,_Z,Not applicable,_Z,Not applicable,Q,Constant prices,2015,,1012.185,,2020,,,,,,,,,,0,Units,1,One
DATAFLOW,OECD.ELS.HD:DSD_SHA@DF_SHA(1.1),Health expenditure and financing,I,KOR,Korea,A,Annual,EXP_HEALTH,Expenditure,USD_PPP_PS,"US dollars per person, PPP converted",HF3,Household out-of-pocket payments,_Z,Not application,_T,Total,_T,Total,_T,Total,_Z,Not applicable,_Z,Not applicable,Q,Constant prices,2016,,1040.202,,2020,,,,,,,,,,0,Units,1,One
DATAFLOW,OECD.ELS.HD:DSD_SHA@DF_SHA(1.1),Health expenditure and financing,I,KOR,Korea,A,Annual,EXP_HEALTH,Expenditure,USD_PPP_PS,"US dollars per person, PPP converted",HF3,Household out-of-pocket payments,_Z,Not application,_T,Total,_T,Total,_T,Total,_Z,Not applicable,_Z,Not applicable,Q,Constant prices,2017,,1076.99,,2020,,,,,,,,,,0,Units,1,One
DATAFLOW,OECD.ELS.HD:DSD_SHA@DF_SHA(1.1),Health expenditure and financing,I,KOR,Korea,A,Annual,EXP_HEALTH,Expenditure,USD_PPP_PS,"US dollars per person, PPP converted",HF3,Household out-of-pocket payments,_Z,Not application,_T,Total,_T,Total,_T,Total,_Z,Not applicable,_Z,Not applicable,Q,Constant prices,2018,,1114.726,,2020,,,,,,,,,,0,Units,1,One
DATAFLOW,OECD.ELS.HD:DSD_SHA@DF_SHA(1.1),Health expenditure and financing,I,KOR,Korea,A,Annual,EXP_HEALTH,Expenditure,USD_PPP_PS,"US dollars per person, PPP converted",HF3,Household out-of-pocket payments,_Z,Not application,_T,Total,_T,Total,_T,Total,_Z,Not applicable,_Z,Not applicable,Q,Constant prices,2019,,1142.279,,2020,,,,,,,,,,0,Units,1,One
DATAFLOW,OECD.ELS.HD:DSD_SHA@DF_SHA(1.1),Health expenditure and financing,I,KOR,Korea,A,Annual,EXP_HEALTH,Expenditure,USD_PPP_PS,"US dollars per person, PPP converted",HF3,Household out-of-pocket payments,_Z,Not application,_T,Total,_T,Total,_T,Total,_Z,Not applicable,_Z,Not applicable,Q,Constant prices,2020,,1150.69,,2020,,,,,,,,,,0,Units,1,One
DATAFLOW,OECD.ELS.HD:DSD_SHA@DF_SHA(1.1),Health expenditure and financing,I,KOR,Korea,A,Annual,EXP_HEALTH,Expenditure,USD_PPP_PS,"US dollars per person, PPP converted",HF3,Household out-of-pocket payments,_Z,Not application,_T,Total,_T,Total,_T,Total,_Z,Not applicable,_Z,Not applicable,Q,Constant prices,2021,,1178.655,,2020,,,,,,,,,,0,Units,1,One
DATAFLOW,OECD.ELS.HD:DSD_SHA@DF_SHA(1.1),Health expenditure and financing,I,KOR,Korea,A,Annual,EXP_HEALTH,Expenditure,USD_PPP_PS,"US dollars per person, PPP converted",HF3,Household out-of-pocket payments,_Z,Not application,_T,Total,_T,Total,_T,Total,_Z,Not applicable,_Z,Not applicable,Q,Constant prices,2022,,1237.868,,2020,,,,,,,,,,0,Units,1,One
DATAFLOW,OECD.ELS.HD:DSD_SHA@DF_SHA(1.1),Health expenditure and financing,I,KOR,Korea,A,Annual,EXP_HEALTH,Expenditure,USD_PPP_PS,"US dollars per person, PPP converted",HF3,Household out-of-pocket payments,_Z,Not application,_T,Total,_T,Total,_T,Total,_Z,Not applicable,_Z,Not applicable,Q,Constant prices,2023,,1261.593,,2020,,,,,,,,,,0,Units,1,One
DATAFLOW,OECD.ELS.HD:DSD_SHA@DF_SHA(1.1),Health expenditure and financing,I,KOR,Korea,A,Annual,EXP_HEALTH,Expenditure,USD_PPP_PS,"US dollars per person, PPP converted",HF3,Household out-of-pocket payments,_Z,Not application,_T,Total,_T,Total,_T,Total,_Z,Not applicable,_Z,Not applicable,Q,Constant prices,2024,,1303.368,,2020,,,,,,,,,,0,Units,1,One
DATAFLOW,OECD.ELS.HD:DSD_SHA@DF_SHA(1.1),Health expenditure and financing,I,KOR,Korea,A,Annual,EXP_HEALTH,Expenditure,USD_PPP_PS,"US dollars per person, PPP converted",HF31,Out-of-pocket excluding cost-sharing,_Z,Not application,_T,Total,_T,Total,_T,Total,_Z,Not applicable,_Z,Not applicable,Q,Constant prices,2015,,610.855,,2020,,,,,,,,,,0,Units,1,One
DATAFLOW,OECD.ELS.HD:DSD_SHA@DF_SHA(1.1),Health expenditure and financing,I,KOR,Korea,A,Annual,EXP_HEALTH,Expenditure,USD_PPP_PS,"US dollars per person, PPP converted",HF31,Out-of-pocket excluding cost-sharing,_Z,Not application,_T,Total,_T,Total,_T,Total,_Z,Not applicable,_Z,Not applicable,Q,Constant prices,2016,,602.134,,2020,,,,,,,,,,0,Units,1,One
DATAFLOW,OECD.ELS.HD:DSD_SHA@DF_SHA(1.1),Health expenditure and financing,I,KOR,Korea,A,Annual,EXP_HEALTH,Expenditure,USD_PPP_PS,"US dollars per person, PPP converted",HF31,Out-of-pocket excluding cost-sharing,_Z,Not application,_T,Total,_T,Total,_T,Total,_Z,Not applicable,_Z,Not applicable,Q,Constant prices,2017,,614.591,,2020,,,,,,,,,,0,Units,1,One
DATAFLOW,OECD.ELS.HD:DSD_SHA@DF_SHA(1.1),Health expenditure and financing,I,KOR,Korea,A,Annual,EXP_HEALTH,Expenditure,USD_PPP_PS,"US dollars per person, PPP converted",HF31,Out-of-pocket excluding cost-sharing,_Z,Not application,_T,Total,_T,Total,_T,Total,_Z,Not applicable,_Z,Not applicable,Q,Constant prices,2018,,626.351,,2020,,,,,,,,,,0,Units,1,One
DATAFLOW,OECD.ELS.HD:DSD_SHA@DF_SHA(1.1),Health expenditure and financing,I,KOR,Korea,A,Annual,EXP_HEALTH,Expenditure,USD_PPP_PS,"US dollars per person, PPP converted",HF31,Out-of-pocket excluding cost-sharing,_Z,Not application,_T,Total,_T,Total,_T,Total,_Z,Not applicable,_Z,Not applicable,Q,Constant prices,2019,,613.309,,2020,,,,,,,,,,0,Units,1,One
DATAFLOW,OECD.ELS.HD:DSD_SHA@DF_SHA(1.1),Health expenditure and financing,I,KOR,Korea,A,Annual,EXP_HEALTH,Expenditure,USD_PPP_PS,"US dollars per person, PPP converted",HF31,Out-of-pocket excluding cost-sharing,_Z,Not application,_T,Total,_T,Total,_T,Total,_Z,Not applicable,_Z,Not applicable,Q,Constant prices,2020,,635.639,,2020,,,,,,,,,,0,Units,1,One
DATAFLOW,OECD.ELS.HD:DSD_SHA@DF_SHA(1.1),Health expenditure and financing,I,KOR,Korea,A,Annual,EXP_HEALTH,Expenditure,USD_PPP_PS,"US dollars per person, PPP converted",HF31,Out-of-pocket excluding cost-sharing,_Z,Not application,_T,Total,_T,Total,_T,Total,_Z,Not applicable,_Z,Not applicable,Q,Constant prices,2021,,641.07,,2020,,,,,,,,,,0,Units,1,One
DATAFLOW,OECD.ELS.HD:DSD_SHA@DF_SHA(1.1),Health expenditure and financing,I,KOR,Korea,A,Annual,EXP_HEALTH,Expenditure,USD_PPP_PS,"US dollars per person, PPP converted",HF31,Out-of-pocket excluding cost-sharing,_Z,Not application,_T,Total,_T,Total,_T,Total,_Z,Not applicable,_Z,Not applicable,Q,Constant prices,2022,,675.875,,2020,,,,,,,,,,0,Units,1,One
DATAFLOW,OECD.ELS.HD:DSD_SHA@DF_SHA(1.1),Health expenditure and financing,I,KOR,Korea,A,Annual,EXP_HEALTH,Expenditure,USD_PPP_PS,"US dollars per person, PPP converted",HF31,Out-of-pocket excluding cost-sharing,_Z,Not application,_T,Total,_T,Total,_T,Total,_Z,Not applicable,_Z,Not applicable,Q,Constant prices,2023,,664.119,,2020,,,,,,,,,,0,Units,1,One
DATAFLOW,OECD.ELS.HD:DSD_SHA@DF_SHA(1.1),Health expenditure and financing,I,KOR,Korea,A,Annual,EXP_HEALTH,Expenditure,USD_PPP_PS,"US dollars per person, PPP converted",HF31,Out-of-pocket excluding cost-sharing,_Z,Not application,_T,Total,_T,Total,_T,Total,_Z,Not applicable,_Z,Not applicable,Q,Constant prices,2024,,687.03,,2020,,,,,,,,,,0,Units,1,One
DATAFLOW,OECD.ELS.HD:DSD_SHA@DF_SHA(1.1),Health expenditure and financing,I,KOR,Korea,A,Annual,EXP_HEALTH,Expenditure,USD_PPP_PS,"US dollars per person, PPP converted",HF32,Cost-sharing with third-party payers,_Z,Not application,_T,Total,_T,Total,_T,Total,_Z,Not applicable,_Z,Not applicable,Q,Constant prices,2015,,401.329,,2020,,,,,,,,,,0,Units,1,One
DATAFLOW,OECD.ELS.HD:DSD_SHA@DF_SHA(1.1),Health expenditure and financing,I,KOR,Korea,A,Annual,EXP_HEALTH,Expenditure,USD_PPP_PS,"US dollars per person, PPP converted",HF32,Cost-sharing with third-party payers,_Z,Not application,_T,Total,_T,Total,_T,Total,_Z,Not applicable,_Z,Not applicable,Q,Constant prices,2016,,438.068,,2020,,,,,,,,,,0,Units,1,One
DATAFLOW,OECD.ELS.HD:DSD_SHA@DF_SHA(1.1),Health expenditure and financing,I,KOR,Korea,A,Annual,EXP_HEALTH,Expenditure,USD_PPP_PS,"US dollars per person, PPP converted",HF32,Cost-sharing with third-party payers,_Z,Not application,_T,Total,_T,Total,_T,Total,_Z,Not applicable,_Z,Not applicable,Q,Constant prices,2017,,462.399,,2020,,,,,,,,,,0,Units,1,One
DATAFLOW,OECD.ELS.HD:DSD_SHA@DF_SHA(1.1),Health expenditure and financing,I,KOR,Korea,A,Annual,EXP_HEALTH,Expenditure,USD_PPP_PS,"US dollars per person, PPP converted",HF32,Cost-sharing with third-party payers,_Z,Not application,_T,Total,_T,Total,_T,Total,_Z,Not applicable,_Z,Not applicable,Q,Constant prices,2018,,488.376,,2020,,,,,,,,,,0,Units,1,One
DATAFLOW,OECD.ELS.HD:DSD_SHA@DF_SHA(1.1),Health expenditure and financing,I,KOR,Korea,A,Annual,EXP_HEALTH,Expenditure,USD_PPP_PS,"US dollars per person, PPP converted",HF32,Cost-sharing with third-party payers,_Z,Not application,_T,Total,_T,Total,_T,Total,_Z,Not applicable,_Z,Not applicable,Q,Constant prices,2019,,528.97,,2020,,,,,,,,,,0,Units,1,One
DATAFLOW,OECD.ELS.HD:DSD_SHA@DF_SHA(1.1),Health expenditure and financing,I,KOR,Korea,A,Annual,EXP_HEALTH,Expenditure,USD_PPP_PS,"US dollars per person, PPP converted",HF32,Cost-sharing with third-party payers,_Z,Not application,_T,Total,_T,Total,_T,Total,_Z,Not applicable,_Z,Not applicable,Q,Constant prices,2020,,515.051,,2020,,,,,,,,,,0,Units,1,One
DATAFLOW,OECD.ELS.HD:DSD_SHA@DF_SHA(1.1),Health expenditure and financing,I,KOR,Korea,A,Annual,EXP_HEALTH,Expenditure,USD_PPP_PS,"US dollars per person, PPP converted",HF32,Cost-sharing with third-party payers,_Z,Not application,_T,Total,_T,Total,_T,Total,_Z,Not applicable,_Z,Not applicable,Q,Constant prices,2021,,537.584,,2020,,,,,,,,,,0,Units,1,One
DATAFLOW,OECD.ELS.HD:DSD_SHA@DF_SHA(1.1),Health expenditure and financing,I,KOR,Korea,A,Annual,EXP_HEALTH,Expenditure,USD_PPP_PS,"US dollars per person, PPP converted",HF32,Cost-sharing with third-party payers,_Z,Not application,_T,Total,_T,Total,_T,Total,_Z,Not applicable,_Z,Not applicable,Q,Constant prices,2022,,561.993,,2020,,,,,,,,,,0,Units,1,One
DATAFLOW,OECD.ELS.HD:DSD_SHA@DF_SHA(1.1),Health expenditure and financing,I,KOR,Korea,A,Annual,EXP_HEALTH,Expenditure,USD_PPP_PS,"US dollars per person, PPP converted",HF32,Cost-sharing with third-party payers,_Z,Not application,_T,Total,_T,Total,_T,Total,_Z,Not applicable,_Z,Not applicable,Q,Constant prices,2023,,597.474,,2020,,,,,,,,,,0,Units,1,One
DATAFLOW,OECD.ELS.HD:DSD_SHA@DF_SHA(1.1),Health expenditure and financing,I,KOR,Korea,A,Annual,EXP_HEALTH,Expenditure,USD_PPP_PS,"US dollars per person, PPP converted",HF32,Cost-sharing with third-party payers,_Z,Not application,_T,Total,_T,Total,_T,Total,_Z,Not applicable,_Z,Not applicable,Q,Constant prices,2024,,616.338,,2020,,,,,,,,,,0,Units,1,One
DATAFLOW,OECD.ELS.HD:DSD_SHA@DF_SHA(1.1),Health expenditure and financing,I,KOR,Korea,A,Annual,EXP_HEALTH,Expenditure,USD_PPP_PS,"US dollars per person, PPP converted",HF2,Voluntary healthcare payment schemes,_Z,Not application,_T,Total,_T,Total,_T,Total,_Z,Not applicable,_Z,Not applicable,Q,Constant prices,2015,,174.294,,2020,,,,,,,,,,0,Units,1,One
DATAFLOW,OECD.ELS.HD:DSD_SHA@DF_SHA(1.1),Health expenditure and financing,I,KOR,Korea,A,Annual,EXP_HEALTH,Expenditure,USD_PPP_PS,"US dollars per person, PPP converted",HF2,Voluntary healthcare payment schemes,_Z,Not application,_T,Total,_T,Total,_T,Total,_Z,Not applicable,_Z,Not applicable,Q,Constant prices,2016,,199.243,,2020,,,,,,,,,,0,Units,1,One
DATAFLOW,OECD.ELS.HD:DSD_SHA@DF_SHA(1.1),Health expenditure and financing,I,KOR,Korea,A,Annual,EXP_HEALTH,Expenditure,USD_PPP_PS,"US dollars per person, PPP converted",HF2,Voluntary healthcare payment schemes,_Z,Not application,_T,Total,_T,Total,_T,Total,_Z,Not applicable,_Z,Not applicable,Q,Constant prices,2017,,210.842,,2020,,,,,,,,,,0,Units,1,One
DATAFLOW,OECD.ELS.HD:DSD_SHA@DF_SHA(1.1),Health expenditure and financing,I,KOR,Korea,A,Annual,EXP_HEALTH,Expenditure,USD_PPP_PS,"US dollars per person, PPP converted",HF2,Voluntary healthcare payment schemes,_Z,Not application,_T,Total,_T,Total,_T,Total,_Z,Not applicable,_Z,Not applicable,Q,Constant prices,2018,,235.609,,2020,,,,,,,,,,0,Units,1,One
DATAFLOW,OECD.ELS.HD:DSD_SHA@DF_SHA(1.1),Health expenditure and financing,I,KOR,Korea,A,Annual,EXP_HEALTH,Expenditure,USD_PPP_PS,"US dollars per person, PPP converted",HF2,Voluntary healthcare payment schemes,_Z,Not application,_T,Total,_T,Total,_T,Total,_Z,Not applicable,_Z,Not applicable,Q,Constant prices,2019,,279.789,,2020,,,,,,,,,,0,Units,1,One
DATAFLOW,OECD.ELS.HD:DSD_SHA@DF_SHA(1.1),Health expenditure and financing,I,KOR,Korea,A,Annual,EXP_HEALTH,Expenditure,USD_PPP_PS,"US dollars per person, PPP converted",HF2,Voluntary healthcare payment schemes,_Z,Not application,_T,Total,_T,Total,_T,Total,_Z,Not applicable,_Z,Not applicable,Q,Constant prices,2020,,308.131,,2020,,,,,,,,,,0,Units,1,One
DATAFLOW,OECD.ELS.HD:DSD_SHA@DF_SHA(1.1),Health expenditure and financing,I,KOR,Korea,A,Annual,EXP_HEALTH,Expenditure,USD_PPP_PS,"US dollars per person, PPP converted",HF2,Voluntary healthcare payment schemes,_Z,Not application,_T,Total,_T,Total,_T,Total,_Z,Not applicable,_Z,Not applicable,Q,Constant prices,2021,,319.6,,2020,,,,,,,,,,0,Units,1,One
DATAFLOW,OECD.ELS.HD:DSD_SHA@DF_SHA(1.1),Health expenditure and financing,I,KOR,Korea,A,Annual,EXP_HEALTH,Expenditure,USD_PPP_PS,"US dollars per person, PPP converted",HF2,Voluntary healthcare payment schemes,_Z,Not application,_T,Total,_T,Total,_T,Total,_Z,Not applicable,_Z,Not applicable,Q,Constant prices,2022,,299.457,,2020,,,,,,,,,,0,Units,1,One
DATAFLOW,OECD.ELS.HD:DSD_SHA@DF_SHA(1.1),Health expenditure and financing,I,KOR,Korea,A,Annual,EXP_HEALTH,Expenditure,USD_PPP_PS,"US dollars per person, PPP converted",HF2,Voluntary healthcare payment schemes,_Z,Not application,_T,Total,_T,Total,_T,Total,_Z,Not applicable,_Z,Not applicable,Q,Constant prices,2023,,338.882,,2020,,,,,,,,,,0,Units,1,One
DATAFLOW,OECD.ELS.HD:DSD_SHA@DF_SHA(1.1),Health expenditure and financing,I,KOR,Korea,A,Annual,EXP_HEALTH,Expenditure,USD_PPP_PS,"US dollars per person, PPP converted",HF2,Voluntary healthcare payment schemes,_Z,Not application,_T,Total,_T,Total,_T,Total,_Z,Not applicable,_Z,Not applicable,Q,Constant prices,2024,,390.031,,2020,,,,,,,,,,0,Units,1,One
DATAFLOW,OECD.ELS.HD:DSD_SHA@DF_SHA(1.1),Health expenditure and financing,I,KOR,Korea,A,Annual,EXP_HEALTH,Expenditure,USD_PPP_PS,"US dollars per person, PPP converted",HF122,Compulsory private insurance schemes,_Z,Not application,_T,Total,_T,Total,_T,Total,_Z,Not applicable,_Z,Not applicable,Q,Constant prices,2015,,40.631,,2020,,,,,,,,,,0,Units,1,One
DATAFLOW,OECD.ELS.HD:DSD_SHA@DF_SHA(1.1),Health expenditure and financing,I,KOR,Korea,A,Annual,EXP_HEALTH,Expenditure,USD_PPP_PS,"US dollars per person, PPP converted",HF122,Compulsory private insurance schemes,_Z,Not application,_T,Total,_T,Total,_T,Total,_Z,Not applicable,_Z,Not applicable,Q,Constant prices,2016,,42.88,,2020,,,,,,,,,,0,Units,1,One
DATAFLOW,OECD.ELS.HD:DSD_SHA@DF_SHA(1.1),Health expenditure and financing,I,KOR,Korea,A,Annual,EXP_HEALTH,Expenditure,USD_PPP_PS,"US dollars per person, PPP converted",HF122,Compulsory private insurance schemes,_Z,Not application,_T,Total,_T,Total,_T,Total,_Z,Not applicable,_Z,Not applicable,Q,Constant prices,2017,,44.957,,2020,,,,,,,,,,0,Units,1,One
DATAFLOW,OECD.ELS.HD:DSD_SHA@DF_SHA(1.1),Health expenditure and financing,I,KOR,Korea,A,Annual,EXP_HEALTH,Expenditure,USD_PPP_PS,"US dollars per person, PPP converted",HF122,Compulsory private insurance schemes,_Z,Not application,_T,Total,_T,Total,_T,Total,_Z,Not applicable,_Z,Not applicable,Q,Constant prices,2018,,47.948,,2020,,,,,,,,,,0,Units,1,One
DATAFLOW,OECD.ELS.HD:DSD_SHA@DF_SHA(1.1),Health expenditure and financing,I,KOR,Korea,A,Annual,EXP_HEALTH,Expenditure,USD_PPP_PS,"US dollars per person, PPP converted",HF122,Compulsory private insurance schemes,_Z,Not application,_T,Total,_T,Total,_T,Total,_Z,Not applicable,_Z,Not applicable,Q,Constant prices,2019,,52.661,,2020,,,,,,,,,,0,Units,1,One
DATAFLOW,OECD.ELS.HD:DSD_SHA@DF_SHA(1.1),Health expenditure and financing,I,KOR,Korea,A,Annual,EXP_HEALTH,Expenditure,USD_PPP_PS,"US dollars per person, PPP converted",HF122,Compulsory private insurance schemes,_Z,Not application,_T,Total,_T,Total,_T,Total,_Z,Not applicable,_Z,Not applicable,Q,Constant prices,2020,,54.335,,2020,,,,,,,,,,0,Units,1,One
DATAFLOW,OECD.ELS.HD:DSD_SHA@DF_SHA(1.1),Health expenditure and financing,I,KOR,Korea,A,Annual,EXP_HEALTH,Expenditure,USD_PPP_PS,"US dollars per person, PPP converted",HF122,Compulsory private insurance schemes,_Z,Not application,_T,Total,_T,Total,_T,Total,_Z,Not applicable,_Z,Not applicable,Q,Constant prices,2021,,54.595,,2020,,,,,,,,,,0,Units,1,One
DATAFLOW,OECD.ELS.HD:DSD_SHA@DF_SHA(1.1),Health expenditure and financing,I,KOR,Korea,A,Annual,EXP_HEALTH,Expenditure,USD_PPP_PS,"US dollars per person, PPP converted",HF122,Compulsory private insurance schemes,_Z,Not application,_T,Total,_T,Total,_T,Total,_Z,Not applicable,_Z,Not applicable,Q,Constant prices,2022,,54.87,,2020,,,,,,,,,,0,Units,1,One
DATAFLOW,OECD.ELS.HD:DSD_SHA@DF_SHA(1.1),Health expenditure and financing,I,KOR,Korea,A,Annual,EXP_HEALTH,Expenditure,USD_PPP_PS,"US dollars per person, PPP converted",HF122,Compulsory private insurance schemes,_Z,Not application,_T,Total,_T,Total,_T,Total,_Z,Not applicable,_Z,Not applicable,Q,Constant prices,2023,,55.995,,2020,,,,,,,,,,0,Units,1,One
DATAFLOW,OECD.ELS.HD:DSD_SHA@DF_SHA(1.1),Health expenditure and financing,I,KOR,Korea,A,Annual,EXP_HEALTH,Expenditure,USD_PPP_PS,"US dollars per person, PPP converted",HF122,Compulsory private insurance schemes,_Z,Not application,_T,Total,_T,Total,_T,Total,_Z,Not applicable,_Z,Not applicable,Q,Constant prices,2024,,57.35,,2020,,,,,,,,,,0,Units,1,One
DATAFLOW,OECD.ELS.HD:DSD_SHA@DF_SHA(1.1),Health expenditure and financing,I,KOR,Korea,A,Annual,EXP_HEALTH,Expenditure,USD_PPP_PS,"US dollars per person, PPP converted",HF21,Voluntary health insurance schemes,_Z,Not application,_T,Total,_T,Total,_T,Total,_Z,Not applicable,_Z,Not applicable,Q,Constant prices,2015,,170.42,,2020,,,,,,,,,,0,Units,1,One
DATAFLOW,OECD.ELS.HD:DSD_SHA@DF_SHA(1.1),Health expenditure and financing,I,KOR,Korea,A,Annual,EXP_HEALTH,Expenditure,USD_PPP_PS,"US dollars per person, PPP converted",HF21,Voluntary health insurance schemes,_Z,Not application,_T,Total,_T,Total,_T,Total,_Z,Not applicable,_Z,Not applicable,Q,Constant prices,2016,,195.002,,2020,,,,,,,,,,0,Units,1,One
DATAFLOW,OECD.ELS.HD:DSD_SHA@DF_SHA(1.1),Health expenditure and financing,I,KOR,Korea,A,Annual,EXP_HEALTH,Expenditure,USD_PPP_PS,"US dollars per person, PPP converted",HF21,Voluntary health insurance schemes,_Z,Not application,_T,Total,_T,Total,_T,Total,_Z,Not applicable,_Z,Not applicable,Q,Constant prices,2017,,206.656,,2020,,,,,,,,,,0,Units,1,One
DATAFLOW,OECD.ELS.HD:DSD_SHA@DF_SHA(1.1),Health expenditure and financing,I,KOR,Korea,A,Annual,EXP_HEALTH,Expenditure,USD_PPP_PS,"US dollars per person, PPP converted",HF21,Voluntary health insurance schemes,_Z,Not application,_T,Total,_T,Total,_T,Total,_Z,Not applicable,_Z,Not applicable,Q,Constant prices,2018,,231.074,,2020,,,,,,,,,,0,Units,1,One
DATAFLOW,OECD.ELS.HD:DSD_SHA@DF_SHA(1.1),Health expenditure and financing,I,KOR,Korea,A,Annual,EXP_HEALTH,Expenditure,USD_PPP_PS,"US dollars per person, PPP converted",HF21,Voluntary health insurance schemes,_Z,Not application,_T,Total,_T,Total,_T,Total,_Z,Not applicable,_Z,Not applicable,Q,Constant prices,2019,,275.105,,2020,,,,,,,,,,0,Units,1,One
DATAFLOW,OECD.ELS.HD:DSD_SHA@DF_SHA(1.1),Health expenditure and financing,I,KOR,Korea,A,Annual,EXP_HEALTH,Expenditure,USD_PPP_PS,"US dollars per person, PPP converted",HF21,Voluntary health insurance schemes,_Z,Not application,_T,Total,_T,Total,_T,Total,_Z,Not applicable,_Z,Not applicable,Q,Constant prices,2020,,303.287,,2020,,,,,,,,,,0,Units,1,One
DATAFLOW,OECD.ELS.HD:DSD_SHA@DF_SHA(1.1),Health expenditure and financing,I,KOR,Korea,A,Annual,EXP_HEALTH,Expenditure,USD_PPP_PS,"US dollars per person, PPP converted",HF21,Voluntary health insurance schemes,_Z,Not application,_T,Total,_T,Total,_T,Total,_Z,Not applicable,_Z,Not applicable,Q,Constant prices,2021,,314.207,,2020,,,,,,,,,,0,Units,1,One
DATAFLOW,OECD.ELS.HD:DSD_SHA@DF_SHA(1.1),Health expenditure and financing,I,KOR,Korea,A,Annual,EXP_HEALTH,Expenditure,USD_PPP_PS,"US dollars per person, PPP converted",HF21,Voluntary health insurance schemes,_Z,Not application,_T,Total,_T,Total,_T,Total,_Z,Not applicable,_Z,Not applicable,Q,Constant prices,2022,,294.23,,2020,,,,,,,,,,0,Units,1,One
DATAFLOW,OECD.ELS.HD:DSD_SHA@DF_SHA(1.1),Health expenditure and financing,I,KOR,Korea,A,Annual,EXP_HEALTH,Expenditure,USD_PPP_PS,"US dollars per person, PPP converted",HF21,Voluntary health insurance schemes,_Z,Not application,_T,Total,_T,Total,_T,Total,_Z,Not applicable,_Z,Not applicable,Q,Constant prices,2023,,333.245,,2020,,,,,,,,,,0,Units,1,One
DATAFLOW,OECD.ELS.HD:DSD_SHA@DF_SHA(1.1),Health expenditure and financing,I,KOR,Korea,A,Annual,EXP_HEALTH,Expenditure,USD_PPP_PS,"US dollars per person, PPP converted",HF21,Voluntary health insurance schemes,_Z,Not application,_T,Total,_T,Total,_T,Total,_Z,Not applicable,_Z,Not applicable,Q,Constant prices,2024,,382.576,,2020,,,,,,,,,,0,Units,1,One
DATAFLOW,OECD.ELS.HD:DSD_SHA@DF_SHA(1.1),Health expenditure and financing,I,KOR,Korea,A,Annual,EXP_HEALTH,Expenditure,USD_PPP_PS,"US dollars per person, PPP converted",HF23,Enterprise financing schemes,_Z,Not application,_T,Total,_T,Total,_T,Total,_Z,Not applicable,_Z,Not applicable,Q,Constant prices,2015,,3.874,,2020,,,,,,,,,,0,Units,1,One
DATAFLOW,OECD.ELS.HD:DSD_SHA@DF_SHA(1.1),Health expenditure and financing,I,KOR,Korea,A,Annual,EXP_HEALTH,Expenditure,USD_PPP_PS,"US dollars per person, PPP converted",HF23,Enterprise financing schemes,_Z,Not application,_T,Total,_T,Total,_T,Total,_Z,Not applicable,_Z,Not applicable,Q,Constant prices,2016,,4.24,,2020,,,,,,,,,,0,Units,1,One
DATAFLOW,OECD.ELS.HD:DSD_SHA@DF_SHA(1.1),Health expenditure and financing,I,KOR,Korea,A,Annual,EXP_HEALTH,Expenditure,USD_PPP_PS,"US dollars per person, PPP converted",HF23,Enterprise financing schemes,_Z,Not application,_T,Total,_T,Total,_T,Total,_Z,Not applicable,_Z,Not applicable,Q,Constant prices,2017,,4.186,,2020,,,,,,,,,,0,Units,1,One
DATAFLOW,OECD.ELS.HD:DSD_SHA@DF_SHA(1.1),Health expenditure and financing,I,KOR,Korea,A,Annual,EXP_HEALTH,Expenditure,USD_PPP_PS,"US dollars per person, PPP converted",HF23,Enterprise financing schemes,_Z,Not application,_T,Total,_T,Total,_T,Total,_Z,Not applicable,_Z,Not applicable,Q,Constant prices,2018,,4.535,,2020,,,,,,,,,,0,Units,1,One
DATAFLOW,OECD.ELS.HD:DSD_SHA@DF_SHA(1.1),Health expenditure and financing,I,KOR,Korea,A,Annual,EXP_HEALTH,Expenditure,USD_PPP_PS,"US dollars per person, PPP converted",HF23,Enterprise financing schemes,_Z,Not application,_T,Total,_T,Total,_T,Total,_Z,Not applicable,_Z,Not applicable,Q,Constant prices,2019,,4.684,,2020,,,,,,,,,,0,Units,1,One
DATAFLOW,OECD.ELS.HD:DSD_SHA@DF_SHA(1.1),Health expenditure and financing,I,KOR,Korea,A,Annual,EXP_HEALTH,Expenditure,USD_PPP_PS,"US dollars per person, PPP converted",HF23,Enterprise financing schemes,_Z,Not application,_T,Total,_T,Total,_T,Total,_Z,Not applicable,_Z,Not applicable,Q,Constant prices,2020,,4.844,,2020,,,,,,,,,,0,Units,1,One
DATAFLOW,OECD.ELS.HD:DSD_SHA@DF_SHA(1.1),Health expenditure and financing,I,KOR,Korea,A,Annual,EXP_HEALTH,Expenditure,USD_PPP_PS,"US dollars per person, PPP converted",HF23,Enterprise financing schemes,_Z,Not application,_T,Total,_T,Total,_T,Total,_Z,Not applicable,_Z,Not applicable,Q,Constant prices,2021,,5.393,,2020,,,,,,,,,,0,Units,1,One
DATAFLOW,OECD.ELS.HD:DSD_SHA@DF_SHA(1.1),Health expenditure and financing,I,KOR,Korea,A,Annual,EXP_HEALTH,Expenditure,USD_PPP_PS,"US dollars per person, PPP converted",HF23,Enterprise financing schemes,_Z,Not application,_T,Total,_T,Total,_T,Total,_Z,Not applicable,_Z,Not applicable,Q,Constant prices,2022,,5.227,,2020,,,,,,,,,,0,Units,1,One
DATAFLOW,OECD.ELS.HD:DSD_SHA@DF_SHA(1.1),Health expenditure and financing,I,KOR,Korea,A,Annual,EXP_HEALTH,Expenditure,USD_PPP_PS,"US dollars per person, PPP converted",HF23,Enterprise financing schemes,_Z,Not application,_T,Total,_T,Total,_T,Total,_Z,Not applicable,_Z,Not applicable,Q,Constant prices,2023,,5.638,,2020,,,,,,,,,,0,Units,1,One
DATAFLOW,OECD.ELS.HD:DSD_SHA@DF_SHA(1.1),Health expenditure and financing,I,KOR,Korea,A,Annual,EXP_HEALTH,Expenditure,USD_PPP_PS,"US dollars per person, PPP converted",HF23,Enterprise financing schemes,_Z,Not application,_T,Total,_T,Total,_T,Total,_Z,Not applicable,_Z,Not applicable,Q,Constant prices,2024,,7.456,,2020,,,,,,,,,,0,Units,1,One
DATAFLOW,OECD.ELS.HD:DSD_SHA@DF_SHA(1.1),Health expenditure and financing,I,KOR,Korea,A,Annual,EXP_HEALTH,Expenditure,USD_PPP_PS,"US dollars per person, PPP converted",HF23,Enterprise financing schemes,_Z,Not application,_T,Total,_T,Total,_T,Total,_Z,Not applicable,_Z,Not applicable,V,Current prices,2015,,3.664,,,,,,,,,,,,0,Units,1,One
DATAFLOW,OECD.ELS.HD:DSD_SHA@DF_SHA(1.1),Health expenditure and financing,I,KOR,Korea,A,Annual,EXP_HEALTH,Expenditure,USD_PPP_PS,"US dollars per person, PPP converted",HF23,Enterprise financing schemes,_Z,Not application,_T,Total,_T,Total,_T,Total,_Z,Not applicable,_Z,Not applicable,V,Current prices,2016,,4.001,,,,,,,,,,,,0,Units,1,One
DATAFLOW,OECD.ELS.HD:DSD_SHA@DF_SHA(1.1),Health expenditure and financing,I,KOR,Korea,A,Annual,EXP_HEALTH,Expenditure,USD_PPP_PS,"US dollars per person, PPP converted",HF23,Enterprise financing schemes,_Z,Not application,_T,Total,_T,Total,_T,Total,_Z,Not applicable,_Z,Not applicable,V,Current prices,2017,,3.94,,,,,,,,,,,,0,Units,1,One
DATAFLOW,OECD.ELS.HD:DSD_SHA@DF_SHA(1.1),Health expenditure and financing,I,KOR,Korea,A,Annual,EXP_HEALTH,Expenditure,USD_PPP_PS,"US dollars per person, PPP converted",HF23,Enterprise financing schemes,_Z,Not application,_T,Total,_T,Total,_T,Total,_Z,Not applicable,_Z,Not applicable,V,Current prices,2018,,4.361,,,,,,,,,,,,0,Units,1,One
DATAFLOW,OECD.ELS.HD:DSD_SHA@DF_SHA(1.1),Health expenditure and financing,I,KOR,Korea,A,Annual,EXP_HEALTH,Expenditure,USD_PPP_PS,"US dollars per person, PPP converted",HF23,Enterprise financing schemes,_Z,Not application,_T,Total,_T,Total,_T,Total,_Z,Not applicable,_Z,Not applicable,V,Current prices,2019,,4.545,,,,,,,,,,,,0,Units,1,One
DATAFLOW,OECD.ELS.HD:DSD_SHA@DF_SHA(1.1),Health expenditure and financing,I,KOR,Korea,A,Annual,EXP_HEALTH,Expenditure,USD_PPP_PS,"US dollars per person, PPP converted",HF23,Enterprise financing schemes,_Z,Not application,_T,Total,_T,Total,_T,Total,_Z,Not applicable,_Z,Not applicable,V,Current prices,2020,,4.844,,,,,,,,,,,,0,Units,1,One
DATAFLOW,OECD.ELS.HD:DSD_SHA@DF_SHA(1.1),Health expenditure and financing,I,KOR,Korea,A,Annual,EXP_HEALTH,Expenditure,USD_PPP_PS,"US dollars per person, PPP converted",HF23,Enterprise financing schemes,_Z,Not application,_T,Total,_T,Total,_T,Total,_Z,Not applicable,_Z,Not applicable,V,Current prices,2021,,5.595,,,,,,,,,,,,0,Units,1,One
DATAFLOW,OECD.ELS.HD:DSD_SHA@DF_SHA(1.1),Health expenditure and financing,I,KOR,Korea,A,Annual,EXP_HEALTH,Expenditure,USD_PPP_PS,"US dollars per person, PPP converted",HF23,Enterprise financing schemes,_Z,Not application,_T,Total,_T,Total,_T,Total,_Z,Not applicable,_Z,Not applicable,V,Current prices,2022,,5.84,,,,,,,,,,,,0,Units,1,One
DATAFLOW,OECD.ELS.HD:DSD_SHA@DF_SHA(1.1),Health expenditure and financing,I,KOR,Korea,A,Annual,EXP_HEALTH,Expenditure,USD_PPP_PS,"US dollars per person, PPP converted",HF23,Enterprise financing schemes,_Z,Not application,_T,Total,_T,Total,_T,Total,_Z,Not applicable,_Z,Not applicable,V,Current prices,2023,,6.631,,,,,,,,,,,,0,Units,1,One
DATAFLOW,OECD.ELS.HD:DSD_SHA@DF_SHA(1.1),Health expenditure and financing,I,KOR,Korea,A,Annual,EXP_HEALTH,Expenditure,USD_PPP_PS,"US dollars per person, PPP converted",HF23,Enterprise financing schemes,_Z,Not application,_T,Total,_T,Total,_T,Total,_Z,Not applicable,_Z,Not applicable,V,Current prices,2024,,9.024,,,,,,,,,,,,0,Units,1,One
DATAFLOW,OECD.ELS.HD:DSD_SHA@DF_SHA(1.1),Health expenditure and financing,I,KOR,Korea,A,Annual,EXP_HEALTH,Expenditure,USD_PPP_PS,"US dollars per person, PPP converted",HF21,Voluntary health insurance schemes,_Z,Not application,_T,Total,_T,Total,_T,Total,_Z,Not applicable,_Z,Not applicable,V,Current prices,2015,,161.185,,,,,,,,,,,,0,Units,1,One
DATAFLOW,OECD.ELS.HD:DSD_SHA@DF_SHA(1.1),Health expenditure and financing,I,KOR,Korea,A,Annual,EXP_HEALTH,Expenditure,USD_PPP_PS,"US dollars per person, PPP converted",HF21,Voluntary health insurance schemes,_Z,Not application,_T,Total,_T,Total,_T,Total,_Z,Not applicable,_Z,Not applicable,V,Current prices,2016,,184.011,,,,,,,,,,,,0,Units,1,One
DATAFLOW,OECD.ELS.HD:DSD_SHA@DF_SHA(1.1),Health expenditure and financing,I,KOR,Korea,A,Annual,EXP_HEALTH,Expenditure,USD_PPP_PS,"US dollars per person, PPP converted",HF21,Voluntary health insurance schemes,_Z,Not application,_T,Total,_T,Total,_T,Total,_Z,Not applicable,_Z,Not applicable,V,Current prices,2017,,194.525,,,,,,,,,,,,0,Units,1,One
DATAFLOW,OECD.ELS.HD:DSD_SHA@DF_SHA(1.1),Health expenditure and financing,I,KOR,Korea,A,Annual,EXP_HEALTH,Expenditure,USD_PPP_PS,"US dollars per person, PPP converted",HF21,Voluntary health insurance schemes,_Z,Not application,_T,Total,_T,Total,_T,Total,_Z,Not applicable,_Z,Not applicable,V,Current prices,2018,,222.198,,,,,,,,,,,,0,Units,1,One
DATAFLOW,OECD.ELS.HD:DSD_SHA@DF_SHA(1.1),Health expenditure and financing,I,KOR,Korea,A,Annual,EXP_HEALTH,Expenditure,USD_PPP_PS,"US dollars per person, PPP converted",HF21,Voluntary health insurance schemes,_Z,Not application,_T,Total,_T,Total,_T,Total,_Z,Not applicable,_Z,Not applicable,V,Current prices,2019,,266.931,,,,,,,,,,,,0,Units,1,One
DATAFLOW,OECD.ELS.HD:DSD_SHA@DF_SHA(1.1),Health expenditure and financing,I,KOR,Korea,A,Annual,EXP_HEALTH,Expenditure,USD_PPP_PS,"US dollars per person, PPP converted",HF21,Voluntary health insurance schemes,_Z,Not application,_T,Total,_T,Total,_T,Total,_Z,Not applicable,_Z,Not applicable,V,Current prices,2020,,303.287,,,,,,,,,,,,0,Units,1,One
DATAFLOW,OECD.ELS.HD:DSD_SHA@DF_SHA(1.1),Health expenditure and financing,I,KOR,Korea,A,Annual,EXP_HEALTH,Expenditure,USD_PPP_PS,"US dollars per person, PPP converted",HF21,Voluntary health insurance schemes,_Z,Not application,_T,Total,_T,Total,_T,Total,_Z,Not applicable,_Z,Not applicable,V,Current prices,2021,,325.991,,,,,,,,,,,,0,Units,1,One
DATAFLOW,OECD.ELS.HD:DSD_SHA@DF_SHA(1.1),Health expenditure and financing,I,KOR,Korea,A,Annual,EXP_HEALTH,Expenditure,USD_PPP_PS,"US dollars per person, PPP converted",HF21,Voluntary health insurance schemes,_Z,Not application,_T,Total,_T,Total,_T,Total,_Z,Not applicable,_Z,Not applicable,V,Current prices,2022,,328.721,,,,,,,,,,,,0,Units,1,One
DATAFLOW,OECD.ELS.HD:DSD_SHA@DF_SHA(1.1),Health expenditure and financing,I,KOR,Korea,A,Annual,EXP_HEALTH,Expenditure,USD_PPP_PS,"US dollars per person, PPP converted",HF21,Voluntary health insurance schemes,_Z,Not application,_T,Total,_T,Total,_T,Total,_Z,Not applicable,_Z,Not applicable,V,Current prices,2023,,391.984,,,,,,,,,,,,0,Units,1,One
DATAFLOW,OECD.ELS.HD:DSD_SHA@DF_SHA(1.1),Health expenditure and financing,I,KOR,Korea,A,Annual,EXP_HEALTH,Expenditure,USD_PPP_PS,"US dollars per person, PPP converted",HF21,Voluntary health insurance schemes,_Z,Not application,_T,Total,_T,Total,_T,Total,_Z,Not applicable,_Z,Not applicable,V,Current prices,2024,,463.078,,,,,,,,,,,,0,Units,1,One
DATAFLOW,OECD.ELS.HD:DSD_SHA@DF_SHA(1.1),Health expenditure and financing,I,KOR,Korea,A,Annual,EXP_HEALTH,Expenditure,USD_PPP_PS,"US dollars per person, PPP converted",HF122,Compulsory private insurance schemes,_Z,Not application,_T,Total,_T,Total,_T,Total,_Z,Not applicable,_Z,Not applicable,V,Current prices,2015,,38.429,,,,,,,,,,,,0,Units,1,One
DATAFLOW,OECD.ELS.HD:DSD_SHA@DF_SHA(1.1),Health expenditure and financing,I,KOR,Korea,A,Annual,EXP_HEALTH,Expenditure,USD_PPP_PS,"US dollars per person, PPP converted",HF122,Compulsory private insurance schemes,_Z,Not application,_T,Total,_T,Total,_T,Total,_Z,Not applicable,_Z,Not applicable,V,Current prices,2016,,40.463,,,,,,,,,,,,0,Units,1,One
DATAFLOW,OECD.ELS.HD:DSD_SHA@DF_SHA(1.1),Health expenditure and financing,I,KOR,Korea,A,Annual,EXP_HEALTH,Expenditure,USD_PPP_PS,"US dollars per person, PPP converted",HF122,Compulsory private insurance schemes,_Z,Not application,_T,Total,_T,Total,_T,Total,_Z,Not applicable,_Z,Not applicable,V,Current prices,2017,,42.318,,,,,,,,,,,,0,Units,1,One
DATAFLOW,OECD.ELS.HD:DSD_SHA@DF_SHA(1.1),Health expenditure and financing,I,KOR,Korea,A,Annual,EXP_HEALTH,Expenditure,USD_PPP_PS,"US dollars per person, PPP converted",HF122,Compulsory private insurance schemes,_Z,Not application,_T,Total,_T,Total,_T,Total,_Z,Not applicable,_Z,Not applicable,V,Current prices,2018,,46.106,,,,,,,,,,,,0,Units,1,One
DATAFLOW,OECD.ELS.HD:DSD_SHA@DF_SHA(1.1),Health expenditure and financing,I,KOR,Korea,A,Annual,EXP_HEALTH,Expenditure,USD_PPP_PS,"US dollars per person, PPP converted",HF122,Compulsory private insurance schemes,_Z,Not application,_T,Total,_T,Total,_T,Total,_Z,Not applicable,_Z,Not applicable,V,Current prices,2019,,51.096,,,,,,,,,,,,0,Units,1,One
DATAFLOW,OECD.ELS.HD:DSD_SHA@DF_SHA(1.1),Health expenditure and financing,I,KOR,Korea,A,Annual,EXP_HEALTH,Expenditure,USD_PPP_PS,"US dollars per person, PPP converted",HF122,Compulsory private insurance schemes,_Z,Not application,_T,Total,_T,Total,_T,Total,_Z,Not applicable,_Z,Not applicable,V,Current prices,2020,,54.335,,,,,,,,,,,,0,Units,1,One
DATAFLOW,OECD.ELS.HD:DSD_SHA@DF_SHA(1.1),Health expenditure and financing,I,KOR,Korea,A,Annual,EXP_HEALTH,Expenditure,USD_PPP_PS,"US dollars per person, PPP converted",HF122,Compulsory private insurance schemes,_Z,Not application,_T,Total,_T,Total,_T,Total,_Z,Not applicable,_Z,Not applicable,V,Current prices,2021,,56.643,,,,,,,,,,,,0,Units,1,One
DATAFLOW,OECD.ELS.HD:DSD_SHA@DF_SHA(1.1),Health expenditure and financing,I,KOR,Korea,A,Annual,EXP_HEALTH,Expenditure,USD_PPP_PS,"US dollars per person, PPP converted",HF122,Compulsory private insurance schemes,_Z,Not application,_T,Total,_T,Total,_T,Total,_Z,Not applicable,_Z,Not applicable,V,Current prices,2022,,61.303,,,,,,,,,,,,0,Units,1,One
DATAFLOW,OECD.ELS.HD:DSD_SHA@DF_SHA(1.1),Health expenditure and financing,I,KOR,Korea,A,Annual,EXP_HEALTH,Expenditure,USD_PPP_PS,"US dollars per person, PPP converted",HF122,Compulsory private insurance schemes,_Z,Not application,_T,Total,_T,Total,_T,Total,_Z,Not applicable,_Z,Not applicable,V,Current prices,2023,,65.865,,,,,,,,,,,,0,Units,1,One
DATAFLOW,OECD.ELS.HD:DSD_SHA@DF_SHA(1.1),Health expenditure and financing,I,KOR,Korea,A,Annual,EXP_HEALTH,Expenditure,USD_PPP_PS,"US dollars per person, PPP converted",HF122,Compulsory private insurance schemes,_Z,Not application,_T,Total,_T,Total,_T,Total,_Z,Not applicable,_Z,Not applicable,V,Current prices,2024,,69.417,,,,,,,,,,,,0,Units,1,One
DATAFLOW,OECD.ELS.HD:DSD_SHA@DF_SHA(1.1),Health expenditure and financing,I,KOR,Korea,A,Annual,EXP_HEALTH,Expenditure,USD_PPP_PS,"US dollars per person, PPP converted",HF2,Voluntary healthcare payment schemes,_Z,Not application,_T,Total,_T,Total,_T,Total,_Z,Not applicable,_Z,Not applicable,V,Current prices,2015,,164.849,,,,,,,,,,,,0,Units,1,One
DATAFLOW,OECD.ELS.HD:DSD_SHA@DF_SHA(1.1),Health expenditure and financing,I,KOR,Korea,A,Annual,EXP_HEALTH,Expenditure,USD_PPP_PS,"US dollars per person, PPP converted",HF2,Voluntary healthcare payment schemes,_Z,Not application,_T,Total,_T,Total,_T,Total,_Z,Not applicable,_Z,Not applicable,V,Current prices,2016,,188.012,,,,,,,,,,,,0,Units,1,One
DATAFLOW,OECD.ELS.HD:DSD_SHA@DF_SHA(1.1),Health expenditure and financing,I,KOR,Korea,A,Annual,EXP_HEALTH,Expenditure,USD_PPP_PS,"US dollars per person, PPP converted",HF2,Voluntary healthcare payment schemes,_Z,Not application,_T,Total,_T,Total,_T,Total,_Z,Not applicable,_Z,Not applicable,V,Current prices,2017,,198.465,,,,,,,,,,,,0,Units,1,One
DATAFLOW,OECD.ELS.HD:DSD_SHA@DF_SHA(1.1),Health expenditure and financing,I,KOR,Korea,A,Annual,EXP_HEALTH,Expenditure,USD_PPP_PS,"US dollars per person, PPP converted",HF2,Voluntary healthcare payment schemes,_Z,Not application,_T,Total,_T,Total,_T,Total,_Z,Not applicable,_Z,Not applicable,V,Current prices,2018,,226.559,,,,,,,,,,,,0,Units,1,One
DATAFLOW,OECD.ELS.HD:DSD_SHA@DF_SHA(1.1),Health expenditure and financing,I,KOR,Korea,A,Annual,EXP_HEALTH,Expenditure,USD_PPP_PS,"US dollars per person, PPP converted",HF2,Voluntary healthcare payment schemes,_Z,Not application,_T,Total,_T,Total,_T,Total,_Z,Not applicable,_Z,Not applicable,V,Current prices,2019,,271.476,,,,,,,,,,,,0,Units,1,One
DATAFLOW,OECD.ELS.HD:DSD_SHA@DF_SHA(1.1),Health expenditure and financing,I,KOR,Korea,A,Annual,EXP_HEALTH,Expenditure,USD_PPP_PS,"US dollars per person, PPP converted",HF2,Voluntary healthcare payment schemes,_Z,Not application,_T,Total,_T,Total,_T,Total,_Z,Not applicable,_Z,Not applicable,V,Current prices,2020,,308.131,,,,,,,,,,,,0,Units,1,One
DATAFLOW,OECD.ELS.HD:DSD_SHA@DF_SHA(1.1),Health expenditure and financing,I,KOR,Korea,A,Annual,EXP_HEALTH,Expenditure,USD_PPP_PS,"US dollars per person, PPP converted",HF2,Voluntary healthcare payment schemes,_Z,Not application,_T,Total,_T,Total,_T,Total,_Z,Not applicable,_Z,Not applicable,V,Current prices,2021,,331.587,,,,,,,,,,,,0,Units,1,One
DATAFLOW,OECD.ELS.HD:DSD_SHA@DF_SHA(1.1),Health expenditure and financing,I,KOR,Korea,A,Annual,EXP_HEALTH,Expenditure,USD_PPP_PS,"US dollars per person, PPP converted",HF2,Voluntary healthcare payment schemes,_Z,Not application,_T,Total,_T,Total,_T,Total,_Z,Not applicable,_Z,Not applicable,V,Current prices,2022,,334.562,,,,,,,,,,,,0,Units,1,One
DATAFLOW,OECD.ELS.HD:DSD_SHA@DF_SHA(1.1),Health expenditure and financing,I,KOR,Korea,A,Annual,EXP_HEALTH,Expenditure,USD_PPP_PS,"US dollars per person, PPP converted",HF2,Voluntary healthcare payment schemes,_Z,Not application,_T,Total,_T,Total,_T,Total,_Z,Not applicable,_Z,Not applicable,V,Current prices,2023,,398.615,,,,,,,,,,,,0,Units,1,One
DATAFLOW,OECD.ELS.HD:DSD_SHA@DF_SHA(1.1),Health expenditure and financing,I,KOR,Korea,A,Annual,EXP_HEALTH,Expenditure,USD_PPP_PS,"US dollars per person, PPP converted",HF2,Voluntary healthcare payment schemes,_Z,Not application,_T,Total,_T,Total,_T,Total,_Z,Not applicable,_Z,Not applicable,V,Current prices,2024,,472.103,,,,,,,,,,,,0,Units,1,One
DATAFLOW,OECD.ELS.HD:DSD_SHA@DF_SHA(1.1),Health expenditure and financing,I,KOR,Korea,A,Annual,EXP_HEALTH,Expenditure,USD_PPP_PS,"US dollars per person, PPP converted",HF32,Cost-sharing with third-party payers,_Z,Not application,_T,Total,_T,Total,_T,Total,_Z,Not applicable,_Z,Not applicable,V,Current prices,2015,,379.58,,,,,,,,,,,,0,Units,1,One
DATAFLOW,OECD.ELS.HD:DSD_SHA@DF_SHA(1.1),Health expenditure and financing,I,KOR,Korea,A,Annual,EXP_HEALTH,Expenditure,USD_PPP_PS,"US dollars per person, PPP converted",HF32,Cost-sharing with third-party payers,_Z,Not application,_T,Total,_T,Total,_T,Total,_Z,Not applicable,_Z,Not applicable,V,Current prices,2016,,413.376,,,,,,,,,,,,0,Units,1,One
DATAFLOW,OECD.ELS.HD:DSD_SHA@DF_SHA(1.1),Health expenditure and financing,I,KOR,Korea,A,Annual,EXP_HEALTH,Expenditure,USD_PPP_PS,"US dollars per person, PPP converted",HF32,Cost-sharing with third-party payers,_Z,Not application,_T,Total,_T,Total,_T,Total,_Z,Not applicable,_Z,Not applicable,V,Current prices,2017,,435.256,,,,,,,,,,,,0,Units,1,One
DATAFLOW,OECD.ELS.HD:DSD_SHA@DF_SHA(1.1),Health expenditure and financing,I,KOR,Korea,A,Annual,EXP_HEALTH,Expenditure,USD_PPP_PS,"US dollars per person, PPP converted",HF32,Cost-sharing with third-party payers,_Z,Not application,_T,Total,_T,Total,_T,Total,_Z,Not applicable,_Z,Not applicable,V,Current prices,2018,,469.616,,,,,,,,,,,,0,Units,1,One
DATAFLOW,OECD.ELS.HD:DSD_SHA@DF_SHA(1.1),Health expenditure and financing,I,KOR,Korea,A,Annual,EXP_HEALTH,Expenditure,USD_PPP_PS,"US dollars per person, PPP converted",HF32,Cost-sharing with third-party payers,_Z,Not application,_T,Total,_T,Total,_T,Total,_Z,Not applicable,_Z,Not applicable,V,Current prices,2019,,513.253,,,,,,,,,,,,0,Units,1,One
DATAFLOW,OECD.ELS.HD:DSD_SHA@DF_SHA(1.1),Health expenditure and financing,I,KOR,Korea,A,Annual,EXP_HEALTH,Expenditure,USD_PPP_PS,"US dollars per person, PPP converted",HF32,Cost-sharing with third-party payers,_Z,Not application,_T,Total,_T,Total,_T,Total,_Z,Not applicable,_Z,Not applicable,V,Current prices,2020,,515.051,,,,,,,,,,,,0,Units,1,One
DATAFLOW,OECD.ELS.HD:DSD_SHA@DF_SHA(1.1),Health expenditure and financing,I,KOR,Korea,A,Annual,EXP_HEALTH,Expenditure,USD_PPP_PS,"US dollars per person, PPP converted",HF32,Cost-sharing with third-party payers,_Z,Not application,_T,Total,_T,Total,_T,Total,_Z,Not applicable,_Z,Not applicable,V,Current prices,2021,,557.747,,,,,,,,,,,,0,Units,1,One
DATAFLOW,OECD.ELS.HD:DSD_SHA@DF_SHA(1.1),Health expenditure and financing,I,KOR,Korea,A,Annual,EXP_HEALTH,Expenditure,USD_PPP_PS,"US dollars per person, PPP converted",HF32,Cost-sharing with third-party payers,_Z,Not application,_T,Total,_T,Total,_T,Total,_Z,Not applicable,_Z,Not applicable,V,Current prices,2022,,627.873,,,,,,,,,,,,0,Units,1,One
DATAFLOW,OECD.ELS.HD:DSD_SHA@DF_SHA(1.1),Health expenditure and financing,I,KOR,Korea,A,Annual,EXP_HEALTH,Expenditure,USD_PPP_PS,"US dollars per person, PPP converted",HF32,Cost-sharing with third-party payers,_Z,Not application,_T,Total,_T,Total,_T,Total,_Z,Not applicable,_Z,Not applicable,V,Current prices,2023,,702.788,,,,,,,,,,,,0,Units,1,One
DATAFLOW,OECD.ELS.HD:DSD_SHA@DF_SHA(1.1),Health expenditure and financing,I,KOR,Korea,A,Annual,EXP_HEALTH,Expenditure,USD_PPP_PS,"US dollars per person, PPP converted",HF32,Cost-sharing with third-party payers,_Z,Not application,_T,Total,_T,Total,_T,Total,_Z,Not applicable,_Z,Not applicable,V,Current prices,2024,,746.03,,,,,,,,,,,,0,Units,1,One
DATAFLOW,OECD.ELS.HD:DSD_SHA@DF_SHA(1.1),Health expenditure and financing,I,KOR,Korea,A,Annual,EXP_HEALTH,Expenditure,USD_PPP_PS,"US dollars per person, PPP converted",HF3,Household out-of-pocket payments,_Z,Not application,_T,Total,_T,Total,_T,Total,_Z,Not applicable,_Z,Not applicable,V,Current prices,2015,,957.331,,,,,,,,,,,,0,Units,1,One
DATAFLOW,OECD.ELS.HD:DSD_SHA@DF_SHA(1.1),Health expenditure and financing,I,KOR,Korea,A,Annual,EXP_HEALTH,Expenditure,USD_PPP_PS,"US dollars per person, PPP converted",HF3,Household out-of-pocket payments,_Z,Not application,_T,Total,_T,Total,_T,Total,_Z,Not applicable,_Z,Not applicable,V,Current prices,2016,,981.569,,,,,,,,,,,,0,Units,1,One
DATAFLOW,OECD.ELS.HD:DSD_SHA@DF_SHA(1.1),Health expenditure and financing,I,KOR,Korea,A,Annual,EXP_HEALTH,Expenditure,USD_PPP_PS,"US dollars per person, PPP converted",HF3,Household out-of-pocket payments,_Z,Not application,_T,Total,_T,Total,_T,Total,_Z,Not applicable,_Z,Not applicable,V,Current prices,2017,,1013.771,,,,,,,,,,,,0,Units,1,One
DATAFLOW,OECD.ELS.HD:DSD_SHA@DF_SHA(1.1),Health expenditure and financing,I,KOR,Korea,A,Annual,EXP_HEALTH,Expenditure,USD_PPP_PS,"US dollars per person, PPP converted",HF3,Household out-of-pocket payments,_Z,Not application,_T,Total,_T,Total,_T,Total,_Z,Not applicable,_Z,Not applicable,V,Current prices,2018,,1071.907,,,,,,,,,,,,0,Units,1,One
DATAFLOW,OECD.ELS.HD:DSD_SHA@DF_SHA(1.1),Health expenditure and financing,I,KOR,Korea,A,Annual,EXP_HEALTH,Expenditure,USD_PPP_PS,"US dollars per person, PPP converted",HF3,Household out-of-pocket payments,_Z,Not application,_T,Total,_T,Total,_T,Total,_Z,Not applicable,_Z,Not applicable,V,Current prices,2019,,1108.339,,,,,,,,,,,,0,Units,1,One
DATAFLOW,OECD.ELS.HD:DSD_SHA@DF_SHA(1.1),Health expenditure and financing,I,KOR,Korea,A,Annual,EXP_HEALTH,Expenditure,USD_PPP_PS,"US dollars per person, PPP converted",HF3,Household out-of-pocket payments,_Z,Not application,_T,Total,_T,Total,_T,Total,_Z,Not applicable,_Z,Not applicable,V,Current prices,2020,,1150.69,,,,,,,,,,,,0,Units,1,One
DATAFLOW,OECD.ELS.HD:DSD_SHA@DF_SHA(1.1),Health expenditure and financing,I,KOR,Korea,A,Annual,EXP_HEALTH,Expenditure,USD_PPP_PS,"US dollars per person, PPP converted",HF3,Household out-of-pocket payments,_Z,Not application,_T,Total,_T,Total,_T,Total,_Z,Not applicable,_Z,Not applicable,V,Current prices,2021,,1222.861,,,,,,,,,,,,0,Units,1,One
DATAFLOW,OECD.ELS.HD:DSD_SHA@DF_SHA(1.1),Health expenditure and financing,I,KOR,Korea,A,Annual,EXP_HEALTH,Expenditure,USD_PPP_PS,"US dollars per person, PPP converted",HF3,Household out-of-pocket payments,_Z,Not application,_T,Total,_T,Total,_T,Total,_Z,Not applicable,_Z,Not applicable,V,Current prices,2022,,1382.979,,,,,,,,,,,,0,Units,1,One
DATAFLOW,OECD.ELS.HD:DSD_SHA@DF_SHA(1.1),Health expenditure and financing,I,KOR,Korea,A,Annual,EXP_HEALTH,Expenditure,USD_PPP_PS,"US dollars per person, PPP converted",HF3,Household out-of-pocket payments,_Z,Not application,_T,Total,_T,Total,_T,Total,_Z,Not applicable,_Z,Not applicable,V,Current prices,2023,,1483.967,,,,,,,,,,,,0,Units,1,One
DATAFLOW,OECD.ELS.HD:DSD_SHA@DF_SHA(1.1),Health expenditure and financing,I,KOR,Korea,A,Annual,EXP_HEALTH,Expenditure,USD_PPP_PS,"US dollars per person, PPP converted",HF3,Household out-of-pocket payments,_Z,Not application,_T,Total,_T,Total,_T,Total,_Z,Not applicable,_Z,Not applicable,V,Current prices,2024,,1577.626,,,,,,,,,,,,0,Units,1,One
DATAFLOW,OECD.ELS.HD:DSD_SHA@DF_SHA(1.1),Health expenditure and financing,I,KOR,Korea,A,Annual,EXP_HEALTH,Expenditure,USD_PPP_PS,"US dollars per person, PPP converted",HF31,Out-of-pocket excluding cost-sharing,_Z,Not application,_T,Total,_T,Total,_T,Total,_Z,Not applicable,_Z,Not applicable,V,Current prices,2015,,577.751,,,,,,,,,,,,0,Units,1,One
DATAFLOW,OECD.ELS.HD:DSD_SHA@DF_SHA(1.1),Health expenditure and financing,I,KOR,Korea,A,Annual,EXP_HEALTH,Expenditure,USD_PPP_PS,"US dollars per person, PPP converted",HF31,Out-of-pocket excluding cost-sharing,_Z,Not application,_T,Total,_T,Total,_T,Total,_Z,Not applicable,_Z,Not applicable,V,Current prices,2016,,568.194,,,,,,,,,,,,0,Units,1,One
DATAFLOW,OECD.ELS.HD:DSD_SHA@DF_SHA(1.1),Health expenditure and financing,I,KOR,Korea,A,Annual,EXP_HEALTH,Expenditure,USD_PPP_PS,"US dollars per person, PPP converted",HF31,Out-of-pocket excluding cost-sharing,_Z,Not application,_T,Total,_T,Total,_T,Total,_Z,Not applicable,_Z,Not applicable,V,Current prices,2017,,578.515,,,,,,,,,,,,0,Units,1,One
DATAFLOW,OECD.ELS.HD:DSD_SHA@DF_SHA(1.1),Health expenditure and financing,I,KOR,Korea,A,Annual,EXP_HEALTH,Expenditure,USD_PPP_PS,"US dollars per person, PPP converted",HF31,Out-of-pocket excluding cost-sharing,_Z,Not application,_T,Total,_T,Total,_T,Total,_Z,Not applicable,_Z,Not applicable,V,Current prices,2018,,602.291,,,,,,,,,,,,0,Units,1,One
DATAFLOW,OECD.ELS.HD:DSD_SHA@DF_SHA(1.1),Health expenditure and financing,I,KOR,Korea,A,Annual,EXP_HEALTH,Expenditure,USD_PPP_PS,"US dollars per person, PPP converted",HF31,Out-of-pocket excluding cost-sharing,_Z,Not application,_T,Total,_T,Total,_T,Total,_Z,Not applicable,_Z,Not applicable,V,Current prices,2019,,595.086,,,,,,,,,,,,0,Units,1,One
DATAFLOW,OECD.ELS.HD:DSD_SHA@DF_SHA(1.1),Health expenditure and financing,I,KOR,Korea,A,Annual,EXP_HEALTH,Expenditure,USD_PPP_PS,"US dollars per person, PPP converted",HF31,Out-of-pocket excluding cost-sharing,_Z,Not application,_T,Total,_T,Total,_T,Total,_Z,Not applicable,_Z,Not applicable,V,Current prices,2020,,635.639,,,,,,,,,,,,0,Units,1,One
DATAFLOW,OECD.ELS.HD:DSD_SHA@DF_SHA(1.1),Health expenditure and financing,I,KOR,Korea,A,Annual,EXP_HEALTH,Expenditure,USD_PPP_PS,"US dollars per person, PPP converted",HF31,Out-of-pocket excluding cost-sharing,_Z,Not application,_T,Total,_T,Total,_T,Total,_Z,Not applicable,_Z,Not applicable,V,Current prices,2021,,665.114,,,,,,,,,,,,0,Units,1,One
DATAFLOW,OECD.ELS.HD:DSD_SHA@DF_SHA(1.1),Health expenditure and financing,I,KOR,Korea,A,Annual,EXP_HEALTH,Expenditure,USD_PPP_PS,"US dollars per person, PPP converted",HF31,Out-of-pocket excluding cost-sharing,_Z,Not application,_T,Total,_T,Total,_T,Total,_Z,Not applicable,_Z,Not applicable,V,Current prices,2022,,755.106,,,,,,,,,,,,0,Units,1,One
DATAFLOW,OECD.ELS.HD:DSD_SHA@DF_SHA(1.1),Health expenditure and financing,I,KOR,Korea,A,Annual,EXP_HEALTH,Expenditure,USD_PPP_PS,"US dollars per person, PPP converted",HF31,Out-of-pocket excluding cost-sharing,_Z,Not application,_T,Total,_T,Total,_T,Total,_Z,Not applicable,_Z,Not applicable,V,Current prices,2023,,781.18,,,,,,,,,,,,0,Units,1,One
DATAFLOW,OECD.ELS.HD:DSD_SHA@DF_SHA(1.1),Health expenditure and financing,I,KOR,Korea,A,Annual,EXP_HEALTH,Expenditure,USD_PPP_PS,"US dollars per person, PPP converted",HF31,Out-of-pocket excluding cost-sharing,_Z,Not application,_T,Total,_T,Total,_T,Total,_Z,Not applicable,_Z,Not applicable,V,Current prices,2024,,831.596,,,,,,,,,,,,0,Units,1,One
DATAFLOW,OECD.ELS.HD:DSD_SHA@DF_SHA(1.1),Health expenditure and financing,I,KOR,Korea,A,Annual,EXP_HEALTH,Expenditure,USD_PPP_PS,"US dollars per person, PPP converted",HF12HF13,Compulsory contributory health insurance schemes,_Z,Not application,_T,Total,_T,Total,_T,Total,_Z,Not applicable,_Z,Not applicable,V,Current prices,2015,,1160.082,,,,,,,,,,,,0,Units,1,One
DATAFLOW,OECD.ELS.HD:DSD_SHA@DF_SHA(1.1),Health expenditure and financing,I,KOR,Korea,A,Annual,EXP_HEALTH,Expenditure,USD_PPP_PS,"US dollars per person, PPP converted",HF12HF13,Compulsory contributory health insurance schemes,_Z,Not application,_T,Total,_T,Total,_T,Total,_Z,Not applicable,_Z,Not applicable,V,Current prices,2016,,1255.607,,,,,,,,,,,,0,Units,1,One
DATAFLOW,OECD.ELS.HD:DSD_SHA@DF_SHA(1.1),Health expenditure and financing,I,KOR,Korea,A,Annual,EXP_HEALTH,Expenditure,USD_PPP_PS,"US dollars per person, PPP converted",HF12HF13,Compulsory contributory health insurance schemes,_Z,Not application,_T,Total,_T,Total,_T,Total,_Z,Not applicable,_Z,Not applicable,V,Current prices,2017,,1334.488,,,,,,,,,,,,0,Units,1,One
DATAFLOW,OECD.ELS.HD:DSD_SHA@DF_SHA(1.1),Health expenditure and financing,I,KOR,Korea,A,Annual,EXP_HEALTH,Expenditure,USD_PPP_PS,"US dollars per person, PPP converted",HF12HF13,Compulsory contributory health insurance schemes,_Z,Not application,_T,Total,_T,Total,_T,Total,_Z,Not applicable,_Z,Not applicable,V,Current prices,2018,,1491.57,,,,,,,,,,,,0,Units,1,One
DATAFLOW,OECD.ELS.HD:DSD_SHA@DF_SHA(1.1),Health expenditure and financing,I,KOR,Korea,A,Annual,EXP_HEALTH,Expenditure,USD_PPP_PS,"US dollars per person, PPP converted",HF12HF13,Compulsory contributory health insurance schemes,_Z,Not application,_T,Total,_T,Total,_T,Total,_Z,Not applicable,_Z,Not applicable,V,Current prices,2019,,1660.943,,,,,,,,,,,,0,Units,1,One
DATAFLOW,OECD.ELS.HD:DSD_SHA@DF_SHA(1.1),Health expenditure and financing,I,KOR,Korea,A,Annual,EXP_HEALTH,Expenditure,USD_PPP_PS,"US dollars per person, PPP converted",HF12HF13,Compulsory contributory health insurance schemes,_Z,Not application,_T,Total,_T,Total,_T,Total,_Z,Not applicable,_Z,Not applicable,V,Current prices,2020,,1732.841,,,,,,,,,,,,0,Units,1,One
DATAFLOW,OECD.ELS.HD:DSD_SHA@DF_SHA(1.1),Health expenditure and financing,I,KOR,Korea,A,Annual,EXP_HEALTH,Expenditure,USD_PPP_PS,"US dollars per person, PPP converted",HF12HF13,Compulsory contributory health insurance schemes,_Z,Not application,_T,Total,_T,Total,_T,Total,_Z,Not applicable,_Z,Not applicable,V,Current prices,2021,,1897.1,,,,,,,,,,,,0,Units,1,One
DATAFLOW,OECD.ELS.HD:DSD_SHA@DF_SHA(1.1),Health expenditure and financing,I,KOR,Korea,A,Annual,EXP_HEALTH,Expenditure,USD_PPP_PS,"US dollars per person, PPP converted",HF12HF13,Compulsory contributory health insurance schemes,_Z,Not application,_T,Total,_T,Total,_T,Total,_Z,Not applicable,_Z,Not applicable,V,Current prices,2022,,2170.35,,,,,,,,,,,,0,Units,1,One
DATAFLOW,OECD.ELS.HD:DSD_SHA@DF_SHA(1.1),Health expenditure and financing,I,KOR,Korea,A,Annual,EXP_HEALTH,Expenditure,USD_PPP_PS,"US dollars per person, PPP converted",HF12HF13,Compulsory contributory health insurance schemes,_Z,Not application,_T,Total,_T,Total,_T,Total,_Z,Not applicable,_Z,Not applicable,V,Current prices,2023,,2328.923,,,,,,,,,,,,0,Units,1,One
DATAFLOW,OECD.ELS.HD:DSD_SHA@DF_SHA(1.1),Health expenditure and financing,I,KOR,Korea,A,Annual,EXP_HEALTH,Expenditure,USD_PPP_PS,"US dollars per person, PPP converted",HF12HF13,Compulsory contributory health insurance schemes,_Z,Not application,_T,Total,_T,Total,_T,Total,_Z,Not applicable,_Z,Not applicable,V,Current prices,2024,,2512.131,,,,,,,,,,,,0,Units,1,One
DATAFLOW,OECD.ELS.HD:DSD_SHA@DF_SHA(1.1),Health expenditure and financing,I,KOR,Korea,A,Annual,EXP_HEALTH,Expenditure,USD_PPP_PS,"US dollars per person, PPP converted",HF121,Social health insurance schemes,_Z,Not application,_T,Total,_T,Total,_T,Total,_Z,Not applicable,_Z,Not applicable,V,Current prices,2015,,1121.653,,,,,,,,,,,,0,Units,1,One
DATAFLOW,OECD.ELS.HD:DSD_SHA@DF_SHA(1.1),Health expenditure and financing,I,KOR,Korea,A,Annual,EXP_HEALTH,Expenditure,USD_PPP_PS,"US dollars per person, PPP converted",HF121,Social health insurance schemes,_Z,Not application,_T,Total,_T,Total,_T,Total,_Z,Not applicable,_Z,Not applicable,V,Current prices,2016,,1215.144,,,,,,,,,,,,0,Units,1,One
DATAFLOW,OECD.ELS.HD:DSD_SHA@DF_SHA(1.1),Health expenditure and financing,I,KOR,Korea,A,Annual,EXP_HEALTH,Expenditure,USD_PPP_PS,"US dollars per person, PPP converted",HF121,Social health insurance schemes,_Z,Not application,_T,Total,_T,Total,_T,Total,_Z,Not applicable,_Z,Not applicable,V,Current prices,2017,,1292.169,,,,,,,,,,,,0,Units,1,One
DATAFLOW,OECD.ELS.HD:DSD_SHA@DF_SHA(1.1),Health expenditure and financing,I,KOR,Korea,A,Annual,EXP_HEALTH,Expenditure,USD_PPP_PS,"US dollars per person, PPP converted",HF121,Social health insurance schemes,_Z,Not application,_T,Total,_T,Total,_T,Total,_Z,Not applicable,_Z,Not applicable,V,Current prices,2018,,1445.464,,,,,,,,,,,,0,Units,1,One
DATAFLOW,OECD.ELS.HD:DSD_SHA@DF_SHA(1.1),Health expenditure and financing,I,KOR,Korea,A,Annual,EXP_HEALTH,Expenditure,USD_PPP_PS,"US dollars per person, PPP converted",HF121,Social health insurance schemes,_Z,Not application,_T,Total,_T,Total,_T,Total,_Z,Not applicable,_Z,Not applicable,V,Current prices,2019,,1609.847,,,,,,,,,,,,0,Units,1,One
DATAFLOW,OECD.ELS.HD:DSD_SHA@DF_SHA(1.1),Health expenditure and financing,I,KOR,Korea,A,Annual,EXP_HEALTH,Expenditure,USD_PPP_PS,"US dollars per person, PPP converted",HF121,Social health insurance schemes,_Z,Not application,_T,Total,_T,Total,_T,Total,_Z,Not applicable,_Z,Not applicable,V,Current prices,2020,,1678.506,,,,,,,,,,,,0,Units,1,One
DATAFLOW,OECD.ELS.HD:DSD_SHA@DF_SHA(1.1),Health expenditure and financing,I,KOR,Korea,A,Annual,EXP_HEALTH,Expenditure,USD_PPP_PS,"US dollars per person, PPP converted",HF121,Social health insurance schemes,_Z,Not application,_T,Total,_T,Total,_T,Total,_Z,Not applicable,_Z,Not applicable,V,Current prices,2021,,1840.458,,,,,,,,,,,,0,Units,1,One
DATAFLOW,OECD.ELS.HD:DSD_SHA@DF_SHA(1.1),Health expenditure and financing,I,KOR,Korea,A,Annual,EXP_HEALTH,Expenditure,USD_PPP_PS,"US dollars per person, PPP converted",HF121,Social health insurance schemes,_Z,Not application,_T,Total,_T,Total,_T,Total,_Z,Not applicable,_Z,Not applicable,V,Current prices,2022,,2109.048,,,,,,,,,,,,0,Units,1,One
DATAFLOW,OECD.ELS.HD:DSD_SHA@DF_SHA(1.1),Health expenditure and financing,I,KOR,Korea,A,Annual,EXP_HEALTH,Expenditure,USD_PPP_PS,"US dollars per person, PPP converted",HF121,Social health insurance schemes,_Z,Not application,_T,Total,_T,Total,_T,Total,_Z,Not applicable,_Z,Not applicable,V,Current prices,2023,,2263.058,,,,,,,,,,,,0,Units,1,One
DATAFLOW,OECD.ELS.HD:DSD_SHA@DF_SHA(1.1),Health expenditure and financing,I,KOR,Korea,A,Annual,EXP_HEALTH,Expenditure,USD_PPP_PS,"US dollars per person, PPP converted",HF121,Social health insurance schemes,_Z,Not application,_T,Total,_T,Total,_T,Total,_Z,Not applicable,_Z,Not applicable,V,Current prices,2024,,2442.714,,,,,,,,,,,,0,Units,1,One
DATAFLOW,OECD.ELS.HD:DSD_SHA@DF_SHA(1.1),Health expenditure and financing,I,KOR,Korea,A,Annual,EXP_HEALTH,Expenditure,USD_PPP_PS,"US dollars per person, PPP converted",HF2HF3,Voluntary schemes/household out-of-pocket payments,_Z,Not application,_T,Total,_T,Total,_T,Total,_Z,Not applicable,_Z,Not applicable,V,Current prices,2015,,1122.18,,,,,,,,,,,,0,Units,1,One
DATAFLOW,OECD.ELS.HD:DSD_SHA@DF_SHA(1.1),Health expenditure and financing,I,KOR,Korea,A,Annual,EXP_HEALTH,Expenditure,USD_PPP_PS,"US dollars per person, PPP converted",HF2HF3,Voluntary schemes/household out-of-pocket payments,_Z,Not application,_T,Total,_T,Total,_T,Total,_Z,Not applicable,_Z,Not applicable,V,Current prices,2016,,1169.581,,,,,,,,,,,,0,Units,1,One
DATAFLOW,OECD.ELS.HD:DSD_SHA@DF_SHA(1.1),Health expenditure and financing,I,KOR,Korea,A,Annual,EXP_HEALTH,Expenditure,USD_PPP_PS,"US dollars per person, PPP converted",HF2HF3,Voluntary schemes/household out-of-pocket payments,_Z,Not application,_T,Total,_T,Total,_T,Total,_Z,Not applicable,_Z,Not applicable,V,Current prices,2017,,1212.236,,,,,,,,,,,,0,Units,1,One
DATAFLOW,OECD.ELS.HD:DSD_SHA@DF_SHA(1.1),Health expenditure and financing,I,KOR,Korea,A,Annual,EXP_HEALTH,Expenditure,USD_PPP_PS,"US dollars per person, PPP converted",HF2HF3,Voluntary schemes/household out-of-pocket payments,_Z,Not application,_T,Total,_T,Total,_T,Total,_Z,Not applicable,_Z,Not applicable,V,Current prices,2018,,1298.466,,,,,,,,,,,,0,Units,1,One
DATAFLOW,OECD.ELS.HD:DSD_SHA@DF_SHA(1.1),Health expenditure and financing,I,KOR,Korea,A,Annual,EXP_HEALTH,Expenditure,USD_PPP_PS,"US dollars per person, PPP converted",HF2HF3,Voluntary schemes/household out-of-pocket payments,_Z,Not application,_T,Total,_T,Total,_T,Total,_Z,Not applicable,_Z,Not applicable,V,Current prices,2019,,1379.815,,,,,,,,,,,,0,Units,1,One
DATAFLOW,OECD.ELS.HD:DSD_SHA@DF_SHA(1.1),Health expenditure and financing,I,KOR,Korea,A,Annual,EXP_HEALTH,Expenditure,USD_PPP_PS,"US dollars per person, PPP converted",HF2HF3,Voluntary schemes/household out-of-pocket payments,_Z,Not application,_T,Total,_T,Total,_T,Total,_Z,Not applicable,_Z,Not applicable,V,Current prices,2020,,1458.821,,,,,,,,,,,,0,Units,1,One
DATAFLOW,OECD.ELS.HD:DSD_SHA@DF_SHA(1.1),Health expenditure and financing,I,KOR,Korea,A,Annual,EXP_HEALTH,Expenditure,USD_PPP_PS,"US dollars per person, PPP converted",HF2HF3,Voluntary schemes/household out-of-pocket payments,_Z,Not application,_T,Total,_T,Total,_T,Total,_Z,Not applicable,_Z,Not applicable,V,Current prices,2021,,1554.448,,,,,,,,,,,,0,Units,1,One
DATAFLOW,OECD.ELS.HD:DSD_SHA@DF_SHA(1.1),Health expenditure and financing,I,KOR,Korea,A,Annual,EXP_HEALTH,Expenditure,USD_PPP_PS,"US dollars per person, PPP converted",HF2HF3,Voluntary schemes/household out-of-pocket payments,_Z,Not application,_T,Total,_T,Total,_T,Total,_Z,Not applicable,_Z,Not applicable,V,Current prices,2022,,1717.54,,,,,,,,,,,,0,Units,1,One
DATAFLOW,OECD.ELS.HD:DSD_SHA@DF_SHA(1.1),Health expenditure and financing,I,KOR,Korea,A,Annual,EXP_HEALTH,Expenditure,USD_PPP_PS,"US dollars per person, PPP converted",HF2HF3,Voluntary schemes/household out-of-pocket payments,_Z,Not application,_T,Total,_T,Total,_T,Total,_Z,Not applicable,_Z,Not applicable,V,Current prices,2023,,1882.583,,,,,,,,,,,,0,Units,1,One
DATAFLOW,OECD.ELS.HD:DSD_SHA@DF_SHA(1.1),Health expenditure and financing,I,KOR,Korea,A,Annual,EXP_HEALTH,Expenditure,USD_PPP_PS,"US dollars per person, PPP converted",HF2HF3,Voluntary schemes/household out-of-pocket payments,_Z,Not application,_T,Total,_T,Total,_T,Total,_Z,Not applicable,_Z,Not applicable,V,Current prices,2024,,2049.728,,,,,,,,,,,,0,Units,1,One
DATAFLOW,OECD.ELS.HD:DSD_SHA@DF_SHA(1.1),Health expenditure and financing,I,KOR,Korea,A,Annual,EXP_HEALTH,Expenditure,USD_PPP_PS,"US dollars per person, PPP converted",HF11,Government schemes,_Z,Not application,_T,Total,_T,Total,_T,Total,_Z,Not applicable,_Z,Not applicable,V,Current prices,2015,,256.028,,,,,,,,,,,,0,Units,1,One
DATAFLOW,OECD.ELS.HD:DSD_SHA@DF_SHA(1.1),Health expenditure and financing,I,KOR,Korea,A,Annual,EXP_HEALTH,Expenditure,USD_PPP_PS,"US dollars per person, PPP converted",HF11,Government schemes,_Z,Not application,_T,Total,_T,Total,_T,Total,_Z,Not applicable,_Z,Not applicable,V,Current prices,2016,,264.607,,,,,,,,,,,,0,Units,1,One
DATAFLOW,OECD.ELS.HD:DSD_SHA@DF_SHA(1.1),Health expenditure and financing,I,KOR,Korea,A,Annual,EXP_HEALTH,Expenditure,USD_PPP_PS,"US dollars per person, PPP converted",HF11,Government schemes,_Z,Not application,_T,Total,_T,Total,_T,Total,_Z,Not applicable,_Z,Not applicable,V,Current prices,2017,,285.33,,,,,,,,,,,,0,Units,1,One
DATAFLOW,OECD.ELS.HD:DSD_SHA@DF_SHA(1.1),Health expenditure and financing,I,KOR,Korea,A,Annual,EXP_HEALTH,Expenditure,USD_PPP_PS,"US dollars per person, PPP converted",HF11,Government schemes,_Z,Not application,_T,Total,_T,Total,_T,Total,_Z,Not applicable,_Z,Not applicable,V,Current prices,2018,,300.958,,,,,,,,,,,,0,Units,1,One
DATAFLOW,OECD.ELS.HD:DSD_SHA@DF_SHA(1.1),Health expenditure and financing,I,KOR,Korea,A,Annual,EXP_HEALTH,Expenditure,USD_PPP_PS,"US dollars per person, PPP converted",HF11,Government schemes,_Z,Not application,_T,Total,_T,Total,_T,Total,_Z,Not applicable,_Z,Not applicable,V,Current prices,2019,,334.044,,,,,,,,,,,,0,Units,1,One
DATAFLOW,OECD.ELS.HD:DSD_SHA@DF_SHA(1.1),Health expenditure and financing,I,KOR,Korea,A,Annual,EXP_HEALTH,Expenditure,USD_PPP_PS,"US dollars per person, PPP converted",HF11,Government schemes,_Z,Not application,_T,Total,_T,Total,_T,Total,_Z,Not applicable,_Z,Not applicable,V,Current prices,2020,,426.415,,,,,,,,,,,,0,Units,1,One
DATAFLOW,OECD.ELS.HD:DSD_SHA@DF_SHA(1.1),Health expenditure and financing,I,KOR,Korea,A,Annual,EXP_HEALTH,Expenditure,USD_PPP_PS,"US dollars per person, PPP converted",HF11,Government schemes,_Z,Not application,_T,Total,_T,Total,_T,Total,_Z,Not applicable,_Z,Not applicable,V,Current prices,2021,,654.876,,,,,,,,,,,,0,Units,1,One
DATAFLOW,OECD.ELS.HD:DSD_SHA@DF_SHA(1.1),Health expenditure and financing,I,KOR,Korea,A,Annual,EXP_HEALTH,Expenditure,USD_PPP_PS,"US dollars per person, PPP converted",HF11,Government schemes,_Z,Not application,_T,Total,_T,Total,_T,Total,_Z,Not applicable,_Z,Not applicable,V,Current prices,2022,,826.881,,,,,,,,,,,,0,Units,1,One
DATAFLOW,OECD.ELS.HD:DSD_SHA@DF_SHA(1.1),Health expenditure and financing,I,KOR,Korea,A,Annual,EXP_HEALTH,Expenditure,USD_PPP_PS,"US dollars per person, PPP converted",HF11,Government schemes,_Z,Not application,_T,Total,_T,Total,_T,Total,_Z,Not applicable,_Z,Not applicable,V,Current prices,2023,,545.044,,,,,,,,,,,,0,Units,1,One
DATAFLOW,OECD.ELS.HD:DSD_SHA@DF_SHA(1.1),Health expenditure and financing,I,KOR,Korea,A,Annual,EXP_HEALTH,Expenditure,USD_PPP_PS,"US dollars per person, PPP converted",HF11,Government schemes,_Z,Not application,_T,Total,_T,Total,_T,Total,_Z,Not applicable,_Z,Not applicable,V,Current prices,2024,,536.84,,,,,,,,,,,,0,Units,1,One
DATAFLOW,OECD.ELS.HD:DSD_SHA@DF_SHA(1.1),Health expenditure and financing,I,KOR,Korea,A,Annual,EXP_HEALTH,Expenditure,USD_PPP_PS,"US dollars per person, PPP converted",HF1,Government/compulsory schemes,_Z,Not application,_T,Total,_T,Total,_T,Total,_Z,Not applicable,_Z,Not applicable,V,Current prices,2015,,1416.109,,,,,,,,,,,,0,Units,1,One
DATAFLOW,OECD.ELS.HD:DSD_SHA@DF_SHA(1.1),Health expenditure and financing,I,KOR,Korea,A,Annual,EXP_HEALTH,Expenditure,USD_PPP_PS,"US dollars per person, PPP converted",HF1,Government/compulsory schemes,_Z,Not application,_T,Total,_T,Total,_T,Total,_Z,Not applicable,_Z,Not applicable,V,Current prices,2016,,1520.214,,,,,,,,,,,,0,Units,1,One
DATAFLOW,OECD.ELS.HD:DSD_SHA@DF_SHA(1.1),Health expenditure and financing,I,KOR,Korea,A,Annual,EXP_HEALTH,Expenditure,USD_PPP_PS,"US dollars per person, PPP converted",HF1,Government/compulsory schemes,_Z,Not application,_T,Total,_T,Total,_T,Total,_Z,Not applicable,_Z,Not applicable,V,Current prices,2017,,1619.818,,,,,,,,,,,,0,Units,1,One
DATAFLOW,OECD.ELS.HD:DSD_SHA@DF_SHA(1.1),Health expenditure and financing,I,KOR,Korea,A,Annual,EXP_HEALTH,Expenditure,USD_PPP_PS,"US dollars per person, PPP converted",HF1,Government/compulsory schemes,_Z,Not application,_T,Total,_T,Total,_T,Total,_Z,Not applicable,_Z,Not applicable,V,Current prices,2018,,1792.528,,,,,,,,,,,,0,Units,1,One
DATAFLOW,OECD.ELS.HD:DSD_SHA@DF_SHA(1.1),Health expenditure and financing,I,KOR,Korea,A,Annual,EXP_HEALTH,Expenditure,USD_PPP_PS,"US dollars per person, PPP converted",HF1,Government/compulsory schemes,_Z,Not application,_T,Total,_T,Total,_T,Total,_Z,Not applicable,_Z,Not applicable,V,Current prices,2019,,1994.987,,,,,,,,,,,,0,Units,1,One
DATAFLOW,OECD.ELS.HD:DSD_SHA@DF_SHA(1.1),Health expenditure and financing,I,KOR,Korea,A,Annual,EXP_HEALTH,Expenditure,USD_PPP_PS,"US dollars per person, PPP converted",HF1,Government/compulsory schemes,_Z,Not application,_T,Total,_T,Total,_T,Total,_Z,Not applicable,_Z,Not applicable,V,Current prices,2020,,2159.257,,,,,,,,,,,,0,Units,1,One
DATAFLOW,OECD.ELS.HD:DSD_SHA@DF_SHA(1.1),Health expenditure and financing,I,KOR,Korea,A,Annual,EXP_HEALTH,Expenditure,USD_PPP_PS,"US dollars per person, PPP converted",HF1,Government/compulsory schemes,_Z,Not application,_T,Total,_T,Total,_T,Total,_Z,Not applicable,_Z,Not applicable,V,Current prices,2021,,2551.977,,,,,,,,,,,,0,Units,1,One
DATAFLOW,OECD.ELS.HD:DSD_SHA@DF_SHA(1.1),Health expenditure and financing,I,KOR,Korea,A,Annual,EXP_HEALTH,Expenditure,USD_PPP_PS,"US dollars per person, PPP converted",HF1,Government/compulsory schemes,_Z,Not application,_T,Total,_T,Total,_T,Total,_Z,Not applicable,_Z,Not applicable,V,Current prices,2022,,2997.231,,,,,,,,,,,,0,Units,1,One
DATAFLOW,OECD.ELS.HD:DSD_SHA@DF_SHA(1.1),Health expenditure and financing,I,KOR,Korea,A,Annual,EXP_HEALTH,Expenditure,USD_PPP_PS,"US dollars per person, PPP converted",HF1,Government/compulsory schemes,_Z,Not application,_T,Total,_T,Total,_T,Total,_Z,Not applicable,_Z,Not applicable,V,Current prices,2023,,2873.967,,,,,,,,,,,,0,Units,1,One
DATAFLOW,OECD.ELS.HD:DSD_SHA@DF_SHA(1.1),Health expenditure and financing,I,KOR,Korea,A,Annual,EXP_HEALTH,Expenditure,USD_PPP_PS,"US dollars per person, PPP converted",HF1,Government/compulsory schemes,_Z,Not application,_T,Total,_T,Total,_T,Total,_Z,Not applicable,_Z,Not applicable,V,Current prices,2024,,3048.971,,,,,,,,,,,,0,Units,1,One
DATAFLOW,OECD.ELS.HD:DSD_SHA@DF_SHA(1.1),Health expenditure and financing,I,KOR,Korea,A,Annual,EXP_HEALTH,Expenditure,USD_PPP_PS,"US dollars per person, PPP converted",_T,Total,_Z,Not application,_T,Total,_T,Total,_T,Total,_Z,Not applicable,_Z,Not applicable,V,Current prices,2015,,2538.289,,,,,,,,,,,,0,Units,1,One
DATAFLOW,OECD.ELS.HD:DSD_SHA@DF_SHA(1.1),Health expenditure and financing,I,KOR,Korea,A,Annual,EXP_HEALTH,Expenditure,USD_PPP_PS,"US dollars per person, PPP converted",_T,Total,_Z,Not application,_T,Total,_T,Total,_T,Total,_Z,Not applicable,_Z,Not applicable,V,Current prices,2016,,2689.795,,,,,,,,,,,,0,Units,1,One
DATAFLOW,OECD.ELS.HD:DSD_SHA@DF_SHA(1.1),Health expenditure and financing,I,KOR,Korea,A,Annual,EXP_HEALTH,Expenditure,USD_PPP_PS,"US dollars per person, PPP converted",_T,Total,_Z,Not application,_T,Total,_T,Total,_T,Total,_Z,Not applicable,_Z,Not applicable,V,Current prices,2017,,2832.054,,,,,,,,,,,,0,Units,1,One
DATAFLOW,OECD.ELS.HD:DSD_SHA@DF_SHA(1.1),Health expenditure and financing,I,KOR,Korea,A,Annual,EXP_HEALTH,Expenditure,USD_PPP_PS,"US dollars per person, PPP converted",_T,Total,_Z,Not application,_T,Total,_T,Total,_T,Total,_Z,Not applicable,_Z,Not applicable,V,Current prices,2018,,3090.994,,,,,,,,,,,,0,Units,1,One
DATAFLOW,OECD.ELS.HD:DSD_SHA@DF_SHA(1.1),Health expenditure and financing,I,KOR,Korea,A,Annual,EXP_HEALTH,Expenditure,USD_PPP_PS,"US dollars per person, PPP converted",_T,Total,_Z,Not application,_T,Total,_T,Total,_T,Total,_Z,Not applicable,_Z,Not applicable,V,Current prices,2019,,3374.802,,,,,,,,,,,,0,Units,1,One
DATAFLOW,OECD.ELS.HD:DSD_SHA@DF_SHA(1.1),Health expenditure and financing,I,KOR,Korea,A,Annual,EXP_HEALTH,Expenditure,USD_PPP_PS,"US dollars per person, PPP converted",_T,Total,_Z,Not application,_T,Total,_T,Total,_T,Total,_Z,Not applicable,_Z,Not applicable,V,Current prices,2020,,3618.078,,,,,,,,,,,,0,Units,1,One
DATAFLOW,OECD.ELS.HD:DSD_SHA@DF_SHA(1.1),Health expenditure and financing,I,KOR,Korea,A,Annual,EXP_HEALTH,Expenditure,USD_PPP_PS,"US dollars per person, PPP converted",_T,Total,_Z,Not application,_T,Total,_T,Total,_T,Total,_Z,Not applicable,_Z,Not applicable,V,Current prices,2021,,4106.425,,,,,,,,,,,,0,Units,1,One
DATAFLOW,OECD.ELS.HD:DSD_SHA@DF_SHA(1.1),Health expenditure and financing,I,KOR,Korea,A,Annual,EXP_HEALTH,Expenditure,USD_PPP_PS,"US dollars per person, PPP converted",_T,Total,_Z,Not application,_T,Total,_T,Total,_T,Total,_Z,Not applicable,_Z,Not applicable,V,Current prices,2022,,4714.771,,,,,,,,,,,,0,Units,1,One
DATAFLOW,OECD.ELS.HD:DSD_SHA@DF_SHA(1.1),Health expenditure and financing,I,KOR,Korea,A,Annual,EXP_HEALTH,Expenditure,USD_PPP_PS,"US dollars per person, PPP converted",_T,Total,_Z,Not application,_T,Total,_T,Total,_T,Total,_Z,Not applicable,_Z,Not applicable,V,Current prices,2023,,4756.55,,,,,,,,,,,,0,Units,1,One
DATAFLOW,OECD.ELS.HD:DSD_SHA@DF_SHA(1.1),Health expenditure and financing,I,KOR,Korea,A,Annual,EXP_HEALTH,Expenditure,USD_PPP_PS,"US dollars per person, PPP converted",_T,Total,_Z,Not application,_T,Total,_T,Total,_T,Total,_Z,Not applicable,_Z,Not applicable,V,Current prices,2024,,5098.699,,,,,,,,,,,,0,Units,1,One
DATAFLOW,OECD.ELS.HD:DSD_SHA@DF_SHA(1.1),Health expenditure and financing,I,CAN,Canada,A,Annual,EXP_HEALTH,Expenditure,USD_PPP_PS,"US dollars per person, PPP converted",_T,Total,_Z,Not application,_T,Total,_T,Total,_T,Total,_Z,Not applicable,_Z,Not applicable,V,Current prices,2020,,6195.885,,,,,,D,Definition differs,,,,,0,Units,1,One
DATAFLOW,OECD.ELS.HD:DSD_SHA@DF_SHA(1.1),Health expenditure and financing,I,CAN,Canada,A,Annual,EXP_HEALTH,Expenditure,USD_PPP_PS,"US dollars per person, PPP converted",_T,Total,_Z,Not application,_T,Total,_T,Total,_T,Total,_Z,Not applicable,_Z,Not applicable,Q,Constant prices,2020,,6195.885,,2020,,,,D,Definition differs,,,,,0,Units,1,One
DATAFLOW,OECD.ELS.HD:DSD_SHA@DF_SHA(1.1),Health expenditure and financing,I,CAN,Canada,A,Annual,EXP_HEALTH,Expenditure,USD_PPP_PS,"US dollars per person, PPP converted",_T,Total,_Z,Not application,_T,Total,_T,Total,_T,Total,_Z,Not applicable,_Z,Not applicable,Q,Constant prices,2021,,6524.261,,2020,,,,D,Definition differs,,,,,0,Units,1,One
DATAFLOW,OECD.ELS.HD:DSD_SHA@DF_SHA(1.1),Health expenditure and financing,I,CAN,Canada,A,Annual,EXP_HEALTH,Expenditure,USD_PPP_PS,"US dollars per person, PPP converted",_T,Total,_Z,Not application,_T,Total,_T,Total,_T,Total,_Z,Not applicable,_Z,Not applicable,V,Current prices,2021,,6896.98,,,,,,D,Definition differs,,,,,0,Units,1,One
DATAFLOW,OECD.ELS.HD:DSD_SHA@DF_SHA(1.1),Health expenditure and financing,I,FRA,France,A,Annual,EXP_HEALTH,Expenditure,USD_PPP_PS,"US dollars per person, PPP converted",HF2,Voluntary healthcare payment schemes,_Z,Not application,_T,Total,_T,Total,_T,Total,_Z,Not applicable,_Z,Not applicable,Q,Constant prices,2015,,760.398,,2020,,,,,,,,,,0,Units,1,One
DATAFLOW,OECD.ELS.HD:DSD_SHA@DF_SHA(1.1),Health expenditure and financing,I,FRA,France,A,Annual,EXP_HEALTH,Expenditure,USD_PPP_PS,"US dollars per person, PPP converted",HF21,Voluntary health insurance schemes,_Z,Not application,_T,Total,_T,Total,_T,Total,_Z,Not applicable,_Z,Not applicable,Q,Constant prices,2015,,719.042,,2020,,,,,,,,,,0,Units,1,One
DATAFLOW,OECD.ELS.HD:DSD_SHA@DF_SHA(1.1),Health expenditure and financing,I,FRA,France,A,Annual,EXP_HEALTH,Expenditure,USD_PPP_PS,"US dollars per person, PPP converted",HF2HF3,Voluntary schemes/household out-of-pocket payments,_Z,Not application,_T,Total,_T,Total,_T,Total,_Z,Not applicable,_Z,Not applicable,Q,Constant prices,2015,,1417.443,,2020,,,,,,,,,,0,Units,1,One
DATAFLOW,OECD.ELS.HD:DSD_SHA@DF_SHA(1.1),Health expenditure and financing,I,FRA,France,A,Annual,EXP_HEALTH,Expenditure,USD_PPP_PS,"US dollars per person, PPP converted",HF31,Out-of-pocket excluding cost-sharing,_Z,Not application,_T,Total,_T,Total,_T,Total,_Z,Not applicable,_Z,Not applicable,Q,Constant prices,2015,,154.118,,2020,,,,,,,,,,0,Units,1,One
DATAFLOW,OECD.ELS.HD:DSD_SHA@DF_SHA(1.1),Health expenditure and financing,I,FRA,France,A,Annual,EXP_HEALTH,Expenditure,USD_PPP_PS,"US dollars per person, PPP converted",HF3,Household out-of-pocket payments,_Z,Not application,_T,Total,_T,Total,_T,Total,_Z,Not applicable,_Z,Not applicable,Q,Constant prices,2015,,657.045,,2020,,,,,,,,,,0,Units,1,One
DATAFLOW,OECD.ELS.HD:DSD_SHA@DF_SHA(1.1),Health expenditure and financing,I,FRA,France,A,Annual,EXP_HEALTH,Expenditure,USD_PPP_PS,"US dollars per person, PPP converted",_T,Total,_Z,Not application,_T,Total,_T,Total,_T,Total,_Z,Not applicable,_Z,Not applicable,Q,Constant prices,2015,,5601.869,,2020,,,,,,,,,,0,Units,1,One
DATAFLOW,OECD.ELS.HD:DSD_SHA@DF_SHA(1.1),Health expenditure and financing,I,FRA,France,A,Annual,EXP_HEALTH,Expenditure,USD_PPP_PS,"US dollars per person, PPP converted",HF12HF13,Compulsory contributory health insurance schemes,_Z,Not application,_T,Total,_T,Total,_T,Total,_Z,Not applicable,_Z,Not applicable,Q,Constant prices,2015,,3964.12,,2020,,,,,,,,,,0,Units,1,One
DATAFLOW,OECD.ELS.HD:DSD_SHA@DF_SHA(1.1),Health expenditure and financing,I,FRA,France,A,Annual,EXP_HEALTH,Expenditure,USD_PPP_PS,"US dollars per person, PPP converted",HF1,Government/compulsory schemes,_Z,Not application,_T,Total,_T,Total,_T,Total,_Z,Not applicable,_Z,Not applicable,Q,Constant prices,2015,,4184.425,,2020,,,,,,,,,,0,Units,1,One
DATAFLOW,OECD.ELS.HD:DSD_SHA@DF_SHA(1.1),Health expenditure and financing,I,FRA,France,A,Annual,EXP_HEALTH,Expenditure,USD_PPP_PS,"US dollars per person, PPP converted",HF121,Social health insurance schemes,_Z,Not application,_T,Total,_T,Total,_T,Total,_Z,Not applicable,_Z,Not applicable,Q,Constant prices,2015,,3964.12,,2020,,,,,,,,,,0,Units,1,One
DATAFLOW,OECD.ELS.HD:DSD_SHA@DF_SHA(1.1),Health expenditure and financing,I,FRA,France,A,Annual,EXP_HEALTH,Expenditure,USD_PPP_PS,"US dollars per person, PPP converted",HF23,Enterprise financing schemes,_Z,Not application,_T,Total,_T,Total,_T,Total,_Z,Not applicable,_Z,Not applicable,Q,Constant prices,2015,,41.357,,2020,,,,,,,,,,0,Units,1,One
DATAFLOW,OECD.ELS.HD:DSD_SHA@DF_SHA(1.1),Health expenditure and financing,I,FRA,France,A,Annual,EXP_HEALTH,Expenditure,USD_PPP_PS,"US dollars per person, PPP converted",HF32,Cost-sharing with third-party payers,_Z,Not application,_T,Total,_T,Total,_T,Total,_Z,Not applicable,_Z,Not applicable,Q,Constant prices,2015,,502.927,,2020,,,,,,,,,,0,Units,1,One
DATAFLOW,OECD.ELS.HD:DSD_SHA@DF_SHA(1.1),Health expenditure and financing,I,FRA,France,A,Annual,EXP_HEALTH,Expenditure,USD_PPP_PS,"US dollars per person, PPP converted",HF11,Government schemes,_Z,Not application,_T,Total,_T,Total,_T,Total,_Z,Not applicable,_Z,Not applicable,Q,Constant prices,2015,,220.306,,2020,,,,,,,,,,0,Units,1,One
DATAFLOW,OECD.ELS.HD:DSD_SHA@DF_SHA(1.1),Health expenditure and financing,I,FRA,France,A,Annual,EXP_HEALTH,Expenditure,USD_PPP_PS,"US dollars per person, PPP converted",HF11,Government schemes,_Z,Not application,_T,Total,_T,Total,_T,Total,_Z,Not applicable,_Z,Not applicable,Q,Constant prices,2016,,222.61,,2020,,,,,,,,,,0,Units,1,One
DATAFLOW,OECD.ELS.HD:DSD_SHA@DF_SHA(1.1),Health expenditure and financing,I,FRA,France,A,Annual,EXP_HEALTH,Expenditure,USD_PPP_PS,"US dollars per person, PPP converted",HF32,Cost-sharing with third-party payers,_Z,Not application,_T,Total,_T,Total,_T,Total,_Z,Not applicable,_Z,Not applicable,Q,Constant prices,2016,,503.779,,2020,,,,,,,,,,0,Units,1,One
DATAFLOW,OECD.ELS.HD:DSD_SHA@DF_SHA(1.1),Health expenditure and financing,I,FRA,France,A,Annual,EXP_HEALTH,Expenditure,USD_PPP_PS,"US dollars per person, PPP converted",HF23,Enterprise financing schemes,_Z,Not application,_T,Total,_T,Total,_T,Total,_Z,Not applicable,_Z,Not applicable,Q,Constant prices,2016,,42.176,,2020,,,,,,,,,,0,Units,1,One
DATAFLOW,OECD.ELS.HD:DSD_SHA@DF_SHA(1.1),Health expenditure and financing,I,FRA,France,A,Annual,EXP_HEALTH,Expenditure,USD_PPP_PS,"US dollars per person, PPP converted",HF121,Social health insurance schemes,_Z,Not application,_T,Total,_T,Total,_T,Total,_Z,Not applicable,_Z,Not applicable,Q,Constant prices,2016,,4037.817,,2020,,,,,,,,,,0,Units,1,One
DATAFLOW,OECD.ELS.HD:DSD_SHA@DF_SHA(1.1),Health expenditure and financing,I,FRA,France,A,Annual,EXP_HEALTH,Expenditure,USD_PPP_PS,"US dollars per person, PPP converted",HF1,Government/compulsory schemes,_Z,Not application,_T,Total,_T,Total,_T,Total,_Z,Not applicable,_Z,Not applicable,Q,Constant prices,2016,,4612.335,,2020,,,,,,,,,,0,Units,1,One
DATAFLOW,OECD.ELS.HD:DSD_SHA@DF_SHA(1.1),Health expenditure and financing,I,FRA,France,A,Annual,EXP_HEALTH,Expenditure,USD_PPP_PS,"US dollars per person, PPP converted",HF12HF13,Compulsory contributory health insurance schemes,_Z,Not application,_T,Total,_T,Total,_T,Total,_Z,Not applicable,_Z,Not applicable,Q,Constant prices,2016,,4389.724,,2020,,,,,,,,,,0,Units,1,One
DATAFLOW,OECD.ELS.HD:DSD_SHA@DF_SHA(1.1),Health expenditure and financing,I,FRA,France,A,Annual,EXP_HEALTH,Expenditure,USD_PPP_PS,"US dollars per person, PPP converted",_T,Total,_Z,Not application,_T,Total,_T,Total,_T,Total,_Z,Not applicable,_Z,Not applicable,Q,Constant prices,2016,,5690.706,,2020,,,,,,,,,,0,Units,1,One
DATAFLOW,OECD.ELS.HD:DSD_SHA@DF_SHA(1.1),Health expenditure and financing,I,FRA,France,A,Annual,EXP_HEALTH,Expenditure,USD_PPP_PS,"US dollars per person, PPP converted",HF3,Household out-of-pocket payments,_Z,Not application,_T,Total,_T,Total,_T,Total,_Z,Not applicable,_Z,Not applicable,Q,Constant prices,2016,,658.562,,2020,,,,,,,,,,0,Units,1,One
DATAFLOW,OECD.ELS.HD:DSD_SHA@DF_SHA(1.1),Health expenditure and financing,I,FRA,France,A,Annual,EXP_HEALTH,Expenditure,USD_PPP_PS,"US dollars per person, PPP converted",HF122,Compulsory private insurance schemes,_Z,Not application,_T,Total,_T,Total,_T,Total,_Z,Not applicable,_Z,Not applicable,Q,Constant prices,2016,,351.907,,2020,,,,,,,,,,0,Units,1,One
DATAFLOW,OECD.ELS.HD:DSD_SHA@DF_SHA(1.1),Health expenditure and financing,I,FRA,France,A,Annual,EXP_HEALTH,Expenditure,USD_PPP_PS,"US dollars per person, PPP converted",HF31,Out-of-pocket excluding cost-sharing,_Z,Not application,_T,Total,_T,Total,_T,Total,_Z,Not applicable,_Z,Not applicable,Q,Constant prices,2016,,154.783,,2020,,,,,,,,,,0,Units,1,One
DATAFLOW,OECD.ELS.HD:DSD_SHA@DF_SHA(1.1),Health expenditure and financing,I,FRA,France,A,Annual,EXP_HEALTH,Expenditure,USD_PPP_PS,"US dollars per person, PPP converted",HF2HF3,Voluntary schemes/household out-of-pocket payments,_Z,Not application,_T,Total,_T,Total,_T,Total,_Z,Not applicable,_Z,Not applicable,Q,Constant prices,2016,,1078.371,,2020,,,,,,,,,,0,Units,1,One
DATAFLOW,OECD.ELS.HD:DSD_SHA@DF_SHA(1.1),Health expenditure and financing,I,FRA,France,A,Annual,EXP_HEALTH,Expenditure,USD_PPP_PS,"US dollars per person, PPP converted",HF21,Voluntary health insurance schemes,_Z,Not application,_T,Total,_T,Total,_T,Total,_Z,Not applicable,_Z,Not applicable,Q,Constant prices,2016,,377.633,,2020,,,,,,,,,,0,Units,1,One
DATAFLOW,OECD.ELS.HD:DSD_SHA@DF_SHA(1.1),Health expenditure and financing,I,FRA,France,A,Annual,EXP_HEALTH,Expenditure,USD_PPP_PS,"US dollars per person, PPP converted",HF2,Voluntary healthcare payment schemes,_Z,Not application,_T,Total,_T,Total,_T,Total,_Z,Not applicable,_Z,Not applicable,Q,Constant prices,2016,,419.809,,2020,,,,,,,,,,0,Units,1,One
DATAFLOW,OECD.ELS.HD:DSD_SHA@DF_SHA(1.1),Health expenditure and financing,I,CAN,Canada,A,Annual,EXP_HEALTH,Expenditure,USD_PPP_PS,"US dollars per person, PPP converted",HF2,Voluntary healthcare payment schemes,_Z,Not application,_T,Total,_T,Total,_T,Total,_Z,Not applicable,_Z,Not applicable,Q,Constant prices,2019,,848.236,,2020,,,,,,,,,,0,Units,1,One
DATAFLOW,OECD.ELS.HD:DSD_SHA@DF_SHA(1.1),Health expenditure and financing,I,CAN,Canada,A,Annual,EXP_HEALTH,Expenditure,USD_PPP_PS,"US dollars per person, PPP converted",HF3,Household out-of-pocket payments,_Z,Not application,_T,Total,_T,Total,_T,Total,_Z,Not applicable,_Z,Not applicable,Q,Constant prices,2019,,868.699,,2020,,,,,,,,,,0,Units,1,One
DATAFLOW,OECD.ELS.HD:DSD_SHA@DF_SHA(1.1),Health expenditure and financing,I,CAN,Canada,A,Annual,EXP_HEALTH,Expenditure,USD_PPP_PS,"US dollars per person, PPP converted",HF22,NPISH financing schemes,_Z,Not application,_T,Total,_T,Total,_T,Total,_Z,Not applicable,_Z,Not applicable,Q,Constant prices,2019,,67.631,,2020,,,,,,,,,,0,Units,1,One
DATAFLOW,OECD.ELS.HD:DSD_SHA@DF_SHA(1.1),Health expenditure and financing,I,CAN,Canada,A,Annual,EXP_HEALTH,Expenditure,USD_PPP_PS,"US dollars per person, PPP converted",_T,Total,_Z,Not application,_T,Total,_T,Total,_T,Total,_Z,Not applicable,_Z,Not applicable,Q,Constant prices,2019,,5627.916,,2020,,,,,,,,,,0,Units,1,One
DATAFLOW,OECD.ELS.HD:DSD_SHA@DF_SHA(1.1),Health expenditure and financing,I,CAN,Canada,A,Annual,EXP_HEALTH,Expenditure,USD_PPP_PS,"US dollars per person, PPP converted",HF11,Government schemes,_Z,Not application,_T,Total,_T,Total,_T,Total,_Z,Not applicable,_Z,Not applicable,Q,Constant prices,2019,,3828.566,,2020,,,,,,,,,,0,Units,1,One
DATAFLOW,OECD.ELS.HD:DSD_SHA@DF_SHA(1.1),Health expenditure and financing,I,CAN,Canada,A,Annual,EXP_HEALTH,Expenditure,USD_PPP_PS,"US dollars per person, PPP converted",HF1,Government/compulsory schemes,_Z,Not application,_T,Total,_T,Total,_T,Total,_Z,Not applicable,_Z,Not applicable,Q,Constant prices,2019,,3910.981,,2020,,,,,,,,,,0,Units,1,One
DATAFLOW,OECD.ELS.HD:DSD_SHA@DF_SHA(1.1),Health expenditure and financing,I,CAN,Canada,A,Annual,EXP_HEALTH,Expenditure,USD_PPP_PS,"US dollars per person, PPP converted",HF12HF13,Compulsory contributory health insurance schemes,_Z,Not application,_T,Total,_T,Total,_T,Total,_Z,Not applicable,_Z,Not applicable,Q,Constant prices,2019,,82.415,,2020,,,,,,,,,,0,Units,1,One
DATAFLOW,OECD.ELS.HD:DSD_SHA@DF_SHA(1.1),Health expenditure and financing,I,CAN,Canada,A,Annual,EXP_HEALTH,Expenditure,USD_PPP_PS,"US dollars per person, PPP converted",HF121,Social health insurance schemes,_Z,Not application,_T,Total,_T,Total,_T,Total,_Z,Not applicable,_Z,Not applicable,Q,Constant prices,2019,,82.415,,2020,,,,,,,,,,0,Units,1,One
DATAFLOW,OECD.ELS.HD:DSD_SHA@DF_SHA(1.1),Health expenditure and financing,I,CAN,Canada,A,Annual,EXP_HEALTH,Expenditure,USD_PPP_PS,"US dollars per person, PPP converted",HF21,Voluntary health insurance schemes,_Z,Not application,_T,Total,_T,Total,_T,Total,_Z,Not applicable,_Z,Not applicable,Q,Constant prices,2019,,737.773,,2020,,,,,,,,,,0,Units,1,One
DATAFLOW,OECD.ELS.HD:DSD_SHA@DF_SHA(1.1),Health expenditure and financing,I,CAN,Canada,A,Annual,EXP_HEALTH,Expenditure,USD_PPP_PS,"US dollars per person, PPP converted",HF2HF3,Voluntary schemes/household out-of-pocket payments,_Z,Not application,_T,Total,_T,Total,_T,Total,_Z,Not applicable,_Z,Not applicable,Q,Constant prices,2019,,1716.935,,2020,,,,,,,,,,0,Units,1,One
DATAFLOW,OECD.ELS.HD:DSD_SHA@DF_SHA(1.1),Health expenditure and financing,I,CAN,Canada,A,Annual,EXP_HEALTH,Expenditure,USD_PPP_PS,"US dollars per person, PPP converted",HF23,Enterprise financing schemes,_Z,Not application,_T,Total,_T,Total,_T,Total,_Z,Not applicable,_Z,Not applicable,Q,Constant prices,2019,,42.832,,2020,,,,,,,,,,0,Units,1,One
DATAFLOW,OECD.ELS.HD:DSD_SHA@DF_SHA(1.1),Health expenditure and financing,I,CAN,Canada,A,Annual,EXP_HEALTH,Expenditure,USD_PPP_PS,"US dollars per person, PPP converted",HF23,Enterprise financing schemes,_Z,Not application,_T,Total,_T,Total,_T,Total,_Z,Not applicable,_Z,Not applicable,Q,Constant prices,2020,,34.671,,2020,,,,,,,,,,0,Units,1,One
DATAFLOW,OECD.ELS.HD:DSD_SHA@DF_SHA(1.1),Health expenditure and financing,I,CAN,Canada,A,Annual,EXP_HEALTH,Expenditure,USD_PPP_PS,"US dollars per person, PPP converted",HF2HF3,Voluntary schemes/household out-of-pocket payments,_Z,Not application,_T,Total,_T,Total,_T,Total,_Z,Not applicable,_Z,Not applicable,Q,Constant prices,2020,,1621.083,,2020,,,,,,,,,,0,Units,1,One
DATAFLOW,OECD.ELS.HD:DSD_SHA@DF_SHA(1.1),Health expenditure and financing,I,CAN,Canada,A,Annual,EXP_HEALTH,Expenditure,USD_PPP_PS,"US dollars per person, PPP converted",HF21,Voluntary health insurance schemes,_Z,Not application,_T,Total,_T,Total,_T,Total,_Z,Not applicable,_Z,Not applicable,Q,Constant prices,2020,,672.068,,2020,,,,,,,,,,0,Units,1,One
DATAFLOW,OECD.ELS.HD:DSD_SHA@DF_SHA(1.1),Health expenditure and financing,I,CAN,Canada,A,Annual,EXP_HEALTH,Expenditure,USD_PPP_PS,"US dollars per person, PPP converted",HF121,Social health insurance schemes,_Z,Not application,_T,Total,_T,Total,_T,Total,_Z,Not applicable,_Z,Not applicable,Q,Constant prices,2020,,76.672,,2020,,,,,,,,,,0,Units,1,One
DATAFLOW,OECD.ELS.HD:DSD_SHA@DF_SHA(1.1),Health expenditure and financing,I,CAN,Canada,A,Annual,EXP_HEALTH,Expenditure,USD_PPP_PS,"US dollars per person, PPP converted",HF12HF13,Compulsory contributory health insurance schemes,_Z,Not application,_T,Total,_T,Total,_T,Total,_Z,Not applicable,_Z,Not applicable,Q,Constant prices,2020,,76.672,,2020,,,,,,,,,,0,Units,1,One
DATAFLOW,OECD.ELS.HD:DSD_SHA@DF_SHA(1.1),Health expenditure and financing,I,CAN,Canada,A,Annual,EXP_HEALTH,Expenditure,USD_PPP_PS,"US dollars per person, PPP converted",HF1,Government/compulsory schemes,_Z,Not application,_T,Total,_T,Total,_T,Total,_Z,Not applicable,_Z,Not applicable,Q,Constant prices,2020,,4574.802,,2020,,,,,,,,,,0,Units,1,One
DATAFLOW,OECD.ELS.HD:DSD_SHA@DF_SHA(1.1),Health expenditure and financing,I,CAN,Canada,A,Annual,EXP_HEALTH,Expenditure,USD_PPP_PS,"US dollars per person, PPP converted",HF11,Government schemes,_Z,Not application,_T,Total,_T,Total,_T,Total,_Z,Not applicable,_Z,Not applicable,Q,Constant prices,2020,,4498.13,,2020,,,,,,,,,,0,Units,1,One
DATAFLOW,OECD.ELS.HD:DSD_SHA@DF_SHA(1.1),Health expenditure and financing,I,CAN,Canada,A,Annual,EXP_HEALTH,Expenditure,USD_PPP_PS,"US dollars per person, PPP converted",HF22,NPISH financing schemes,_Z,Not application,_T,Total,_T,Total,_T,Total,_Z,Not applicable,_Z,Not applicable,Q,Constant prices,2020,,68.33,,2020,,,,,,,,,,0,Units,1,One
DATAFLOW,OECD.ELS.HD:DSD_SHA@DF_SHA(1.1),Health expenditure and financing,I,CAN,Canada,A,Annual,EXP_HEALTH,Expenditure,USD_PPP_PS,"US dollars per person, PPP converted",HF3,Household out-of-pocket payments,_Z,Not application,_T,Total,_T,Total,_T,Total,_Z,Not applicable,_Z,Not applicable,Q,Constant prices,2020,,846.014,,2020,,,,,,,,,,0,Units,1,One
DATAFLOW,OECD.ELS.HD:DSD_SHA@DF_SHA(1.1),Health expenditure and financing,I,CAN,Canada,A,Annual,EXP_HEALTH,Expenditure,USD_PPP_PS,"US dollars per person, PPP converted",HF2,Voluntary healthcare payment schemes,_Z,Not application,_T,Total,_T,Total,_T,Total,_Z,Not applicable,_Z,Not applicable,Q,Constant prices,2020,,775.069,,2020,,,,,,,,,,0,Units,1,One
DATAFLOW,OECD.ELS.HD:DSD_SHA@DF_SHA(1.1),Health expenditure and financing,I,CAN,Canada,A,Annual,EXP_HEALTH,Expenditure,USD_PPP_PS,"US dollars per person, PPP converted",HF2,Voluntary healthcare payment schemes,_Z,Not application,_T,Total,_T,Total,_T,Total,_Z,Not applicable,_Z,Not applicable,Q,Constant prices,2021,,853.989,,2020,,,,,,,,,,0,Units,1,One
DATAFLOW,OECD.ELS.HD:DSD_SHA@DF_SHA(1.1),Health expenditure and financing,I,CAN,Canada,A,Annual,EXP_HEALTH,Expenditure,USD_PPP_PS,"US dollars per person, PPP converted",HF3,Household out-of-pocket payments,_Z,Not application,_T,Total,_T,Total,_T,Total,_Z,Not applicable,_Z,Not applicable,Q,Constant prices,2021,,930.212,,2020,,,,,,,,,,0,Units,1,One
DATAFLOW,OECD.ELS.HD:DSD_SHA@DF_SHA(1.1),Health expenditure and financing,I,CAN,Canada,A,Annual,EXP_HEALTH,Expenditure,USD_PPP_PS,"US dollars per person, PPP converted",HF22,NPISH financing schemes,_Z,Not application,_T,Total,_T,Total,_T,Total,_Z,Not applicable,_Z,Not applicable,Q,Constant prices,2021,,67.098,,2020,,,,,,,,,,0,Units,1,One
DATAFLOW,OECD.ELS.HD:DSD_SHA@DF_SHA(1.1),Health expenditure and financing,I,CAN,Canada,A,Annual,EXP_HEALTH,Expenditure,USD_PPP_PS,"US dollars per person, PPP converted",HF11,Government schemes,_Z,Not application,_T,Total,_T,Total,_T,Total,_Z,Not applicable,_Z,Not applicable,Q,Constant prices,2021,,4654.46,,2020,,,,,,,,,,0,Units,1,One
DATAFLOW,OECD.ELS.HD:DSD_SHA@DF_SHA(1.1),Health expenditure and financing,I,CAN,Canada,A,Annual,EXP_HEALTH,Expenditure,USD_PPP_PS,"US dollars per person, PPP converted",HF1,Government/compulsory schemes,_Z,Not application,_T,Total,_T,Total,_T,Total,_Z,Not applicable,_Z,Not applicable,Q,Constant prices,2021,,4740.059,,2020,,,,,,,,,,0,Units,1,One
DATAFLOW,OECD.ELS.HD:DSD_SHA@DF_SHA(1.1),Health expenditure and financing,I,CAN,Canada,A,Annual,EXP_HEALTH,Expenditure,USD_PPP_PS,"US dollars per person, PPP converted",HF12HF13,Compulsory contributory health insurance schemes,_Z,Not application,_T,Total,_T,Total,_T,Total,_Z,Not applicable,_Z,Not applicable,Q,Constant prices,2021,,85.599,,2020,,,,,,,,,,0,Units,1,One
DATAFLOW,OECD.ELS.HD:DSD_SHA@DF_SHA(1.1),Health expenditure and financing,I,CAN,Canada,A,Annual,EXP_HEALTH,Expenditure,USD_PPP_PS,"US dollars per person, PPP converted",HF121,Social health insurance schemes,_Z,Not application,_T,Total,_T,Total,_T,Total,_Z,Not applicable,_Z,Not applicable,Q,Constant prices,2021,,85.599,,2020,,,,,,,,,,0,Units,1,One
DATAFLOW,OECD.ELS.HD:DSD_SHA@DF_SHA(1.1),Health expenditure and financing,I,CAN,Canada,A,Annual,EXP_HEALTH,Expenditure,USD_PPP_PS,"US dollars per person, PPP converted",HF21,Voluntary health insurance schemes,_Z,Not application,_T,Total,_T,Total,_T,Total,_Z,Not applicable,_Z,Not applicable,Q,Constant prices,2021,,746.659,,2020,,,,,,,,,,0,Units,1,One
DATAFLOW,OECD.ELS.HD:DSD_SHA@DF_SHA(1.1),Health expenditure and financing,I,CAN,Canada,A,Annual,EXP_HEALTH,Expenditure,USD_PPP_PS,"US dollars per person, PPP converted",HF22,NPISH financing schemes,_Z,Not application,_T,Total,_T,Total,_T,Total,_Z,Not applicable,_Z,Not applicable,Q,Constant prices,2016,,61.315,,2020,,,,,,,,,,0,Units,1,One
DATAFLOW,OECD.ELS.HD:DSD_SHA@DF_SHA(1.1),Health expenditure and financing,I,CAN,Canada,A,Annual,EXP_HEALTH,Expenditure,USD_PPP_PS,"US dollars per person, PPP converted",HF3,Household out-of-pocket payments,_Z,Not application,_T,Total,_T,Total,_T,Total,_Z,Not applicable,_Z,Not applicable,Q,Constant prices,2016,,830.626,,2020,,,,,,,,,,0,Units,1,One
DATAFLOW,OECD.ELS.HD:DSD_SHA@DF_SHA(1.1),Health expenditure and financing,I,CAN,Canada,A,Annual,EXP_HEALTH,Expenditure,USD_PPP_PS,"US dollars per person, PPP converted",HF2,Voluntary healthcare payment schemes,_Z,Not application,_T,Total,_T,Total,_T,Total,_Z,Not applicable,_Z,Not applicable,Q,Constant prices,2016,,795.319,,2020,,,,,,,,,,0,Units,1,One
DATAFLOW,OECD.ELS.HD:DSD_SHA@DF_SHA(1.1),Health expenditure and financing,I,CAN,Canada,A,Annual,EXP_HEALTH,Expenditure,USD_PPP_PS,"US dollars per person, PPP converted",HF23,Enterprise financing schemes,_Z,Not application,_T,Total,_T,Total,_T,Total,_Z,Not applicable,_Z,Not applicable,Q,Constant prices,2018,,40.713,,2020,,,,,,,,,,0,Units,1,One
DATAFLOW,OECD.ELS.HD:DSD_SHA@DF_SHA(1.1),Health expenditure and financing,I,CAN,Canada,A,Annual,EXP_HEALTH,Expenditure,USD_PPP_PS,"US dollars per person, PPP converted",HF2HF3,Voluntary schemes/household out-of-pocket payments,_Z,Not application,_T,Total,_T,Total,_T,Total,_Z,Not applicable,_Z,Not applicable,Q,Constant prices,2018,,1691.342,,2020,,,,,,,,,,0,Units,1,One
DATAFLOW,OECD.ELS.HD:DSD_SHA@DF_SHA(1.1),Health expenditure and financing,I,CAN,Canada,A,Annual,EXP_HEALTH,Expenditure,USD_PPP_PS,"US dollars per person, PPP converted",HF21,Voluntary health insurance schemes,_Z,Not application,_T,Total,_T,Total,_T,Total,_Z,Not applicable,_Z,Not applicable,Q,Constant prices,2018,,717.632,,2020,,,,,,,,,,0,Units,1,One
DATAFLOW,OECD.ELS.HD:DSD_SHA@DF_SHA(1.1),Health expenditure and financing,I,CAN,Canada,A,Annual,EXP_HEALTH,Expenditure,USD_PPP_PS,"US dollars per person, PPP converted",HF121,Social health insurance schemes,_Z,Not application,_T,Total,_T,Total,_T,Total,_Z,Not applicable,_Z,Not applicable,Q,Constant prices,2018,,80.621,,2020,,,,,,,,,,0,Units,1,One
DATAFLOW,OECD.ELS.HD:DSD_SHA@DF_SHA(1.1),Health expenditure and financing,I,CAN,Canada,A,Annual,EXP_HEALTH,Expenditure,USD_PPP_PS,"US dollars per person, PPP converted",HF12HF13,Compulsory contributory health insurance schemes,_Z,Not application,_T,Total,_T,Total,_T,Total,_Z,Not applicable,_Z,Not applicable,Q,Constant prices,2018,,80.621,,2020,,,,,,,,,,0,Units,1,One
DATAFLOW,OECD.ELS.HD:DSD_SHA@DF_SHA(1.1),Health expenditure and financing,I,CAN,Canada,A,Annual,EXP_HEALTH,Expenditure,USD_PPP_PS,"US dollars per person, PPP converted",HF1,Government/compulsory schemes,_Z,Not application,_T,Total,_T,Total,_T,Total,_Z,Not applicable,_Z,Not applicable,Q,Constant prices,2018,,3864.461,,2020,,,,,,,,,,0,Units,1,One
DATAFLOW,OECD.ELS.HD:DSD_SHA@DF_SHA(1.1),Health expenditure and financing,I,CAN,Canada,A,Annual,EXP_HEALTH,Expenditure,USD_PPP_PS,"US dollars per person, PPP converted",HF11,Government schemes,_Z,Not application,_T,Total,_T,Total,_T,Total,_Z,Not applicable,_Z,Not applicable,Q,Constant prices,2018,,3783.84,,2020,,,,,,,,,,0,Units,1,One
DATAFLOW,OECD.ELS.HD:DSD_SHA@DF_SHA(1.1),Health expenditure and financing,I,CAN,Canada,A,Annual,EXP_HEALTH,Expenditure,USD_PPP_PS,"US dollars per person, PPP converted",_T,Total,_Z,Not application,_T,Total,_T,Total,_T,Total,_Z,Not applicable,_Z,Not applicable,Q,Constant prices,2018,,5555.804,,2020,,,,,,,,,,0,Units,1,One
DATAFLOW,OECD.ELS.HD:DSD_SHA@DF_SHA(1.1),Health expenditure and financing,I,CAN,Canada,A,Annual,EXP_HEALTH,Expenditure,USD_PPP_PS,"US dollars per person, PPP converted",HF22,NPISH financing schemes,_Z,Not application,_T,Total,_T,Total,_T,Total,_Z,Not applicable,_Z,Not applicable,Q,Constant prices,2018,,66.252,,2020,,,,,,,,,,0,Units,1,One
DATAFLOW,OECD.ELS.HD:DSD_SHA@DF_SHA(1.1),Health expenditure and financing,I,CAN,Canada,A,Annual,EXP_HEALTH,Expenditure,USD_PPP_PS,"US dollars per person, PPP converted",HF3,Household out-of-pocket payments,_Z,Not application,_T,Total,_T,Total,_T,Total,_Z,Not applicable,_Z,Not applicable,Q,Constant prices,2018,,866.745,,2020,,,,,,,,,,0,Units,1,One
DATAFLOW,OECD.ELS.HD:DSD_SHA@DF_SHA(1.1),Health expenditure and financing,I,CAN,Canada,A,Annual,EXP_HEALTH,Expenditure,USD_PPP_PS,"US dollars per person, PPP converted",HF2,Voluntary healthcare payment schemes,_Z,Not application,_T,Total,_T,Total,_T,Total,_Z,Not applicable,_Z,Not applicable,Q,Constant prices,2018,,824.597,,2020,,,,,,,,,,0,Units,1,One
DATAFLOW,OECD.ELS.HD:DSD_SHA@DF_SHA(1.1),Health expenditure and financing,I,CAN,Canada,A,Annual,EXP_HEALTH,Expenditure,USD_PPP_PS,"US dollars per person, PPP converted",HF2,Voluntary healthcare payment schemes,_Z,Not application,_T,Total,_T,Total,_T,Total,_Z,Not applicable,_Z,Not applicable,Q,Constant prices,2017,,812.79,,2020,,,,,,,,,,0,Units,1,One
DATAFLOW,OECD.ELS.HD:DSD_SHA@DF_SHA(1.1),Health expenditure and financing,I,CAN,Canada,A,Annual,EXP_HEALTH,Expenditure,USD_PPP_PS,"US dollars per person, PPP converted",HF3,Household out-of-pocket payments,_Z,Not application,_T,Total,_T,Total,_T,Total,_Z,Not applicable,_Z,Not applicable,Q,Constant prices,2017,,869.191,,2020,,,,,,,,,,0,Units,1,One
DATAFLOW,OECD.ELS.HD:DSD_SHA@DF_SHA(1.1),Health expenditure and financing,I,CAN,Canada,A,Annual,EXP_HEALTH,Expenditure,USD_PPP_PS,"US dollars per person, PPP converted",HF22,NPISH financing schemes,_Z,Not application,_T,Total,_T,Total,_T,Total,_Z,Not applicable,_Z,Not applicable,Q,Constant prices,2017,,63.196,,2020,,,,,,,,,,0,Units,1,One
DATAFLOW,OECD.ELS.HD:DSD_SHA@DF_SHA(1.1),Health expenditure and financing,I,CAN,Canada,A,Annual,EXP_HEALTH,Expenditure,USD_PPP_PS,"US dollars per person, PPP converted",_T,Total,_Z,Not application,_T,Total,_T,Total,_T,Total,_Z,Not applicable,_Z,Not applicable,Q,Constant prices,2017,,5493.645,,2020,,,,,,,,,,0,Units,1,One
DATAFLOW,OECD.ELS.HD:DSD_SHA@DF_SHA(1.1),Health expenditure and financing,I,CAN,Canada,A,Annual,EXP_HEALTH,Expenditure,USD_PPP_PS,"US dollars per person, PPP converted",HF11,Government schemes,_Z,Not application,_T,Total,_T,Total,_T,Total,_Z,Not applicable,_Z,Not applicable,Q,Constant prices,2017,,3733.27,,2020,,,,,,,,,,0,Units,1,One
DATAFLOW,OECD.ELS.HD:DSD_SHA@DF_SHA(1.1),Health expenditure and financing,I,CAN,Canada,A,Annual,EXP_HEALTH,Expenditure,USD_PPP_PS,"US dollars per person, PPP converted",HF1,Government/compulsory schemes,_Z,Not application,_T,Total,_T,Total,_T,Total,_Z,Not applicable,_Z,Not applicable,Q,Constant prices,2017,,3811.664,,2020,,,,,,,,,,0,Units,1,One
DATAFLOW,OECD.ELS.HD:DSD_SHA@DF_SHA(1.1),Health expenditure and financing,I,CAN,Canada,A,Annual,EXP_HEALTH,Expenditure,USD_PPP_PS,"US dollars per person, PPP converted",HF12HF13,Compulsory contributory health insurance schemes,_Z,Not application,_T,Total,_T,Total,_T,Total,_Z,Not applicable,_Z,Not applicable,Q,Constant prices,2017,,78.394,,2020,,,,,,,,,,0,Units,1,One
DATAFLOW,OECD.ELS.HD:DSD_SHA@DF_SHA(1.1),Health expenditure and financing,I,CAN,Canada,A,Annual,EXP_HEALTH,Expenditure,USD_PPP_PS,"US dollars per person, PPP converted",HF121,Social health insurance schemes,_Z,Not application,_T,Total,_T,Total,_T,Total,_Z,Not applicable,_Z,Not applicable,Q,Constant prices,2017,,78.394,,2020,,,,,,,,,,0,Units,1,One
DATAFLOW,OECD.ELS.HD:DSD_SHA@DF_SHA(1.1),Health expenditure and financing,I,CAN,Canada,A,Annual,EXP_HEALTH,Expenditure,USD_PPP_PS,"US dollars per person, PPP converted",HF21,Voluntary health insurance schemes,_Z,Not application,_T,Total,_T,Total,_T,Total,_Z,Not applicable,_Z,Not applicable,Q,Constant prices,2017,,705.202,,2020,,,,,,,,,,0,Units,1,One
DATAFLOW,OECD.ELS.HD:DSD_SHA@DF_SHA(1.1),Health expenditure and financing,I,CAN,Canada,A,Annual,EXP_HEALTH,Expenditure,USD_PPP_PS,"US dollars per person, PPP converted",HF2HF3,Voluntary schemes/household out-of-pocket payments,_Z,Not application,_T,Total,_T,Total,_T,Total,_Z,Not applicable,_Z,Not applicable,Q,Constant prices,2017,,1681.982,,2020,,,,,,,,,,0,Units,1,One
DATAFLOW,OECD.ELS.HD:DSD_SHA@DF_SHA(1.1),Health expenditure and financing,I,CAN,Canada,A,Annual,EXP_HEALTH,Expenditure,USD_PPP_PS,"US dollars per person, PPP converted",HF23,Enterprise financing schemes,_Z,Not application,_T,Total,_T,Total,_T,Total,_Z,Not applicable,_Z,Not applicable,Q,Constant prices,2017,,44.392,,2020,,,,,,,,,,0,Units,1,One
DATAFLOW,OECD.ELS.HD:DSD_SHA@DF_SHA(1.1),Health expenditure and financing,I,DEU,Germany,A,Annual,EXP_HEALTH,Expenditure,USD_PPP_PS,"US dollars per person, PPP converted",HF22,NPISH financing schemes,_Z,Not application,_T,Total,_T,Total,_T,Total,_Z,Not applicable,_Z,Not applicable,Q,Constant prices,2015,,71.995,,2020,,,,,,,,,,0,Units,1,One
DATAFLOW,OECD.ELS.HD:DSD_SHA@DF_SHA(1.1),Health expenditure and financing,I,DEU,Germany,A,Annual,EXP_HEALTH,Expenditure,USD_PPP_PS,"US dollars per person, PPP converted",HF122,Compulsory private insurance schemes,_Z,Not application,_T,Total,_T,Total,_T,Total,_Z,Not applicable,_Z,Not applicable,Q,Constant prices,2015,,476.206,,2020,,,,,,,,,,0,Units,1,One
DATAFLOW,OECD.ELS.HD:DSD_SHA@DF_SHA(1.1),Health expenditure and financing,I,FRA,France,A,Annual,EXP_HEALTH,Expenditure,USD_PPP_PS,"US dollars per person, PPP converted",HF23,Enterprise financing schemes,_Z,Not application,_T,Total,_T,Total,_T,Total,_Z,Not applicable,_Z,Not applicable,V,Current prices,2015,,34.014,,,,,,,,,,,,0,Units,1,One
DATAFLOW,OECD.ELS.HD:DSD_SHA@DF_SHA(1.1),Health expenditure and financing,I,FRA,France,A,Annual,EXP_HEALTH,Expenditure,USD_PPP_PS,"US dollars per person, PPP converted",HF31,Out-of-pocket excluding cost-sharing,_Z,Not application,_T,Total,_T,Total,_T,Total,_Z,Not applicable,_Z,Not applicable,V,Current prices,2015,,126.754,,,,,,,,,,,,0,Units,1,One
DATAFLOW,OECD.ELS.HD:DSD_SHA@DF_SHA(1.1),Health expenditure and financing,I,FRA,France,A,Annual,EXP_HEALTH,Expenditure,USD_PPP_PS,"US dollars per person, PPP converted",HF12HF13,Compulsory contributory health insurance schemes,_Z,Not application,_T,Total,_T,Total,_T,Total,_Z,Not applicable,_Z,Not applicable,V,Current prices,2015,,3260.263,,,,,,,,,,,,0,Units,1,One
DATAFLOW,OECD.ELS.HD:DSD_SHA@DF_SHA(1.1),Health expenditure and financing,I,FRA,France,A,Annual,EXP_HEALTH,Expenditure,USD_PPP_PS,"US dollars per person, PPP converted",HF121,Social health insurance schemes,_Z,Not application,_T,Total,_T,Total,_T,Total,_Z,Not applicable,_Z,Not applicable,V,Current prices,2015,,3260.263,,,,,,,,,,,,0,Units,1,One
DATAFLOW,OECD.ELS.HD:DSD_SHA@DF_SHA(1.1),Health expenditure and financing,I,FRA,France,A,Annual,EXP_HEALTH,Expenditure,USD_PPP_PS,"US dollars per person, PPP converted",_T,Total,_Z,Not application,_T,Total,_T,Total,_T,Total,_Z,Not applicable,_Z,Not applicable,V,Current prices,2015,,4607.219,,,,,,,,,,,,0,Units,1,One
DATAFLOW,OECD.ELS.HD:DSD_SHA@DF_SHA(1.1),Health expenditure and financing,I,FRA,France,A,Annual,EXP_HEALTH,Expenditure,USD_PPP_PS,"US dollars per person, PPP converted",HF1,Government/compulsory schemes,_Z,Not application,_T,Total,_T,Total,_T,Total,_Z,Not applicable,_Z,Not applicable,V,Current prices,2015,,3441.452,,,,,,,,,,,,0,Units,1,One
DATAFLOW,OECD.ELS.HD:DSD_SHA@DF_SHA(1.1),Health expenditure and financing,I,FRA,France,A,Annual,EXP_HEALTH,Expenditure,USD_PPP_PS,"US dollars per person, PPP converted",HF2HF3,Voluntary schemes/household out-of-pocket payments,_Z,Not application,_T,Total,_T,Total,_T,Total,_Z,Not applicable,_Z,Not applicable,V,Current prices,2015,,1165.767,,,,,,,,,,,,0,Units,1,One
DATAFLOW,OECD.ELS.HD:DSD_SHA@DF_SHA(1.1),Health expenditure and financing,I,FRA,France,A,Annual,EXP_HEALTH,Expenditure,USD_PPP_PS,"US dollars per person, PPP converted",HF21,Voluntary health insurance schemes,_Z,Not application,_T,Total,_T,Total,_T,Total,_Z,Not applicable,_Z,Not applicable,V,Current prices,2015,,591.371,,,,,,,,,,,,0,Units,1,One
DATAFLOW,OECD.ELS.HD:DSD_SHA@DF_SHA(1.1),Health expenditure and financing,I,FRA,France,A,Annual,EXP_HEALTH,Expenditure,USD_PPP_PS,"US dollars per person, PPP converted",HF2,Voluntary healthcare payment schemes,_Z,Not application,_T,Total,_T,Total,_T,Total,_Z,Not applicable,_Z,Not applicable,V,Current prices,2015,,625.384,,,,,,,,,,,,0,Units,1,One
DATAFLOW,OECD.ELS.HD:DSD_SHA@DF_SHA(1.1),Health expenditure and financing,I,FRA,France,A,Annual,EXP_HEALTH,Expenditure,USD_PPP_PS,"US dollars per person, PPP converted",HF3,Household out-of-pocket payments,_Z,Not application,_T,Total,_T,Total,_T,Total,_Z,Not applicable,_Z,Not applicable,V,Current prices,2015,,540.382,,,,,,,,,,,,0,Units,1,One
DATAFLOW,OECD.ELS.HD:DSD_SHA@DF_SHA(1.1),Health expenditure and financing,I,FRA,France,A,Annual,EXP_HEALTH,Expenditure,USD_PPP_PS,"US dollars per person, PPP converted",HF32,Cost-sharing with third-party payers,_Z,Not application,_T,Total,_T,Total,_T,Total,_Z,Not applicable,_Z,Not applicable,V,Current prices,2015,,413.629,,,,,,,,,,,,0,Units,1,One
DATAFLOW,OECD.ELS.HD:DSD_SHA@DF_SHA(1.1),Health expenditure and financing,I,FRA,France,A,Annual,EXP_HEALTH,Expenditure,USD_PPP_PS,"US dollars per person, PPP converted",HF11,Government schemes,_Z,Not application,_T,Total,_T,Total,_T,Total,_Z,Not applicable,_Z,Not applicable,V,Current prices,2015,,181.189,,,,,,,,,,,,0,Units,1,One
DATAFLOW,OECD.ELS.HD:DSD_SHA@DF_SHA(1.1),Health expenditure and financing,I,FRA,France,A,Annual,EXP_HEALTH,Expenditure,USD_PPP_PS,"US dollars per person, PPP converted",HF11,Government schemes,_Z,Not application,_T,Total,_T,Total,_T,Total,_Z,Not applicable,_Z,Not applicable,V,Current prices,2016,,190.243,,,,,,,,,,,,0,Units,1,One
DATAFLOW,OECD.ELS.HD:DSD_SHA@DF_SHA(1.1),Health expenditure and financing,I,FRA,France,A,Annual,EXP_HEALTH,Expenditure,USD_PPP_PS,"US dollars per person, PPP converted",HF32,Cost-sharing with third-party payers,_Z,Not application,_T,Total,_T,Total,_T,Total,_Z,Not applicable,_Z,Not applicable,V,Current prices,2016,,430.529,,,,,,,,,,,,0,Units,1,One
DATAFLOW,OECD.ELS.HD:DSD_SHA@DF_SHA(1.1),Health expenditure and financing,I,FRA,France,A,Annual,EXP_HEALTH,Expenditure,USD_PPP_PS,"US dollars per person, PPP converted",HF3,Household out-of-pocket payments,_Z,Not application,_T,Total,_T,Total,_T,Total,_Z,Not applicable,_Z,Not applicable,V,Current prices,2016,,562.806,,,,,,,,,,,,0,Units,1,One
DATAFLOW,OECD.ELS.HD:DSD_SHA@DF_SHA(1.1),Health expenditure and financing,I,FRA,France,A,Annual,EXP_HEALTH,Expenditure,USD_PPP_PS,"US dollars per person, PPP converted",HF2,Voluntary healthcare payment schemes,_Z,Not application,_T,Total,_T,Total,_T,Total,_Z,Not applicable,_Z,Not applicable,V,Current prices,2016,,358.769,,,,,,,,,,,,0,Units,1,One
DATAFLOW,OECD.ELS.HD:DSD_SHA@DF_SHA(1.1),Health expenditure and financing,I,FRA,France,A,Annual,EXP_HEALTH,Expenditure,USD_PPP_PS,"US dollars per person, PPP converted",HF21,Voluntary health insurance schemes,_Z,Not application,_T,Total,_T,Total,_T,Total,_Z,Not applicable,_Z,Not applicable,V,Current prices,2016,,322.725,,,,,,,,,,,,0,Units,1,One
DATAFLOW,OECD.ELS.HD:DSD_SHA@DF_SHA(1.1),Health expenditure and financing,I,FRA,France,A,Annual,EXP_HEALTH,Expenditure,USD_PPP_PS,"US dollars per person, PPP converted",HF122,Compulsory private insurance schemes,_Z,Not application,_T,Total,_T,Total,_T,Total,_Z,Not applicable,_Z,Not applicable,V,Current prices,2016,,300.74,,,,,,,,,,,,0,Units,1,One
DATAFLOW,OECD.ELS.HD:DSD_SHA@DF_SHA(1.1),Health expenditure and financing,I,FRA,France,A,Annual,EXP_HEALTH,Expenditure,USD_PPP_PS,"US dollars per person, PPP converted",HF2HF3,Voluntary schemes/household out-of-pocket payments,_Z,Not application,_T,Total,_T,Total,_T,Total,_Z,Not applicable,_Z,Not applicable,V,Current prices,2016,,921.575,,,,,,,,,,,,0,Units,1,One
DATAFLOW,OECD.ELS.HD:DSD_SHA@DF_SHA(1.1),Health expenditure and financing,I,FRA,France,A,Annual,EXP_HEALTH,Expenditure,USD_PPP_PS,"US dollars per person, PPP converted",HF1,Government/compulsory schemes,_Z,Not application,_T,Total,_T,Total,_T,Total,_Z,Not applicable,_Z,Not applicable,V,Current prices,2016,,3941.698,,,,,,,,,,,,0,Units,1,One
DATAFLOW,OECD.ELS.HD:DSD_SHA@DF_SHA(1.1),Health expenditure and financing,I,CAN,Canada,A,Annual,EXP_HEALTH,Expenditure,USD_PPP_PS,"US dollars per person, PPP converted",HF1,Government/compulsory schemes,_Z,Not application,_T,Total,_T,Total,_T,Total,_Z,Not applicable,_Z,Not applicable,V,Current prices,2019,,3749.089,,,,,,,,,,,,0,Units,1,One
DATAFLOW,OECD.ELS.HD:DSD_SHA@DF_SHA(1.1),Health expenditure and financing,I,CAN,Canada,A,Annual,EXP_HEALTH,Expenditure,USD_PPP_PS,"US dollars per person, PPP converted",HF11,Government schemes,_Z,Not application,_T,Total,_T,Total,_T,Total,_Z,Not applicable,_Z,Not applicable,V,Current prices,2019,,3670.085,,,,,,,,,,,,0,Units,1,One
DATAFLOW,OECD.ELS.HD:DSD_SHA@DF_SHA(1.1),Health expenditure and financing,I,CAN,Canada,A,Annual,EXP_HEALTH,Expenditure,USD_PPP_PS,"US dollars per person, PPP converted",HF121,Social health insurance schemes,_Z,Not application,_T,Total,_T,Total,_T,Total,_Z,Not applicable,_Z,Not applicable,V,Current prices,2019,,79.004,,,,,,,,,,,,0,Units,1,One
DATAFLOW,OECD.ELS.HD:DSD_SHA@DF_SHA(1.1),Health expenditure and financing,I,CAN,Canada,A,Annual,EXP_HEALTH,Expenditure,USD_PPP_PS,"US dollars per person, PPP converted",_T,Total,_Z,Not application,_T,Total,_T,Total,_T,Total,_Z,Not applicable,_Z,Not applicable,V,Current prices,2019,,5394.953,,,,,,,,,,,,0,Units,1,One
DATAFLOW,OECD.ELS.HD:DSD_SHA@DF_SHA(1.1),Health expenditure and financing,I,CAN,Canada,A,Annual,EXP_HEALTH,Expenditure,USD_PPP_PS,"US dollars per person, PPP converted",HF22,NPISH financing schemes,_Z,Not application,_T,Total,_T,Total,_T,Total,_Z,Not applicable,_Z,Not applicable,V,Current prices,2019,,64.832,,,,,,,,,,,,0,Units,1,One
DATAFLOW,OECD.ELS.HD:DSD_SHA@DF_SHA(1.1),Health expenditure and financing,I,CAN,Canada,A,Annual,EXP_HEALTH,Expenditure,USD_PPP_PS,"US dollars per person, PPP converted",HF23,Enterprise financing schemes,_Z,Not application,_T,Total,_T,Total,_T,Total,_Z,Not applicable,_Z,Not applicable,V,Current prices,2019,,41.059,,,,,,,,,,,,0,Units,1,One
DATAFLOW,OECD.ELS.HD:DSD_SHA@DF_SHA(1.1),Health expenditure and financing,I,CAN,Canada,A,Annual,EXP_HEALTH,Expenditure,USD_PPP_PS,"US dollars per person, PPP converted",HF12HF13,Compulsory contributory health insurance schemes,_Z,Not application,_T,Total,_T,Total,_T,Total,_Z,Not applicable,_Z,Not applicable,V,Current prices,2019,,79.004,,,,,,,,,,,,0,Units,1,One
DATAFLOW,OECD.ELS.HD:DSD_SHA@DF_SHA(1.1),Health expenditure and financing,I,CAN,Canada,A,Annual,EXP_HEALTH,Expenditure,USD_PPP_PS,"US dollars per person, PPP converted",HF3,Household out-of-pocket payments,_Z,Not application,_T,Total,_T,Total,_T,Total,_Z,Not applicable,_Z,Not applicable,V,Current prices,2019,,832.74,,,,,,,,,,,,0,Units,1,One
DATAFLOW,OECD.ELS.HD:DSD_SHA@DF_SHA(1.1),Health expenditure and financing,I,CAN,Canada,A,Annual,EXP_HEALTH,Expenditure,USD_PPP_PS,"US dollars per person, PPP converted",HF2,Voluntary healthcare payment schemes,_Z,Not application,_T,Total,_T,Total,_T,Total,_Z,Not applicable,_Z,Not applicable,V,Current prices,2019,,813.124,,,,,,,,,,,,0,Units,1,One
DATAFLOW,OECD.ELS.HD:DSD_SHA@DF_SHA(1.1),Health expenditure and financing,I,CAN,Canada,A,Annual,EXP_HEALTH,Expenditure,USD_PPP_PS,"US dollars per person, PPP converted",HF21,Voluntary health insurance schemes,_Z,Not application,_T,Total,_T,Total,_T,Total,_Z,Not applicable,_Z,Not applicable,V,Current prices,2019,,707.234,,,,,,,,,,,,0,Units,1,One
DATAFLOW,OECD.ELS.HD:DSD_SHA@DF_SHA(1.1),Health expenditure and financing,I,CAN,Canada,A,Annual,EXP_HEALTH,Expenditure,USD_PPP_PS,"US dollars per person, PPP converted",HF2HF3,Voluntary schemes/household out-of-pocket payments,_Z,Not application,_T,Total,_T,Total,_T,Total,_Z,Not applicable,_Z,Not applicable,V,Current prices,2019,,1645.864,,,,,,,,,,,,0,Units,1,One
DATAFLOW,OECD.ELS.HD:DSD_SHA@DF_SHA(1.1),Health expenditure and financing,I,CAN,Canada,A,Annual,EXP_HEALTH,Expenditure,USD_PPP_PS,"US dollars per person, PPP converted",HF2HF3,Voluntary schemes/household out-of-pocket payments,_Z,Not application,_T,Total,_T,Total,_T,Total,_Z,Not applicable,_Z,Not applicable,V,Current prices,2020,,1621.083,,,,,,,,,,,,0,Units,1,One
DATAFLOW,OECD.ELS.HD:DSD_SHA@DF_SHA(1.1),Health expenditure and financing,I,CAN,Canada,A,Annual,EXP_HEALTH,Expenditure,USD_PPP_PS,"US dollars per person, PPP converted",HF21,Voluntary health insurance schemes,_Z,Not application,_T,Total,_T,Total,_T,Total,_Z,Not applicable,_Z,Not applicable,V,Current prices,2020,,672.068,,,,,,,,,,,,0,Units,1,One
DATAFLOW,OECD.ELS.HD:DSD_SHA@DF_SHA(1.1),Health expenditure and financing,I,CAN,Canada,A,Annual,EXP_HEALTH,Expenditure,USD_PPP_PS,"US dollars per person, PPP converted",HF2,Voluntary healthcare payment schemes,_Z,Not application,_T,Total,_T,Total,_T,Total,_Z,Not applicable,_Z,Not applicable,V,Current prices,2020,,775.069,,,,,,,,,,,,0,Units,1,One
DATAFLOW,OECD.ELS.HD:DSD_SHA@DF_SHA(1.1),Health expenditure and financing,I,CAN,Canada,A,Annual,EXP_HEALTH,Expenditure,USD_PPP_PS,"US dollars per person, PPP converted",HF3,Household out-of-pocket payments,_Z,Not application,_T,Total,_T,Total,_T,Total,_Z,Not applicable,_Z,Not applicable,V,Current prices,2020,,846.014,,,,,,,,,,,,0,Units,1,One
DATAFLOW,OECD.ELS.HD:DSD_SHA@DF_SHA(1.1),Health expenditure and financing,I,CAN,Canada,A,Annual,EXP_HEALTH,Expenditure,USD_PPP_PS,"US dollars per person, PPP converted",HF12HF13,Compulsory contributory health insurance schemes,_Z,Not application,_T,Total,_T,Total,_T,Total,_Z,Not applicable,_Z,Not applicable,V,Current prices,2020,,76.672,,,,,,,,,,,,0,Units,1,One
DATAFLOW,OECD.ELS.HD:DSD_SHA@DF_SHA(1.1),Health expenditure and financing,I,CAN,Canada,A,Annual,EXP_HEALTH,Expenditure,USD_PPP_PS,"US dollars per person, PPP converted",HF23,Enterprise financing schemes,_Z,Not application,_T,Total,_T,Total,_T,Total,_Z,Not applicable,_Z,Not applicable,V,Current prices,2020,,34.671,,,,,,,,,,,,0,Units,1,One
DATAFLOW,OECD.ELS.HD:DSD_SHA@DF_SHA(1.1),Health expenditure and financing,I,CAN,Canada,A,Annual,EXP_HEALTH,Expenditure,USD_PPP_PS,"US dollars per person, PPP converted",HF22,NPISH financing schemes,_Z,Not application,_T,Total,_T,Total,_T,Total,_Z,Not applicable,_Z,Not applicable,V,Current prices,2020,,68.33,,,,,,,,,,,,0,Units,1,One
DATAFLOW,OECD.ELS.HD:DSD_SHA@DF_SHA(1.1),Health expenditure and financing,I,CAN,Canada,A,Annual,EXP_HEALTH,Expenditure,USD_PPP_PS,"US dollars per person, PPP converted",HF121,Social health insurance schemes,_Z,Not application,_T,Total,_T,Total,_T,Total,_Z,Not applicable,_Z,Not applicable,V,Current prices,2020,,76.672,,,,,,,,,,,,0,Units,1,One
DATAFLOW,OECD.ELS.HD:DSD_SHA@DF_SHA(1.1),Health expenditure and financing,I,CAN,Canada,A,Annual,EXP_HEALTH,Expenditure,USD_PPP_PS,"US dollars per person, PPP converted",HF11,Government schemes,_Z,Not application,_T,Total,_T,Total,_T,Total,_Z,Not applicable,_Z,Not applicable,V,Current prices,2020,,4498.13,,,,,,,,,,,,0,Units,1,One
DATAFLOW,OECD.ELS.HD:DSD_SHA@DF_SHA(1.1),Health expenditure and financing,I,CAN,Canada,A,Annual,EXP_HEALTH,Expenditure,USD_PPP_PS,"US dollars per person, PPP converted",HF1,Government/compulsory schemes,_Z,Not application,_T,Total,_T,Total,_T,Total,_Z,Not applicable,_Z,Not applicable,V,Current prices,2020,,4574.802,,,,,,,,,,,,0,Units,1,One
DATAFLOW,OECD.ELS.HD:DSD_SHA@DF_SHA(1.1),Health expenditure and financing,I,CAN,Canada,A,Annual,EXP_HEALTH,Expenditure,USD_PPP_PS,"US dollars per person, PPP converted",HF1,Government/compulsory schemes,_Z,Not application,_T,Total,_T,Total,_T,Total,_Z,Not applicable,_Z,Not applicable,V,Current prices,2021,,5010.85,,,,,,,,,,,,0,Units,1,One
DATAFLOW,OECD.ELS.HD:DSD_SHA@DF_SHA(1.1),Health expenditure and financing,I,CAN,Canada,A,Annual,EXP_HEALTH,Expenditure,USD_PPP_PS,"US dollars per person, PPP converted",HF11,Government schemes,_Z,Not application,_T,Total,_T,Total,_T,Total,_Z,Not applicable,_Z,Not applicable,V,Current prices,2021,,4920.361,,,,,,,,,,,,0,Units,1,One
DATAFLOW,OECD.ELS.HD:DSD_SHA@DF_SHA(1.1),Health expenditure and financing,I,CAN,Canada,A,Annual,EXP_HEALTH,Expenditure,USD_PPP_PS,"US dollars per person, PPP converted",HF121,Social health insurance schemes,_Z,Not application,_T,Total,_T,Total,_T,Total,_Z,Not applicable,_Z,Not applicable,V,Current prices,2021,,90.489,,,,,,,,,,,,0,Units,1,One
DATAFLOW,OECD.ELS.HD:DSD_SHA@DF_SHA(1.1),Health expenditure and financing,I,CAN,Canada,A,Annual,EXP_HEALTH,Expenditure,USD_PPP_PS,"US dollars per person, PPP converted",HF22,NPISH financing schemes,_Z,Not application,_T,Total,_T,Total,_T,Total,_Z,Not applicable,_Z,Not applicable,V,Current prices,2021,,70.931,,,,,,,,,,,,0,Units,1,One
DATAFLOW,OECD.ELS.HD:DSD_SHA@DF_SHA(1.1),Health expenditure and financing,I,CAN,Canada,A,Annual,EXP_HEALTH,Expenditure,USD_PPP_PS,"US dollars per person, PPP converted",HF23,Enterprise financing schemes,_Z,Not application,_T,Total,_T,Total,_T,Total,_Z,Not applicable,_Z,Not applicable,V,Current prices,2021,,42.532,,,,,,,,,,,,0,Units,1,One
DATAFLOW,OECD.ELS.HD:DSD_SHA@DF_SHA(1.1),Health expenditure and financing,I,CAN,Canada,A,Annual,EXP_HEALTH,Expenditure,USD_PPP_PS,"US dollars per person, PPP converted",HF12HF13,Compulsory contributory health insurance schemes,_Z,Not application,_T,Total,_T,Total,_T,Total,_Z,Not applicable,_Z,Not applicable,V,Current prices,2021,,90.489,,,,,,,,,,,,0,Units,1,One
DATAFLOW,OECD.ELS.HD:DSD_SHA@DF_SHA(1.1),Health expenditure and financing,I,CAN,Canada,A,Annual,EXP_HEALTH,Expenditure,USD_PPP_PS,"US dollars per person, PPP converted",HF3,Household out-of-pocket payments,_Z,Not application,_T,Total,_T,Total,_T,Total,_Z,Not applicable,_Z,Not applicable,V,Current prices,2021,,983.354,,,,,,,,,,,,0,Units,1,One
DATAFLOW,OECD.ELS.HD:DSD_SHA@DF_SHA(1.1),Health expenditure and financing,I,CAN,Canada,A,Annual,EXP_HEALTH,Expenditure,USD_PPP_PS,"US dollars per person, PPP converted",HF2,Voluntary healthcare payment schemes,_Z,Not application,_T,Total,_T,Total,_T,Total,_Z,Not applicable,_Z,Not applicable,V,Current prices,2021,,902.776,,,,,,,,,,,,0,Units,1,One
DATAFLOW,OECD.ELS.HD:DSD_SHA@DF_SHA(1.1),Health expenditure and financing,I,CAN,Canada,A,Annual,EXP_HEALTH,Expenditure,USD_PPP_PS,"US dollars per person, PPP converted",HF21,Voluntary health insurance schemes,_Z,Not application,_T,Total,_T,Total,_T,Total,_Z,Not applicable,_Z,Not applicable,V,Current prices,2021,,789.314,,,,,,,,,,,,0,Units,1,One
DATAFLOW,OECD.ELS.HD:DSD_SHA@DF_SHA(1.1),Health expenditure and financing,I,CAN,Canada,A,Annual,EXP_HEALTH,Expenditure,USD_PPP_PS,"US dollars per person, PPP converted",HF121,Social health insurance schemes,_Z,Not application,_T,Total,_T,Total,_T,Total,_Z,Not applicable,_Z,Not applicable,V,Current prices,2016,,71.937,,,,,,,,,,,,0,Units,1,One
DATAFLOW,OECD.ELS.HD:DSD_SHA@DF_SHA(1.1),Health expenditure and financing,I,CAN,Canada,A,Annual,EXP_HEALTH,Expenditure,USD_PPP_PS,"US dollars per person, PPP converted",HF11,Government schemes,_Z,Not application,_T,Total,_T,Total,_T,Total,_Z,Not applicable,_Z,Not applicable,V,Current prices,2016,,3451.291,,,,,,,,,,,,0,Units,1,One
DATAFLOW,OECD.ELS.HD:DSD_SHA@DF_SHA(1.1),Health expenditure and financing,I,CAN,Canada,A,Annual,EXP_HEALTH,Expenditure,USD_PPP_PS,"US dollars per person, PPP converted",HF1,Government/compulsory schemes,_Z,Not application,_T,Total,_T,Total,_T,Total,_Z,Not applicable,_Z,Not applicable,V,Current prices,2016,,3523.228,,,,,,,,,,,,0,Units,1,One
DATAFLOW,OECD.ELS.HD:DSD_SHA@DF_SHA(1.1),Health expenditure and financing,I,CAN,Canada,A,Annual,EXP_HEALTH,Expenditure,USD_PPP_PS,"US dollars per person, PPP converted",HF2HF3,Voluntary schemes/household out-of-pocket payments,_Z,Not application,_T,Total,_T,Total,_T,Total,_Z,Not applicable,_Z,Not applicable,V,Current prices,2018,,1623.706,,,,,,,,,,,,0,Units,1,One
DATAFLOW,OECD.ELS.HD:DSD_SHA@DF_SHA(1.1),Health expenditure and financing,I,CAN,Canada,A,Annual,EXP_HEALTH,Expenditure,USD_PPP_PS,"US dollars per person, PPP converted",HF21,Voluntary health insurance schemes,_Z,Not application,_T,Total,_T,Total,_T,Total,_Z,Not applicable,_Z,Not applicable,V,Current prices,2018,,688.934,,,,,,,,,,,,0,Units,1,One
DATAFLOW,OECD.ELS.HD:DSD_SHA@DF_SHA(1.1),Health expenditure and financing,I,CAN,Canada,A,Annual,EXP_HEALTH,Expenditure,USD_PPP_PS,"US dollars per person, PPP converted",HF2,Voluntary healthcare payment schemes,_Z,Not application,_T,Total,_T,Total,_T,Total,_Z,Not applicable,_Z,Not applicable,V,Current prices,2018,,791.622,,,,,,,,,,,,0,Units,1,One
DATAFLOW,OECD.ELS.HD:DSD_SHA@DF_SHA(1.1),Health expenditure and financing,I,CAN,Canada,A,Annual,EXP_HEALTH,Expenditure,USD_PPP_PS,"US dollars per person, PPP converted",HF3,Household out-of-pocket payments,_Z,Not application,_T,Total,_T,Total,_T,Total,_Z,Not applicable,_Z,Not applicable,V,Current prices,2018,,832.085,,,,,,,,,,,,0,Units,1,One
DATAFLOW,OECD.ELS.HD:DSD_SHA@DF_SHA(1.1),Health expenditure and financing,I,CAN,Canada,A,Annual,EXP_HEALTH,Expenditure,USD_PPP_PS,"US dollars per person, PPP converted",HF12HF13,Compulsory contributory health insurance schemes,_Z,Not application,_T,Total,_T,Total,_T,Total,_Z,Not applicable,_Z,Not applicable,V,Current prices,2018,,77.397,,,,,,,,,,,,0,Units,1,One
DATAFLOW,OECD.ELS.HD:DSD_SHA@DF_SHA(1.1),Health expenditure and financing,I,CAN,Canada,A,Annual,EXP_HEALTH,Expenditure,USD_PPP_PS,"US dollars per person, PPP converted",HF23,Enterprise financing schemes,_Z,Not application,_T,Total,_T,Total,_T,Total,_Z,Not applicable,_Z,Not applicable,V,Current prices,2018,,39.085,,,,,,,,,,,,0,Units,1,One
DATAFLOW,OECD.ELS.HD:DSD_SHA@DF_SHA(1.1),Health expenditure and financing,I,CAN,Canada,A,Annual,EXP_HEALTH,Expenditure,USD_PPP_PS,"US dollars per person, PPP converted",HF22,NPISH financing schemes,_Z,Not application,_T,Total,_T,Total,_T,Total,_Z,Not applicable,_Z,Not applicable,V,Current prices,2018,,63.603,,,,,,,,,,,,0,Units,1,One
DATAFLOW,OECD.ELS.HD:DSD_SHA@DF_SHA(1.1),Health expenditure and financing,I,CAN,Canada,A,Annual,EXP_HEALTH,Expenditure,USD_PPP_PS,"US dollars per person, PPP converted",_T,Total,_Z,Not application,_T,Total,_T,Total,_T,Total,_Z,Not applicable,_Z,Not applicable,V,Current prices,2018,,5333.631,,,,,,,,,,,,0,Units,1,One
DATAFLOW,OECD.ELS.HD:DSD_SHA@DF_SHA(1.1),Health expenditure and financing,I,CAN,Canada,A,Annual,EXP_HEALTH,Expenditure,USD_PPP_PS,"US dollars per person, PPP converted",HF121,Social health insurance schemes,_Z,Not application,_T,Total,_T,Total,_T,Total,_Z,Not applicable,_Z,Not applicable,V,Current prices,2018,,77.397,,,,,,,,,,,,0,Units,1,One
DATAFLOW,OECD.ELS.HD:DSD_SHA@DF_SHA(1.1),Health expenditure and financing,I,CAN,Canada,A,Annual,EXP_HEALTH,Expenditure,USD_PPP_PS,"US dollars per person, PPP converted",HF11,Government schemes,_Z,Not application,_T,Total,_T,Total,_T,Total,_Z,Not applicable,_Z,Not applicable,V,Current prices,2018,,3632.527,,,,,,,,,,,,0,Units,1,One
DATAFLOW,OECD.ELS.HD:DSD_SHA@DF_SHA(1.1),Health expenditure and financing,I,CAN,Canada,A,Annual,EXP_HEALTH,Expenditure,USD_PPP_PS,"US dollars per person, PPP converted",HF1,Government/compulsory schemes,_Z,Not application,_T,Total,_T,Total,_T,Total,_Z,Not applicable,_Z,Not applicable,V,Current prices,2018,,3709.924,,,,,,,,,,,,0,Units,1,One
DATAFLOW,OECD.ELS.HD:DSD_SHA@DF_SHA(1.1),Health expenditure and financing,I,CAN,Canada,A,Annual,EXP_HEALTH,Expenditure,USD_PPP_PS,"US dollars per person, PPP converted",HF1,Government/compulsory schemes,_Z,Not application,_T,Total,_T,Total,_T,Total,_Z,Not applicable,_Z,Not applicable,V,Current prices,2017,,3597.569,,,,,,,,,,,,0,Units,1,One
DATAFLOW,OECD.ELS.HD:DSD_SHA@DF_SHA(1.1),Health expenditure and financing,I,CAN,Canada,A,Annual,EXP_HEALTH,Expenditure,USD_PPP_PS,"US dollars per person, PPP converted",HF11,Government schemes,_Z,Not application,_T,Total,_T,Total,_T,Total,_Z,Not applicable,_Z,Not applicable,V,Current prices,2017,,3523.579,,,,,,,,,,,,0,Units,1,One
DATAFLOW,OECD.ELS.HD:DSD_SHA@DF_SHA(1.1),Health expenditure and financing,I,CAN,Canada,A,Annual,EXP_HEALTH,Expenditure,USD_PPP_PS,"US dollars per person, PPP converted",HF121,Social health insurance schemes,_Z,Not application,_T,Total,_T,Total,_T,Total,_Z,Not applicable,_Z,Not applicable,V,Current prices,2017,,73.99,,,,,,,,,,,,0,Units,1,One
DATAFLOW,OECD.ELS.HD:DSD_SHA@DF_SHA(1.1),Health expenditure and financing,I,CAN,Canada,A,Annual,EXP_HEALTH,Expenditure,USD_PPP_PS,"US dollars per person, PPP converted",_T,Total,_Z,Not application,_T,Total,_T,Total,_T,Total,_Z,Not applicable,_Z,Not applicable,V,Current prices,2017,,5185.076,,,,,,,,,,,,0,Units,1,One
DATAFLOW,OECD.ELS.HD:DSD_SHA@DF_SHA(1.1),Health expenditure and financing,I,CAN,Canada,A,Annual,EXP_HEALTH,Expenditure,USD_PPP_PS,"US dollars per person, PPP converted",HF22,NPISH financing schemes,_Z,Not application,_T,Total,_T,Total,_T,Total,_Z,Not applicable,_Z,Not applicable,V,Current prices,2017,,59.646,,,,,,,,,,,,0,Units,1,One
DATAFLOW,OECD.ELS.HD:DSD_SHA@DF_SHA(1.1),Health expenditure and financing,I,CAN,Canada,A,Annual,EXP_HEALTH,Expenditure,USD_PPP_PS,"US dollars per person, PPP converted",HF23,Enterprise financing schemes,_Z,Not application,_T,Total,_T,Total,_T,Total,_Z,Not applicable,_Z,Not applicable,V,Current prices,2017,,41.899,,,,,,,,,,,,0,Units,1,One
DATAFLOW,OECD.ELS.HD:DSD_SHA@DF_SHA(1.1),Health expenditure and financing,I,CAN,Canada,A,Annual,EXP_HEALTH,Expenditure,USD_PPP_PS,"US dollars per person, PPP converted",HF12HF13,Compulsory contributory health insurance schemes,_Z,Not application,_T,Total,_T,Total,_T,Total,_Z,Not applicable,_Z,Not applicable,V,Current prices,2017,,73.99,,,,,,,,,,,,0,Units,1,One
DATAFLOW,OECD.ELS.HD:DSD_SHA@DF_SHA(1.1),Health expenditure and financing,I,CAN,Canada,A,Annual,EXP_HEALTH,Expenditure,USD_PPP_PS,"US dollars per person, PPP converted",HF3,Household out-of-pocket payments,_Z,Not application,_T,Total,_T,Total,_T,Total,_Z,Not applicable,_Z,Not applicable,V,Current prices,2017,,820.37,,,,,,,,,,,,0,Units,1,One
DATAFLOW,OECD.ELS.HD:DSD_SHA@DF_SHA(1.1),Health expenditure and financing,I,CAN,Canada,A,Annual,EXP_HEALTH,Expenditure,USD_PPP_PS,"US dollars per person, PPP converted",HF2,Voluntary healthcare payment schemes,_Z,Not application,_T,Total,_T,Total,_T,Total,_Z,Not applicable,_Z,Not applicable,V,Current prices,2017,,767.137,,,,,,,,,,,,0,Units,1,One
DATAFLOW,OECD.ELS.HD:DSD_SHA@DF_SHA(1.1),Health expenditure and financing,I,CAN,Canada,A,Annual,EXP_HEALTH,Expenditure,USD_PPP_PS,"US dollars per person, PPP converted",HF21,Voluntary health insurance schemes,_Z,Not application,_T,Total,_T,Total,_T,Total,_Z,Not applicable,_Z,Not applicable,V,Current prices,2017,,665.592,,,,,,,,,,,,0,Units,1,One
DATAFLOW,OECD.ELS.HD:DSD_SHA@DF_SHA(1.1),Health expenditure and financing,I,CAN,Canada,A,Annual,EXP_HEALTH,Expenditure,USD_PPP_PS,"US dollars per person, PPP converted",HF2HF3,Voluntary schemes/household out-of-pocket payments,_Z,Not application,_T,Total,_T,Total,_T,Total,_Z,Not applicable,_Z,Not applicable,V,Current prices,2017,,1587.507,,,,,,,,,,,,0,Units,1,One
DATAFLOW,OECD.ELS.HD:DSD_SHA@DF_SHA(1.1),Health expenditure and financing,I,DEU,Germany,A,Annual,EXP_HEALTH,Expenditure,USD_PPP_PS,"US dollars per person, PPP converted",HF2,Voluntary healthcare payment schemes,_Z,Not application,_T,Total,_T,Total,_T,Total,_Z,Not applicable,_Z,Not applicable,V,Current prices,2015,,161.847,,,,,,,,,,,,0,Units,1,One
DATAFLOW,OECD.ELS.HD:DSD_SHA@DF_SHA(1.1),Health expenditure and financing,I,ITA,Italy,A,Annual,EXP_HEALTH,Expenditure,USD_PPP_PS,"US dollars per person, PPP converted",HF1,Government/compulsory schemes,_Z,Not application,_T,Total,_T,Total,_T,Total,_Z,Not applicable,_Z,Not applicable,Q,Constant prices,2015,,2839.487,,2020,,,,,,,,,,0,Units,1,One
DATAFLOW,OECD.ELS.HD:DSD_SHA@DF_SHA(1.1),Health expenditure and financing,I,ITA,Italy,A,Annual,EXP_HEALTH,Expenditure,USD_PPP_PS,"US dollars per person, PPP converted",HF23,Enterprise financing schemes,_Z,Not application,_T,Total,_T,Total,_T,Total,_Z,Not applicable,_Z,Not applicable,Q,Constant prices,2015,,16.661,,2020,,,,,,,,,,0,Units,1,One
DATAFLOW,OECD.ELS.HD:DSD_SHA@DF_SHA(1.1),Health expenditure and financing,I,ITA,Italy,A,Annual,EXP_HEALTH,Expenditure,USD_PPP_PS,"US dollars per person, PPP converted",HF2,Voluntary healthcare payment schemes,_Z,Not application,_T,Total,_T,Total,_T,Total,_Z,Not applicable,_Z,Not applicable,Q,Constant prices,2015,,83.932,,2020,,,,,,,,,,0,Units,1,One
DATAFLOW,OECD.ELS.HD:DSD_SHA@DF_SHA(1.1),Health expenditure and financing,I,ITA,Italy,A,Annual,EXP_HEALTH,Expenditure,USD_PPP_PS,"US dollars per person, PPP converted",HF22,NPISH financing schemes,_Z,Not application,_T,Total,_T,Total,_T,Total,_Z,Not applicable,_Z,Not applicable,Q,Constant prices,2015,,8.552,,2020,,,,,,,,,,0,Units,1,One
DATAFLOW,OECD.ELS.HD:DSD_SHA@DF_SHA(1.1),Health expenditure and financing,I,ITA,Italy,A,Annual,EXP_HEALTH,Expenditure,USD_PPP_PS,"US dollars per person, PPP converted",HF12HF13,Compulsory contributory health insurance schemes,_Z,Not application,_T,Total,_T,Total,_T,Total,_Z,Not applicable,_Z,Not applicable,Q,Constant prices,2015,,8.943,,2020,,,,,,,,,,0,Units,1,One
DATAFLOW,OECD.ELS.HD:DSD_SHA@DF_SHA(1.1),Health expenditure and financing,I,ITA,Italy,A,Annual,EXP_HEALTH,Expenditure,USD_PPP_PS,"US dollars per person, PPP converted",HF11,Government schemes,_Z,Not application,_T,Total,_T,Total,_T,Total,_Z,Not applicable,_Z,Not applicable,Q,Constant prices,2015,,2830.544,,2020,,,,,,,,,,0,Units,1,One
DATAFLOW,OECD.ELS.HD:DSD_SHA@DF_SHA(1.1),Health expenditure and financing,I,ITA,Italy,A,Annual,EXP_HEALTH,Expenditure,USD_PPP_PS,"US dollars per person, PPP converted",HF21,Voluntary health insurance schemes,_Z,Not application,_T,Total,_T,Total,_T,Total,_Z,Not applicable,_Z,Not applicable,Q,Constant prices,2015,,58.718,,2020,,,,,,,,,,0,Units,1,One
DATAFLOW,OECD.ELS.HD:DSD_SHA@DF_SHA(1.1),Health expenditure and financing,I,ITA,Italy,A,Annual,EXP_HEALTH,Expenditure,USD_PPP_PS,"US dollars per person, PPP converted",_T,Total,_Z,Not application,_T,Total,_T,Total,_T,Total,_Z,Not applicable,_Z,Not applicable,Q,Constant prices,2015,,3836.314,,2020,,,,,,,,,,0,Units,1,One
DATAFLOW,OECD.ELS.HD:DSD_SHA@DF_SHA(1.1),Health expenditure and financing,I,ITA,Italy,A,Annual,EXP_HEALTH,Expenditure,USD_PPP_PS,"US dollars per person, PPP converted",HF121,Social health insurance schemes,_Z,Not application,_T,Total,_T,Total,_T,Total,_Z,Not applicable,_Z,Not applicable,Q,Constant prices,2015,,8.943,,2020,,,,,,,,,,0,Units,1,One
DATAFLOW,OECD.ELS.HD:DSD_SHA@DF_SHA(1.1),Health expenditure and financing,I,ITA,Italy,A,Annual,EXP_HEALTH,Expenditure,USD_PPP_PS,"US dollars per person, PPP converted",HF121,Social health insurance schemes,_Z,Not application,_T,Total,_T,Total,_T,Total,_Z,Not applicable,_Z,Not applicable,Q,Constant prices,2016,,6.937,,2020,,,,,,,,,,0,Units,1,One
DATAFLOW,OECD.ELS.HD:DSD_SHA@DF_SHA(1.1),Health expenditure and financing,I,ITA,Italy,A,Annual,EXP_HEALTH,Expenditure,USD_PPP_PS,"US dollars per person, PPP converted",_T,Total,_Z,Not application,_T,Total,_T,Total,_T,Total,_Z,Not applicable,_Z,Not applicable,Q,Constant prices,2016,,3862.937,,2020,,,,,,,,,,0,Units,1,One
DATAFLOW,OECD.ELS.HD:DSD_SHA@DF_SHA(1.1),Health expenditure and financing,I,ITA,Italy,A,Annual,EXP_HEALTH,Expenditure,USD_PPP_PS,"US dollars per person, PPP converted",HF21,Voluntary health insurance schemes,_Z,Not application,_T,Total,_T,Total,_T,Total,_Z,Not applicable,_Z,Not applicable,Q,Constant prices,2016,,64.828,,2020,,,,,,,,,,0,Units,1,One
DATAFLOW,OECD.ELS.HD:DSD_SHA@DF_SHA(1.1),Health expenditure and financing,I,ITA,Italy,A,Annual,EXP_HEALTH,Expenditure,USD_PPP_PS,"US dollars per person, PPP converted",HF11,Government schemes,_Z,Not application,_T,Total,_T,Total,_T,Total,_Z,Not applicable,_Z,Not applicable,Q,Constant prices,2016,,2849.257,,2020,,,,,,,,,,0,Units,1,One
DATAFLOW,OECD.ELS.HD:DSD_SHA@DF_SHA(1.1),Health expenditure and financing,I,ITA,Italy,A,Annual,EXP_HEALTH,Expenditure,USD_PPP_PS,"US dollars per person, PPP converted",HF12HF13,Compulsory contributory health insurance schemes,_Z,Not application,_T,Total,_T,Total,_T,Total,_Z,Not applicable,_Z,Not applicable,Q,Constant prices,2016,,6.937,,2020,,,,,,,,,,0,Units,1,One
DATAFLOW,OECD.ELS.HD:DSD_SHA@DF_SHA(1.1),Health expenditure and financing,I,ITA,Italy,A,Annual,EXP_HEALTH,Expenditure,USD_PPP_PS,"US dollars per person, PPP converted",HF22,NPISH financing schemes,_Z,Not application,_T,Total,_T,Total,_T,Total,_Z,Not applicable,_Z,Not applicable,Q,Constant prices,2016,,8.678,,2020,,,,,,,,,,0,Units,1,One
DATAFLOW,OECD.ELS.HD:DSD_SHA@DF_SHA(1.1),Health expenditure and financing,I,ITA,Italy,A,Annual,EXP_HEALTH,Expenditure,USD_PPP_PS,"US dollars per person, PPP converted",HF2,Voluntary healthcare payment schemes,_Z,Not application,_T,Total,_T,Total,_T,Total,_Z,Not applicable,_Z,Not applicable,Q,Constant prices,2016,,91.461,,2020,,,,,,,,,,0,Units,1,One
DATAFLOW,OECD.ELS.HD:DSD_SHA@DF_SHA(1.1),Health expenditure and financing,I,ITA,Italy,A,Annual,EXP_HEALTH,Expenditure,USD_PPP_PS,"US dollars per person, PPP converted",HF23,Enterprise financing schemes,_Z,Not application,_T,Total,_T,Total,_T,Total,_Z,Not applicable,_Z,Not applicable,Q,Constant prices,2016,,17.954,,2020,,,,,,,,,,0,Units,1,One
DATAFLOW,OECD.ELS.HD:DSD_SHA@DF_SHA(1.1),Health expenditure and financing,I,ITA,Italy,A,Annual,EXP_HEALTH,Expenditure,USD_PPP_PS,"US dollars per person, PPP converted",HF1,Government/compulsory schemes,_Z,Not application,_T,Total,_T,Total,_T,Total,_Z,Not applicable,_Z,Not applicable,Q,Constant prices,2016,,2856.195,,2020,,,,,,,,,,0,Units,1,One
DATAFLOW,OECD.ELS.HD:DSD_SHA@DF_SHA(1.1),Health expenditure and financing,I,ITA,Italy,A,Annual,EXP_HEALTH,Expenditure,USD_PPP_PS,"US dollars per person, PPP converted",HF1,Government/compulsory schemes,_Z,Not application,_T,Total,_T,Total,_T,Total,_Z,Not applicable,_Z,Not applicable,Q,Constant prices,2017,,2857.88,,2020,,,,,,,,,,0,Units,1,One
DATAFLOW,OECD.ELS.HD:DSD_SHA@DF_SHA(1.1),Health expenditure and financing,I,ITA,Italy,A,Annual,EXP_HEALTH,Expenditure,USD_PPP_PS,"US dollars per person, PPP converted",HF23,Enterprise financing schemes,_Z,Not application,_T,Total,_T,Total,_T,Total,_Z,Not applicable,_Z,Not applicable,Q,Constant prices,2017,,19.153,,2020,,,,,,,,,,0,Units,1,One
DATAFLOW,OECD.ELS.HD:DSD_SHA@DF_SHA(1.1),Health expenditure and financing,I,ITA,Italy,A,Annual,EXP_HEALTH,Expenditure,USD_PPP_PS,"US dollars per person, PPP converted",HF2,Voluntary healthcare payment schemes,_Z,Not application,_T,Total,_T,Total,_T,Total,_Z,Not applicable,_Z,Not applicable,Q,Constant prices,2017,,99.365,,2020,,,,,,,,,,0,Units,1,One
DATAFLOW,OECD.ELS.HD:DSD_SHA@DF_SHA(1.1),Health expenditure and financing,I,ITA,Italy,A,Annual,EXP_HEALTH,Expenditure,USD_PPP_PS,"US dollars per person, PPP converted",HF22,NPISH financing schemes,_Z,Not application,_T,Total,_T,Total,_T,Total,_Z,Not applicable,_Z,Not applicable,Q,Constant prices,2017,,9.744,,2020,,,,,,,,,,0,Units,1,One
DATAFLOW,OECD.ELS.HD:DSD_SHA@DF_SHA(1.1),Health expenditure and financing,I,ITA,Italy,A,Annual,EXP_HEALTH,Expenditure,USD_PPP_PS,"US dollars per person, PPP converted",HF12HF13,Compulsory contributory health insurance schemes,_Z,Not application,_T,Total,_T,Total,_T,Total,_Z,Not applicable,_Z,Not applicable,Q,Constant prices,2017,,6.736,,2020,,,,,,,,,,0,Units,1,One
DATAFLOW,OECD.ELS.HD:DSD_SHA@DF_SHA(1.1),Health expenditure and financing,I,ITA,Italy,A,Annual,EXP_HEALTH,Expenditure,USD_PPP_PS,"US dollars per person, PPP converted",HF11,Government schemes,_Z,Not application,_T,Total,_T,Total,_T,Total,_Z,Not applicable,_Z,Not applicable,Q,Constant prices,2017,,2851.144,,2020,,,,,,,,,,0,Units,1,One
DATAFLOW,OECD.ELS.HD:DSD_SHA@DF_SHA(1.1),Health expenditure and financing,I,ITA,Italy,A,Annual,EXP_HEALTH,Expenditure,USD_PPP_PS,"US dollars per person, PPP converted",HF21,Voluntary health insurance schemes,_Z,Not application,_T,Total,_T,Total,_T,Total,_Z,Not applicable,_Z,Not applicable,Q,Constant prices,2017,,70.468,,2020,,,,,,,,,,0,Units,1,One
DATAFLOW,OECD.ELS.HD:DSD_SHA@DF_SHA(1.1),Health expenditure and financing,I,ITA,Italy,A,Annual,EXP_HEALTH,Expenditure,USD_PPP_PS,"US dollars per person, PPP converted",_T,Total,_Z,Not application,_T,Total,_T,Total,_T,Total,_Z,Not applicable,_Z,Not applicable,Q,Constant prices,2017,,3897.651,,2020,,,,,,,,,,0,Units,1,One
DATAFLOW,OECD.ELS.HD:DSD_SHA@DF_SHA(1.1),Health expenditure and financing,I,ITA,Italy,A,Annual,EXP_HEALTH,Expenditure,USD_PPP_PS,"US dollars per person, PPP converted",HF121,Social health insurance schemes,_Z,Not application,_T,Total,_T,Total,_T,Total,_Z,Not applicable,_Z,Not applicable,Q,Constant prices,2017,,6.736,,2020,,,,,,,,,,0,Units,1,One
DATAFLOW,OECD.ELS.HD:DSD_SHA@DF_SHA(1.1),Health expenditure and financing,I,ITA,Italy,A,Annual,EXP_HEALTH,Expenditure,USD_PPP_PS,"US dollars per person, PPP converted",HF121,Social health insurance schemes,_Z,Not application,_T,Total,_T,Total,_T,Total,_Z,Not applicable,_Z,Not applicable,Q,Constant prices,2018,,6.113,,2020,,,,,,,,,,0,Units,1,One
DATAFLOW,OECD.ELS.HD:DSD_SHA@DF_SHA(1.1),Health expenditure and financing,I,ITA,Italy,A,Annual,EXP_HEALTH,Expenditure,USD_PPP_PS,"US dollars per person, PPP converted",_T,Total,_Z,Not application,_T,Total,_T,Total,_T,Total,_Z,Not applicable,_Z,Not applicable,Q,Constant prices,2018,,3918.914,,2020,,,,,,,,,,0,Units,1,One
DATAFLOW,OECD.ELS.HD:DSD_SHA@DF_SHA(1.1),Health expenditure and financing,I,ITA,Italy,A,Annual,EXP_HEALTH,Expenditure,USD_PPP_PS,"US dollars per person, PPP converted",HF21,Voluntary health insurance schemes,_Z,Not application,_T,Total,_T,Total,_T,Total,_Z,Not applicable,_Z,Not applicable,Q,Constant prices,2018,,74.706,,2020,,,,,,,,,,0,Units,1,One
DATAFLOW,OECD.ELS.HD:DSD_SHA@DF_SHA(1.1),Health expenditure and financing,I,ITA,Italy,A,Annual,EXP_HEALTH,Expenditure,USD_PPP_PS,"US dollars per person, PPP converted",HF11,Government schemes,_Z,Not application,_T,Total,_T,Total,_T,Total,_Z,Not applicable,_Z,Not applicable,Q,Constant prices,2018,,2868.975,,2020,,,,,,,,,,0,Units,1,One
DATAFLOW,OECD.ELS.HD:DSD_SHA@DF_SHA(1.1),Health expenditure and financing,I,ITA,Italy,A,Annual,EXP_HEALTH,Expenditure,USD_PPP_PS,"US dollars per person, PPP converted",HF12HF13,Compulsory contributory health insurance schemes,_Z,Not application,_T,Total,_T,Total,_T,Total,_Z,Not applicable,_Z,Not applicable,Q,Constant prices,2018,,6.113,,2020,,,,,,,,,,0,Units,1,One
DATAFLOW,OECD.ELS.HD:DSD_SHA@DF_SHA(1.1),Health expenditure and financing,I,ITA,Italy,A,Annual,EXP_HEALTH,Expenditure,USD_PPP_PS,"US dollars per person, PPP converted",HF22,NPISH financing schemes,_Z,Not application,_T,Total,_T,Total,_T,Total,_Z,Not applicable,_Z,Not applicable,Q,Constant prices,2018,,10.443,,2020,,,,,,,,,,0,Units,1,One
DATAFLOW,OECD.ELS.HD:DSD_SHA@DF_SHA(1.1),Health expenditure and financing,I,ITA,Italy,A,Annual,EXP_HEALTH,Expenditure,USD_PPP_PS,"US dollars per person, PPP converted",HF2,Voluntary healthcare payment schemes,_Z,Not application,_T,Total,_T,Total,_T,Total,_Z,Not applicable,_Z,Not applicable,Q,Constant prices,2018,,104.635,,2020,,,,,,,,,,0,Units,1,One
DATAFLOW,OECD.ELS.HD:DSD_SHA@DF_SHA(1.1),Health expenditure and financing,I,ITA,Italy,A,Annual,EXP_HEALTH,Expenditure,USD_PPP_PS,"US dollars per person, PPP converted",HF23,Enterprise financing schemes,_Z,Not application,_T,Total,_T,Total,_T,Total,_Z,Not applicable,_Z,Not applicable,Q,Constant prices,2018,,19.485,,2020,,,,,,,,,,0,Units,1,One
DATAFLOW,OECD.ELS.HD:DSD_SHA@DF_SHA(1.1),Health expenditure and financing,I,ITA,Italy,A,Annual,EXP_HEALTH,Expenditure,USD_PPP_PS,"US dollars per person, PPP converted",HF1,Government/compulsory schemes,_Z,Not application,_T,Total,_T,Total,_T,Total,_Z,Not applicable,_Z,Not applicable,Q,Constant prices,2018,,2875.088,,2020,,,,,,,,,,0,Units,1,One
DATAFLOW,OECD.ELS.HD:DSD_SHA@DF_SHA(1.1),Health expenditure and financing,I,ITA,Italy,A,Annual,EXP_HEALTH,Expenditure,USD_PPP_PS,"US dollars per person, PPP converted",HF1,Government/compulsory schemes,_Z,Not application,_T,Total,_T,Total,_T,Total,_Z,Not applicable,_Z,Not applicable,Q,Constant prices,2019,,2879.639,,2020,,,,,,,,,,0,Units,1,One
DATAFLOW,OECD.ELS.HD:DSD_SHA@DF_SHA(1.1),Health expenditure and financing,I,ITA,Italy,A,Annual,EXP_HEALTH,Expenditure,USD_PPP_PS,"US dollars per person, PPP converted",HF23,Enterprise financing schemes,_Z,Not application,_T,Total,_T,Total,_T,Total,_Z,Not applicable,_Z,Not applicable,Q,Constant prices,2019,,20.338,,2020,,,,,,,,,,0,Units,1,One
DATAFLOW,OECD.ELS.HD:DSD_SHA@DF_SHA(1.1),Health expenditure and financing,I,ITA,Italy,A,Annual,EXP_HEALTH,Expenditure,USD_PPP_PS,"US dollars per person, PPP converted",HF2,Voluntary healthcare payment schemes,_Z,Not application,_T,Total,_T,Total,_T,Total,_Z,Not applicable,_Z,Not applicable,Q,Constant prices,2019,,113.299,,2020,,,,,,,,,,0,Units,1,One
DATAFLOW,OECD.ELS.HD:DSD_SHA@DF_SHA(1.1),Health expenditure and financing,I,ITA,Italy,A,Annual,EXP_HEALTH,Expenditure,USD_PPP_PS,"US dollars per person, PPP converted",HF22,NPISH financing schemes,_Z,Not application,_T,Total,_T,Total,_T,Total,_Z,Not applicable,_Z,Not applicable,Q,Constant prices,2019,,11.105,,2020,,,,,,,,,,0,Units,1,One
DATAFLOW,OECD.ELS.HD:DSD_SHA@DF_SHA(1.1),Health expenditure and financing,I,ITA,Italy,A,Annual,EXP_HEALTH,Expenditure,USD_PPP_PS,"US dollars per person, PPP converted",HF12HF13,Compulsory contributory health insurance schemes,_Z,Not application,_T,Total,_T,Total,_T,Total,_Z,Not applicable,_Z,Not applicable,Q,Constant prices,2019,,6.552,,2020,,,,,,,,,,0,Units,1,One
DATAFLOW,OECD.ELS.HD:DSD_SHA@DF_SHA(1.1),Health expenditure and financing,I,ITA,Italy,A,Annual,EXP_HEALTH,Expenditure,USD_PPP_PS,"US dollars per person, PPP converted",HF11,Government schemes,_Z,Not application,_T,Total,_T,Total,_T,Total,_Z,Not applicable,_Z,Not applicable,Q,Constant prices,2019,,2873.088,,2020,,,,,,,,,,0,Units,1,One
DATAFLOW,OECD.ELS.HD:DSD_SHA@DF_SHA(1.1),Health expenditure and financing,I,ITA,Italy,A,Annual,EXP_HEALTH,Expenditure,USD_PPP_PS,"US dollars per person, PPP converted",HF21,Voluntary health insurance schemes,_Z,Not application,_T,Total,_T,Total,_T,Total,_Z,Not applicable,_Z,Not applicable,Q,Constant prices,2019,,81.856,,2020,,,,,,,,,,0,Units,1,One
DATAFLOW,OECD.ELS.HD:DSD_SHA@DF_SHA(1.1),Health expenditure and financing,I,ITA,Italy,A,Annual,EXP_HEALTH,Expenditure,USD_PPP_PS,"US dollars per person, PPP converted",_T,Total,_Z,Not application,_T,Total,_T,Total,_T,Total,_Z,Not applicable,_Z,Not applicable,Q,Constant prices,2019,,3931.603,,2020,,,,,,,,,,0,Units,1,One
DATAFLOW,OECD.ELS.HD:DSD_SHA@DF_SHA(1.1),Health expenditure and financing,I,ITA,Italy,A,Annual,EXP_HEALTH,Expenditure,USD_PPP_PS,"US dollars per person, PPP converted",HF121,Social health insurance schemes,_Z,Not application,_T,Total,_T,Total,_T,Total,_Z,Not applicable,_Z,Not applicable,Q,Constant prices,2019,,6.552,,2020,,,,,,,,,,0,Units,1,One
DATAFLOW,OECD.ELS.HD:DSD_SHA@DF_SHA(1.1),Health expenditure and financing,I,ITA,Italy,A,Annual,EXP_HEALTH,Expenditure,USD_PPP_PS,"US dollars per person, PPP converted",HF121,Social health insurance schemes,_Z,Not application,_T,Total,_T,Total,_T,Total,_Z,Not applicable,_Z,Not applicable,Q,Constant prices,2020,,6.303,,2020,,,,,,,,,,0,Units,1,One
DATAFLOW,OECD.ELS.HD:DSD_SHA@DF_SHA(1.1),Health expenditure and financing,I,ITA,Italy,A,Annual,EXP_HEALTH,Expenditure,USD_PPP_PS,"US dollars per person, PPP converted",_T,Total,_Z,Not application,_T,Total,_T,Total,_T,Total,_Z,Not applicable,_Z,Not applicable,Q,Constant prices,2020,,4027.251,,2020,,,,,,,,,,0,Units,1,One
DATAFLOW,OECD.ELS.HD:DSD_SHA@DF_SHA(1.1),Health expenditure and financing,I,ITA,Italy,A,Annual,EXP_HEALTH,Expenditure,USD_PPP_PS,"US dollars per person, PPP converted",HF21,Voluntary health insurance schemes,_Z,Not application,_T,Total,_T,Total,_T,Total,_Z,Not applicable,_Z,Not applicable,Q,Constant prices,2020,,80.305,,2020,,,,,,,,,,0,Units,1,One
DATAFLOW,OECD.ELS.HD:DSD_SHA@DF_SHA(1.1),Health expenditure and financing,I,ITA,Italy,A,Annual,EXP_HEALTH,Expenditure,USD_PPP_PS,"US dollars per person, PPP converted",HF11,Government schemes,_Z,Not application,_T,Total,_T,Total,_T,Total,_Z,Not applicable,_Z,Not applicable,Q,Constant prices,2020,,3047.398,,2020,,,,,,,,,,0,Units,1,One
DATAFLOW,OECD.ELS.HD:DSD_SHA@DF_SHA(1.1),Health expenditure and financing,I,ITA,Italy,A,Annual,EXP_HEALTH,Expenditure,USD_PPP_PS,"US dollars per person, PPP converted",HF12HF13,Compulsory contributory health insurance schemes,_Z,Not application,_T,Total,_T,Total,_T,Total,_Z,Not applicable,_Z,Not applicable,Q,Constant prices,2020,,6.303,,2020,,,,,,,,,,0,Units,1,One
DATAFLOW,OECD.ELS.HD:DSD_SHA@DF_SHA(1.1),Health expenditure and financing,I,ITA,Italy,A,Annual,EXP_HEALTH,Expenditure,USD_PPP_PS,"US dollars per person, PPP converted",HF22,NPISH financing schemes,_Z,Not application,_T,Total,_T,Total,_T,Total,_Z,Not applicable,_Z,Not applicable,Q,Constant prices,2020,,11.069,,2020,,,,,,,,,,0,Units,1,One
DATAFLOW,OECD.ELS.HD:DSD_SHA@DF_SHA(1.1),Health expenditure and financing,I,ITA,Italy,A,Annual,EXP_HEALTH,Expenditure,USD_PPP_PS,"US dollars per person, PPP converted",HF2,Voluntary healthcare payment schemes,_Z,Not application,_T,Total,_T,Total,_T,Total,_Z,Not applicable,_Z,Not applicable,Q,Constant prices,2020,,108.343,,2020,,,,,,,,,,0,Units,1,One
DATAFLOW,OECD.ELS.HD:DSD_SHA@DF_SHA(1.1),Health expenditure and financing,I,ITA,Italy,A,Annual,EXP_HEALTH,Expenditure,USD_PPP_PS,"US dollars per person, PPP converted",HF23,Enterprise financing schemes,_Z,Not application,_T,Total,_T,Total,_T,Total,_Z,Not applicable,_Z,Not applicable,Q,Constant prices,2020,,16.969,,2020,,,,,,,,,,0,Units,1,One
DATAFLOW,OECD.ELS.HD:DSD_SHA@DF_SHA(1.1),Health expenditure and financing,I,ITA,Italy,A,Annual,EXP_HEALTH,Expenditure,USD_PPP_PS,"US dollars per person, PPP converted",HF1,Government/compulsory schemes,_Z,Not application,_T,Total,_T,Total,_T,Total,_Z,Not applicable,_Z,Not applicable,Q,Constant prices,2020,,3053.701,,2020,,,,,,,,,,0,Units,1,One
DATAFLOW,OECD.ELS.HD:DSD_SHA@DF_SHA(1.1),Health expenditure and financing,I,ITA,Italy,A,Annual,EXP_HEALTH,Expenditure,USD_PPP_PS,"US dollars per person, PPP converted",HF1,Government/compulsory schemes,_Z,Not application,_T,Total,_T,Total,_T,Total,_Z,Not applicable,_Z,Not applicable,Q,Constant prices,2021,,3181.807,,2020,,,,,,,,,,0,Units,1,One
DATAFLOW,OECD.ELS.HD:DSD_SHA@DF_SHA(1.1),Health expenditure and financing,I,ITA,Italy,A,Annual,EXP_HEALTH,Expenditure,USD_PPP_PS,"US dollars per person, PPP converted",HF23,Enterprise financing schemes,_Z,Not application,_T,Total,_T,Total,_T,Total,_Z,Not applicable,_Z,Not applicable,Q,Constant prices,2021,,19.023,,2020,,,,,,,,,,0,Units,1,One
DATAFLOW,OECD.ELS.HD:DSD_SHA@DF_SHA(1.1),Health expenditure and financing,I,ITA,Italy,A,Annual,EXP_HEALTH,Expenditure,USD_PPP_PS,"US dollars per person, PPP converted",HF2,Voluntary healthcare payment schemes,_Z,Not application,_T,Total,_T,Total,_T,Total,_Z,Not applicable,_Z,Not applicable,Q,Constant prices,2021,,113.591,,2020,,,,,,,,,,0,Units,1,One
DATAFLOW,OECD.ELS.HD:DSD_SHA@DF_SHA(1.1),Health expenditure and financing,I,ITA,Italy,A,Annual,EXP_HEALTH,Expenditure,USD_PPP_PS,"US dollars per person, PPP converted",HF22,NPISH financing schemes,_Z,Not application,_T,Total,_T,Total,_T,Total,_Z,Not applicable,_Z,Not applicable,Q,Constant prices,2021,,12.582,,2020,,,,,,,,,,0,Units,1,One
DATAFLOW,OECD.ELS.HD:DSD_SHA@DF_SHA(1.1),Health expenditure and financing,I,ITA,Italy,A,Annual,EXP_HEALTH,Expenditure,USD_PPP_PS,"US dollars per person, PPP converted",HF12HF13,Compulsory contributory health insurance schemes,_Z,Not application,_T,Total,_T,Total,_T,Total,_Z,Not applicable,_Z,Not applicable,Q,Constant prices,2021,,6.791,,2020,,,,,,,,,,0,Units,1,One
DATAFLOW,OECD.ELS.HD:DSD_SHA@DF_SHA(1.1),Health expenditure and financing,I,ITA,Italy,A,Annual,EXP_HEALTH,Expenditure,USD_PPP_PS,"US dollars per person, PPP converted",HF11,Government schemes,_Z,Not application,_T,Total,_T,Total,_T,Total,_Z,Not applicable,_Z,Not applicable,Q,Constant prices,2021,,3175.016,,2020,,,,,,,,,,0,Units,1,One
DATAFLOW,OECD.ELS.HD:DSD_SHA@DF_SHA(1.1),Health expenditure and financing,I,ITA,Italy,A,Annual,EXP_HEALTH,Expenditure,USD_PPP_PS,"US dollars per person, PPP converted",HF21,Voluntary health insurance schemes,_Z,Not application,_T,Total,_T,Total,_T,Total,_Z,Not applicable,_Z,Not applicable,Q,Constant prices,2021,,81.986,,2020,,,,,,,,,,0,Units,1,One
DATAFLOW,OECD.ELS.HD:DSD_SHA@DF_SHA(1.1),Health expenditure and financing,I,ITA,Italy,A,Annual,EXP_HEALTH,Expenditure,USD_PPP_PS,"US dollars per person, PPP converted",_T,Total,_Z,Not application,_T,Total,_T,Total,_T,Total,_Z,Not applicable,_Z,Not applicable,Q,Constant prices,2021,,4269.413,,2020,,,,,,,,,,0,Units,1,One
DATAFLOW,OECD.ELS.HD:DSD_SHA@DF_SHA(1.1),Health expenditure and financing,I,ITA,Italy,A,Annual,EXP_HEALTH,Expenditure,USD_PPP_PS,"US dollars per person, PPP converted",HF2HF3,Voluntary schemes/household out-of-pocket payments,_Z,Not application,_T,Total,_T,Total,_T,Total,_Z,Not applicable,_Z,Not applicable,Q,Constant prices,2015,,996.827,,2020,,,,,,,,,,0,Units,1,One
DATAFLOW,OECD.ELS.HD:DSD_SHA@DF_SHA(1.1),Health expenditure and financing,I,ITA,Italy,A,Annual,EXP_HEALTH,Expenditure,USD_PPP_PS,"US dollars per person, PPP converted",HF2HF3,Voluntary schemes/household out-of-pocket payments,_Z,Not application,_T,Total,_T,Total,_T,Total,_Z,Not applicable,_Z,Not applicable,Q,Constant prices,2016,,1006.742,,2020,,,,,,,,,,0,Units,1,One
DATAFLOW,OECD.ELS.HD:DSD_SHA@DF_SHA(1.1),Health expenditure and financing,I,ITA,Italy,A,Annual,EXP_HEALTH,Expenditure,USD_PPP_PS,"US dollars per person, PPP converted",HF2HF3,Voluntary schemes/household out-of-pocket payments,_Z,Not application,_T,Total,_T,Total,_T,Total,_Z,Not applicable,_Z,Not applicable,Q,Constant prices,2017,,1039.771,,2020,,,,,,,,,,0,Units,1,One
DATAFLOW,OECD.ELS.HD:DSD_SHA@DF_SHA(1.1),Health expenditure and financing,I,ITA,Italy,A,Annual,EXP_HEALTH,Expenditure,USD_PPP_PS,"US dollars per person, PPP converted",HF2HF3,Voluntary schemes/household out-of-pocket payments,_Z,Not application,_T,Total,_T,Total,_T,Total,_Z,Not applicable,_Z,Not applicable,Q,Constant prices,2018,,1043.826,,2020,,,,,,,,,,0,Units,1,One
DATAFLOW,OECD.ELS.HD:DSD_SHA@DF_SHA(1.1),Health expenditure and financing,I,ITA,Italy,A,Annual,EXP_HEALTH,Expenditure,USD_PPP_PS,"US dollars per person, PPP converted",HF2HF3,Voluntary schemes/household out-of-pocket payments,_Z,Not application,_T,Total,_T,Total,_T,Total,_Z,Not applicable,_Z,Not applicable,Q,Constant prices,2019,,1051.964,,2020,,,,,,,,,,0,Units,1,One
DATAFLOW,OECD.ELS.HD:DSD_SHA@DF_SHA(1.1),Health expenditure and financing,I,ITA,Italy,A,Annual,EXP_HEALTH,Expenditure,USD_PPP_PS,"US dollars per person, PPP converted",HF2HF3,Voluntary schemes/household out-of-pocket payments,_Z,Not application,_T,Total,_T,Total,_T,Total,_Z,Not applicable,_Z,Not applicable,Q,Constant prices,2020,,973.55,,2020,,,,,,,,,,0,Units,1,One
DATAFLOW,OECD.ELS.HD:DSD_SHA@DF_SHA(1.1),Health expenditure and financing,I,ITA,Italy,A,Annual,EXP_HEALTH,Expenditure,USD_PPP_PS,"US dollars per person, PPP converted",HF2HF3,Voluntary schemes/household out-of-pocket payments,_Z,Not application,_T,Total,_T,Total,_T,Total,_Z,Not applicable,_Z,Not applicable,Q,Constant prices,2021,,1087.606,,2020,,,,,,,,,,0,Units,1,One
DATAFLOW,OECD.ELS.HD:DSD_SHA@DF_SHA(1.1),Health expenditure and financing,I,ITA,Italy,A,Annual,EXP_HEALTH,Expenditure,USD_PPP_PS,"US dollars per person, PPP converted",HF3,Household out-of-pocket payments,_Z,Not application,_T,Total,_T,Total,_T,Total,_Z,Not applicable,_Z,Not applicable,Q,Constant prices,2015,,912.895,,2020,,,,,,,,,,0,Units,1,One
DATAFLOW,OECD.ELS.HD:DSD_SHA@DF_SHA(1.1),Health expenditure and financing,I,ITA,Italy,A,Annual,EXP_HEALTH,Expenditure,USD_PPP_PS,"US dollars per person, PPP converted",HF3,Household out-of-pocket payments,_Z,Not application,_T,Total,_T,Total,_T,Total,_Z,Not applicable,_Z,Not applicable,Q,Constant prices,2016,,915.281,,2020,,,,,,,,,,0,Units,1,One
DATAFLOW,OECD.ELS.HD:DSD_SHA@DF_SHA(1.1),Health expenditure and financing,I,ITA,Italy,A,Annual,EXP_HEALTH,Expenditure,USD_PPP_PS,"US dollars per person, PPP converted",HF3,Household out-of-pocket payments,_Z,Not application,_T,Total,_T,Total,_T,Total,_Z,Not applicable,_Z,Not applicable,Q,Constant prices,2017,,940.406,,2020,,,,,,,,,,0,Units,1,One
DATAFLOW,OECD.ELS.HD:DSD_SHA@DF_SHA(1.1),Health expenditure and financing,I,ITA,Italy,A,Annual,EXP_HEALTH,Expenditure,USD_PPP_PS,"US dollars per person, PPP converted",HF3,Household out-of-pocket payments,_Z,Not application,_T,Total,_T,Total,_T,Total,_Z,Not applicable,_Z,Not applicable,Q,Constant prices,2018,,939.192,,2020,,,,,,,,,,0,Units,1,One
DATAFLOW,OECD.ELS.HD:DSD_SHA@DF_SHA(1.1),Health expenditure and financing,I,ITA,Italy,A,Annual,EXP_HEALTH,Expenditure,USD_PPP_PS,"US dollars per person, PPP converted",HF3,Household out-of-pocket payments,_Z,Not application,_T,Total,_T,Total,_T,Total,_Z,Not applicable,_Z,Not applicable,Q,Constant prices,2019,,938.665,,2020,,,,,,,,,,0,Units,1,One
DATAFLOW,OECD.ELS.HD:DSD_SHA@DF_SHA(1.1),Health expenditure and financing,I,ITA,Italy,A,Annual,EXP_HEALTH,Expenditure,USD_PPP_PS,"US dollars per person, PPP converted",HF3,Household out-of-pocket payments,_Z,Not application,_T,Total,_T,Total,_T,Total,_Z,Not applicable,_Z,Not applicable,Q,Constant prices,2020,,865.207,,2020,,,,,,,,,,0,Units,1,One
DATAFLOW,OECD.ELS.HD:DSD_SHA@DF_SHA(1.1),Health expenditure and financing,I,ITA,Italy,A,Annual,EXP_HEALTH,Expenditure,USD_PPP_PS,"US dollars per person, PPP converted",HF3,Household out-of-pocket payments,_Z,Not application,_T,Total,_T,Total,_T,Total,_Z,Not applicable,_Z,Not applicable,Q,Constant prices,2021,,974.015,,2020,,,,,,,,,,0,Units,1,One
DATAFLOW,OECD.ELS.HD:DSD_SHA@DF_SHA(1.1),Health expenditure and financing,I,ITA,Italy,A,Annual,EXP_HEALTH,Expenditure,USD_PPP_PS,"US dollars per person, PPP converted",HF1,Government/compulsory schemes,_Z,Not application,_T,Total,_T,Total,_T,Total,_Z,Not applicable,_Z,Not applicable,V,Current prices,2015,,2313.498,,,,,,,,,,,,0,Units,1,One
DATAFLOW,OECD.ELS.HD:DSD_SHA@DF_SHA(1.1),Health expenditure and financing,I,ITA,Italy,A,Annual,EXP_HEALTH,Expenditure,USD_PPP_PS,"US dollars per person, PPP converted",_T,Total,_Z,Not application,_T,Total,_T,Total,_T,Total,_Z,Not applicable,_Z,Not applicable,V,Current prices,2015,,3125.671,,,,,,,,,,,,0,Units,1,One
DATAFLOW,OECD.ELS.HD:DSD_SHA@DF_SHA(1.1),Health expenditure and financing,I,ITA,Italy,A,Annual,EXP_HEALTH,Expenditure,USD_PPP_PS,"US dollars per person, PPP converted",HF3,Household out-of-pocket payments,_Z,Not application,_T,Total,_T,Total,_T,Total,_Z,Not applicable,_Z,Not applicable,V,Current prices,2015,,743.79,,,,,,,,,,,,0,Units,1,One
DATAFLOW,OECD.ELS.HD:DSD_SHA@DF_SHA(1.1),Health expenditure and financing,I,ITA,Italy,A,Annual,EXP_HEALTH,Expenditure,USD_PPP_PS,"US dollars per person, PPP converted",HF21,Voluntary health insurance schemes,_Z,Not application,_T,Total,_T,Total,_T,Total,_Z,Not applicable,_Z,Not applicable,V,Current prices,2015,,47.841,,,,,,,,,,,,0,Units,1,One
DATAFLOW,OECD.ELS.HD:DSD_SHA@DF_SHA(1.1),Health expenditure and financing,I,ITA,Italy,A,Annual,EXP_HEALTH,Expenditure,USD_PPP_PS,"US dollars per person, PPP converted",HF11,Government schemes,_Z,Not application,_T,Total,_T,Total,_T,Total,_Z,Not applicable,_Z,Not applicable,V,Current prices,2015,,2306.211,,,,,,,,,,,,0,Units,1,One
DATAFLOW,OECD.ELS.HD:DSD_SHA@DF_SHA(1.1),Health expenditure and financing,I,ITA,Italy,A,Annual,EXP_HEALTH,Expenditure,USD_PPP_PS,"US dollars per person, PPP converted",HF12HF13,Compulsory contributory health insurance schemes,_Z,Not application,_T,Total,_T,Total,_T,Total,_Z,Not applicable,_Z,Not applicable,V,Current prices,2015,,7.287,,,,,,,,,,,,0,Units,1,One
DATAFLOW,OECD.ELS.HD:DSD_SHA@DF_SHA(1.1),Health expenditure and financing,I,ITA,Italy,A,Annual,EXP_HEALTH,Expenditure,USD_PPP_PS,"US dollars per person, PPP converted",HF121,Social health insurance schemes,_Z,Not application,_T,Total,_T,Total,_T,Total,_Z,Not applicable,_Z,Not applicable,V,Current prices,2015,,7.287,,,,,,,,,,,,0,Units,1,One
DATAFLOW,OECD.ELS.HD:DSD_SHA@DF_SHA(1.1),Health expenditure and financing,I,ITA,Italy,A,Annual,EXP_HEALTH,Expenditure,USD_PPP_PS,"US dollars per person, PPP converted",HF23,Enterprise financing schemes,_Z,Not application,_T,Total,_T,Total,_T,Total,_Z,Not applicable,_Z,Not applicable,V,Current prices,2015,,13.575,,,,,,,,,,,,0,Units,1,One
DATAFLOW,OECD.ELS.HD:DSD_SHA@DF_SHA(1.1),Health expenditure and financing,I,ITA,Italy,A,Annual,EXP_HEALTH,Expenditure,USD_PPP_PS,"US dollars per person, PPP converted",HF2HF3,Voluntary schemes/household out-of-pocket payments,_Z,Not application,_T,Total,_T,Total,_T,Total,_Z,Not applicable,_Z,Not applicable,V,Current prices,2015,,812.174,,,,,,,,,,,,0,Units,1,One
DATAFLOW,OECD.ELS.HD:DSD_SHA@DF_SHA(1.1),Health expenditure and financing,I,ITA,Italy,A,Annual,EXP_HEALTH,Expenditure,USD_PPP_PS,"US dollars per person, PPP converted",HF2,Voluntary healthcare payment schemes,_Z,Not application,_T,Total,_T,Total,_T,Total,_Z,Not applicable,_Z,Not applicable,V,Current prices,2015,,68.384,,,,,,,,,,,,0,Units,1,One
DATAFLOW,OECD.ELS.HD:DSD_SHA@DF_SHA(1.1),Health expenditure and financing,I,ITA,Italy,A,Annual,EXP_HEALTH,Expenditure,USD_PPP_PS,"US dollars per person, PPP converted",HF22,NPISH financing schemes,_Z,Not application,_T,Total,_T,Total,_T,Total,_Z,Not applicable,_Z,Not applicable,V,Current prices,2015,,6.968,,,,,,,,,,,,0,Units,1,One
DATAFLOW,OECD.ELS.HD:DSD_SHA@DF_SHA(1.1),Health expenditure and financing,I,ITA,Italy,A,Annual,EXP_HEALTH,Expenditure,USD_PPP_PS,"US dollars per person, PPP converted",HF22,NPISH financing schemes,_Z,Not application,_T,Total,_T,Total,_T,Total,_Z,Not applicable,_Z,Not applicable,V,Current prices,2016,,7.454,,,,,,,,,,,,0,Units,1,One
DATAFLOW,OECD.ELS.HD:DSD_SHA@DF_SHA(1.1),Health expenditure and financing,I,ITA,Italy,A,Annual,EXP_HEALTH,Expenditure,USD_PPP_PS,"US dollars per person, PPP converted",HF2,Voluntary healthcare payment schemes,_Z,Not application,_T,Total,_T,Total,_T,Total,_Z,Not applicable,_Z,Not applicable,V,Current prices,2016,,78.552,,,,,,,,,,,,0,Units,1,One
DATAFLOW,OECD.ELS.HD:DSD_SHA@DF_SHA(1.1),Health expenditure and financing,I,ITA,Italy,A,Annual,EXP_HEALTH,Expenditure,USD_PPP_PS,"US dollars per person, PPP converted",HF2HF3,Voluntary schemes/household out-of-pocket payments,_Z,Not application,_T,Total,_T,Total,_T,Total,_Z,Not applicable,_Z,Not applicable,V,Current prices,2016,,864.651,,,,,,,,,,,,0,Units,1,One
DATAFLOW,OECD.ELS.HD:DSD_SHA@DF_SHA(1.1),Health expenditure and financing,I,ITA,Italy,A,Annual,EXP_HEALTH,Expenditure,USD_PPP_PS,"US dollars per person, PPP converted",HF23,Enterprise financing schemes,_Z,Not application,_T,Total,_T,Total,_T,Total,_Z,Not applicable,_Z,Not applicable,V,Current prices,2016,,15.42,,,,,,,,,,,,0,Units,1,One
DATAFLOW,OECD.ELS.HD:DSD_SHA@DF_SHA(1.1),Health expenditure and financing,I,ITA,Italy,A,Annual,EXP_HEALTH,Expenditure,USD_PPP_PS,"US dollars per person, PPP converted",HF121,Social health insurance schemes,_Z,Not application,_T,Total,_T,Total,_T,Total,_Z,Not applicable,_Z,Not applicable,V,Current prices,2016,,5.958,,,,,,,,,,,,0,Units,1,One
DATAFLOW,OECD.ELS.HD:DSD_SHA@DF_SHA(1.1),Health expenditure and financing,I,ITA,Italy,A,Annual,EXP_HEALTH,Expenditure,USD_PPP_PS,"US dollars per person, PPP converted",HF12HF13,Compulsory contributory health insurance schemes,_Z,Not application,_T,Total,_T,Total,_T,Total,_Z,Not applicable,_Z,Not applicable,V,Current prices,2016,,5.958,,,,,,,,,,,,0,Units,1,One
DATAFLOW,OECD.ELS.HD:DSD_SHA@DF_SHA(1.1),Health expenditure and financing,I,ITA,Italy,A,Annual,EXP_HEALTH,Expenditure,USD_PPP_PS,"US dollars per person, PPP converted",HF11,Government schemes,_Z,Not application,_T,Total,_T,Total,_T,Total,_Z,Not applicable,_Z,Not applicable,V,Current prices,2016,,2447.114,,,,,,,,,,,,0,Units,1,One
DATAFLOW,OECD.ELS.HD:DSD_SHA@DF_SHA(1.1),Health expenditure and financing,I,ITA,Italy,A,Annual,EXP_HEALTH,Expenditure,USD_PPP_PS,"US dollars per person, PPP converted",HF21,Voluntary health insurance schemes,_Z,Not application,_T,Total,_T,Total,_T,Total,_Z,Not applicable,_Z,Not applicable,V,Current prices,2016,,55.678,,,,,,,,,,,,0,Units,1,One
DATAFLOW,OECD.ELS.HD:DSD_SHA@DF_SHA(1.1),Health expenditure and financing,I,ITA,Italy,A,Annual,EXP_HEALTH,Expenditure,USD_PPP_PS,"US dollars per person, PPP converted",HF3,Household out-of-pocket payments,_Z,Not application,_T,Total,_T,Total,_T,Total,_Z,Not applicable,_Z,Not applicable,V,Current prices,2016,,786.099,,,,,,,,,,,,0,Units,1,One
DATAFLOW,OECD.ELS.HD:DSD_SHA@DF_SHA(1.1),Health expenditure and financing,I,ITA,Italy,A,Annual,EXP_HEALTH,Expenditure,USD_PPP_PS,"US dollars per person, PPP converted",_T,Total,_Z,Not application,_T,Total,_T,Total,_T,Total,_Z,Not applicable,_Z,Not applicable,V,Current prices,2016,,3317.723,,,,,,,,,,,,0,Units,1,One
DATAFLOW,OECD.ELS.HD:DSD_SHA@DF_SHA(1.1),Health expenditure and financing,I,ITA,Italy,A,Annual,EXP_HEALTH,Expenditure,USD_PPP_PS,"US dollars per person, PPP converted",HF1,Government/compulsory schemes,_Z,Not application,_T,Total,_T,Total,_T,Total,_Z,Not applicable,_Z,Not applicable,V,Current prices,2016,,2453.073,,,,,,,,,,,,0,Units,1,One
DATAFLOW,OECD.ELS.HD:DSD_SHA@DF_SHA(1.1),Health expenditure and financing,I,ITA,Italy,A,Annual,EXP_HEALTH,Expenditure,USD_PPP_PS,"US dollars per person, PPP converted",HF1,Government/compulsory schemes,_Z,Not application,_T,Total,_T,Total,_T,Total,_Z,Not applicable,_Z,Not applicable,V,Current prices,2017,,2512.582,,,,,,,,,,,,0,Units,1,One
DATAFLOW,OECD.ELS.HD:DSD_SHA@DF_SHA(1.1),Health expenditure and financing,I,ITA,Italy,A,Annual,EXP_HEALTH,Expenditure,USD_PPP_PS,"US dollars per person, PPP converted",_T,Total,_Z,Not application,_T,Total,_T,Total,_T,Total,_Z,Not applicable,_Z,Not applicable,V,Current prices,2017,,3426.725,,,,,,,,,,,,0,Units,1,One
DATAFLOW,OECD.ELS.HD:DSD_SHA@DF_SHA(1.1),Health expenditure and financing,I,ITA,Italy,A,Annual,EXP_HEALTH,Expenditure,USD_PPP_PS,"US dollars per person, PPP converted",HF3,Household out-of-pocket payments,_Z,Not application,_T,Total,_T,Total,_T,Total,_Z,Not applicable,_Z,Not applicable,V,Current prices,2017,,826.783,,,,,,,,,,,,0,Units,1,One
DATAFLOW,OECD.ELS.HD:DSD_SHA@DF_SHA(1.1),Health expenditure and financing,I,ITA,Italy,A,Annual,EXP_HEALTH,Expenditure,USD_PPP_PS,"US dollars per person, PPP converted",HF21,Voluntary health insurance schemes,_Z,Not application,_T,Total,_T,Total,_T,Total,_Z,Not applicable,_Z,Not applicable,V,Current prices,2017,,61.954,,,,,,,,,,,,0,Units,1,One
DATAFLOW,OECD.ELS.HD:DSD_SHA@DF_SHA(1.1),Health expenditure and financing,I,ITA,Italy,A,Annual,EXP_HEALTH,Expenditure,USD_PPP_PS,"US dollars per person, PPP converted",HF11,Government schemes,_Z,Not application,_T,Total,_T,Total,_T,Total,_Z,Not applicable,_Z,Not applicable,V,Current prices,2017,,2506.66,,,,,,,,,,,,0,Units,1,One
DATAFLOW,OECD.ELS.HD:DSD_SHA@DF_SHA(1.1),Health expenditure and financing,I,ITA,Italy,A,Annual,EXP_HEALTH,Expenditure,USD_PPP_PS,"US dollars per person, PPP converted",HF12HF13,Compulsory contributory health insurance schemes,_Z,Not application,_T,Total,_T,Total,_T,Total,_Z,Not applicable,_Z,Not applicable,V,Current prices,2017,,5.922,,,,,,,,,,,,0,Units,1,One
DATAFLOW,OECD.ELS.HD:DSD_SHA@DF_SHA(1.1),Health expenditure and financing,I,ITA,Italy,A,Annual,EXP_HEALTH,Expenditure,USD_PPP_PS,"US dollars per person, PPP converted",HF121,Social health insurance schemes,_Z,Not application,_T,Total,_T,Total,_T,Total,_Z,Not applicable,_Z,Not applicable,V,Current prices,2017,,5.922,,,,,,,,,,,,0,Units,1,One
DATAFLOW,OECD.ELS.HD:DSD_SHA@DF_SHA(1.1),Health expenditure and financing,I,ITA,Italy,A,Annual,EXP_HEALTH,Expenditure,USD_PPP_PS,"US dollars per person, PPP converted",HF23,Enterprise financing schemes,_Z,Not application,_T,Total,_T,Total,_T,Total,_Z,Not applicable,_Z,Not applicable,V,Current prices,2017,,16.839,,,,,,,,,,,,0,Units,1,One
DATAFLOW,OECD.ELS.HD:DSD_SHA@DF_SHA(1.1),Health expenditure and financing,I,ITA,Italy,A,Annual,EXP_HEALTH,Expenditure,USD_PPP_PS,"US dollars per person, PPP converted",HF2HF3,Voluntary schemes/household out-of-pocket payments,_Z,Not application,_T,Total,_T,Total,_T,Total,_Z,Not applicable,_Z,Not applicable,V,Current prices,2017,,914.143,,,,,,,,,,,,0,Units,1,One
DATAFLOW,OECD.ELS.HD:DSD_SHA@DF_SHA(1.1),Health expenditure and financing,I,ITA,Italy,A,Annual,EXP_HEALTH,Expenditure,USD_PPP_PS,"US dollars per person, PPP converted",HF2,Voluntary healthcare payment schemes,_Z,Not application,_T,Total,_T,Total,_T,Total,_Z,Not applicable,_Z,Not applicable,V,Current prices,2017,,87.359,,,,,,,,,,,,0,Units,1,One
DATAFLOW,OECD.ELS.HD:DSD_SHA@DF_SHA(1.1),Health expenditure and financing,I,ITA,Italy,A,Annual,EXP_HEALTH,Expenditure,USD_PPP_PS,"US dollars per person, PPP converted",HF22,NPISH financing schemes,_Z,Not application,_T,Total,_T,Total,_T,Total,_Z,Not applicable,_Z,Not applicable,V,Current prices,2017,,8.566,,,,,,,,,,,,0,Units,1,One
DATAFLOW,OECD.ELS.HD:DSD_SHA@DF_SHA(1.1),Health expenditure and financing,I,ITA,Italy,A,Annual,EXP_HEALTH,Expenditure,USD_PPP_PS,"US dollars per person, PPP converted",HF22,NPISH financing schemes,_Z,Not application,_T,Total,_T,Total,_T,Total,_Z,Not applicable,_Z,Not applicable,V,Current prices,2018,,9.405,,,,,,,,,,,,0,Units,1,One
DATAFLOW,OECD.ELS.HD:DSD_SHA@DF_SHA(1.1),Health expenditure and financing,I,ITA,Italy,A,Annual,EXP_HEALTH,Expenditure,USD_PPP_PS,"US dollars per person, PPP converted",HF2,Voluntary healthcare payment schemes,_Z,Not application,_T,Total,_T,Total,_T,Total,_Z,Not applicable,_Z,Not applicable,V,Current prices,2018,,94.23,,,,,,,,,,,,0,Units,1,One
DATAFLOW,OECD.ELS.HD:DSD_SHA@DF_SHA(1.1),Health expenditure and financing,I,ITA,Italy,A,Annual,EXP_HEALTH,Expenditure,USD_PPP_PS,"US dollars per person, PPP converted",HF2HF3,Voluntary schemes/household out-of-pocket payments,_Z,Not application,_T,Total,_T,Total,_T,Total,_Z,Not applicable,_Z,Not applicable,V,Current prices,2018,,940.029,,,,,,,,,,,,0,Units,1,One
DATAFLOW,OECD.ELS.HD:DSD_SHA@DF_SHA(1.1),Health expenditure and financing,I,ITA,Italy,A,Annual,EXP_HEALTH,Expenditure,USD_PPP_PS,"US dollars per person, PPP converted",HF23,Enterprise financing schemes,_Z,Not application,_T,Total,_T,Total,_T,Total,_Z,Not applicable,_Z,Not applicable,V,Current prices,2018,,17.548,,,,,,,,,,,,0,Units,1,One
DATAFLOW,OECD.ELS.HD:DSD_SHA@DF_SHA(1.1),Health expenditure and financing,I,ITA,Italy,A,Annual,EXP_HEALTH,Expenditure,USD_PPP_PS,"US dollars per person, PPP converted",HF121,Social health insurance schemes,_Z,Not application,_T,Total,_T,Total,_T,Total,_Z,Not applicable,_Z,Not applicable,V,Current prices,2018,,5.505,,,,,,,,,,,,0,Units,1,One
DATAFLOW,OECD.ELS.HD:DSD_SHA@DF_SHA(1.1),Health expenditure and financing,I,ITA,Italy,A,Annual,EXP_HEALTH,Expenditure,USD_PPP_PS,"US dollars per person, PPP converted",HF12HF13,Compulsory contributory health insurance schemes,_Z,Not application,_T,Total,_T,Total,_T,Total,_Z,Not applicable,_Z,Not applicable,V,Current prices,2018,,5.505,,,,,,,,,,,,0,Units,1,One
DATAFLOW,OECD.ELS.HD:DSD_SHA@DF_SHA(1.1),Health expenditure and financing,I,ITA,Italy,A,Annual,EXP_HEALTH,Expenditure,USD_PPP_PS,"US dollars per person, PPP converted",HF11,Government schemes,_Z,Not application,_T,Total,_T,Total,_T,Total,_Z,Not applicable,_Z,Not applicable,V,Current prices,2018,,2583.686,,,,,,,,,,,,0,Units,1,One
DATAFLOW,OECD.ELS.HD:DSD_SHA@DF_SHA(1.1),Health expenditure and financing,I,ITA,Italy,A,Annual,EXP_HEALTH,Expenditure,USD_PPP_PS,"US dollars per person, PPP converted",HF21,Voluntary health insurance schemes,_Z,Not application,_T,Total,_T,Total,_T,Total,_Z,Not applicable,_Z,Not applicable,V,Current prices,2018,,67.278,,,,,,,,,,,,0,Units,1,One
DATAFLOW,OECD.ELS.HD:DSD_SHA@DF_SHA(1.1),Health expenditure and financing,I,ITA,Italy,A,Annual,EXP_HEALTH,Expenditure,USD_PPP_PS,"US dollars per person, PPP converted",HF3,Household out-of-pocket payments,_Z,Not application,_T,Total,_T,Total,_T,Total,_Z,Not applicable,_Z,Not applicable,V,Current prices,2018,,845.799,,,,,,,,,,,,0,Units,1,One
DATAFLOW,OECD.ELS.HD:DSD_SHA@DF_SHA(1.1),Health expenditure and financing,I,ITA,Italy,A,Annual,EXP_HEALTH,Expenditure,USD_PPP_PS,"US dollars per person, PPP converted",_T,Total,_Z,Not application,_T,Total,_T,Total,_T,Total,_Z,Not applicable,_Z,Not applicable,V,Current prices,2018,,3529.22,,,,,,,,,,,,0,Units,1,One
DATAFLOW,OECD.ELS.HD:DSD_SHA@DF_SHA(1.1),Health expenditure and financing,I,ITA,Italy,A,Annual,EXP_HEALTH,Expenditure,USD_PPP_PS,"US dollars per person, PPP converted",HF1,Government/compulsory schemes,_Z,Not application,_T,Total,_T,Total,_T,Total,_Z,Not applicable,_Z,Not applicable,V,Current prices,2018,,2589.191,,,,,,,,,,,,0,Units,1,One
DATAFLOW,OECD.ELS.HD:DSD_SHA@DF_SHA(1.1),Health expenditure and financing,I,ITA,Italy,A,Annual,EXP_HEALTH,Expenditure,USD_PPP_PS,"US dollars per person, PPP converted",HF1,Government/compulsory schemes,_Z,Not application,_T,Total,_T,Total,_T,Total,_Z,Not applicable,_Z,Not applicable,V,Current prices,2019,,2781.804,,,,,,,,,,,,0,Units,1,One
DATAFLOW,OECD.ELS.HD:DSD_SHA@DF_SHA(1.1),Health expenditure and financing,I,ITA,Italy,A,Annual,EXP_HEALTH,Expenditure,USD_PPP_PS,"US dollars per person, PPP converted",_T,Total,_Z,Not application,_T,Total,_T,Total,_T,Total,_Z,Not applicable,_Z,Not applicable,V,Current prices,2019,,3798.028,,,,,,,,,,,,0,Units,1,One
DATAFLOW,OECD.ELS.HD:DSD_SHA@DF_SHA(1.1),Health expenditure and financing,I,ITA,Italy,A,Annual,EXP_HEALTH,Expenditure,USD_PPP_PS,"US dollars per person, PPP converted",HF3,Household out-of-pocket payments,_Z,Not application,_T,Total,_T,Total,_T,Total,_Z,Not applicable,_Z,Not applicable,V,Current prices,2019,,906.774,,,,,,,,,,,,0,Units,1,One
DATAFLOW,OECD.ELS.HD:DSD_SHA@DF_SHA(1.1),Health expenditure and financing,I,ITA,Italy,A,Annual,EXP_HEALTH,Expenditure,USD_PPP_PS,"US dollars per person, PPP converted",HF21,Voluntary health insurance schemes,_Z,Not application,_T,Total,_T,Total,_T,Total,_Z,Not applicable,_Z,Not applicable,V,Current prices,2019,,79.075,,,,,,,,,,,,0,Units,1,One
DATAFLOW,OECD.ELS.HD:DSD_SHA@DF_SHA(1.1),Health expenditure and financing,I,ITA,Italy,A,Annual,EXP_HEALTH,Expenditure,USD_PPP_PS,"US dollars per person, PPP converted",HF11,Government schemes,_Z,Not application,_T,Total,_T,Total,_T,Total,_Z,Not applicable,_Z,Not applicable,V,Current prices,2019,,2775.475,,,,,,,,,,,,0,Units,1,One
DATAFLOW,OECD.ELS.HD:DSD_SHA@DF_SHA(1.1),Health expenditure and financing,I,ITA,Italy,A,Annual,EXP_HEALTH,Expenditure,USD_PPP_PS,"US dollars per person, PPP converted",HF12HF13,Compulsory contributory health insurance schemes,_Z,Not application,_T,Total,_T,Total,_T,Total,_Z,Not applicable,_Z,Not applicable,V,Current prices,2019,,6.329,,,,,,,,,,,,0,Units,1,One
DATAFLOW,OECD.ELS.HD:DSD_SHA@DF_SHA(1.1),Health expenditure and financing,I,ITA,Italy,A,Annual,EXP_HEALTH,Expenditure,USD_PPP_PS,"US dollars per person, PPP converted",HF121,Social health insurance schemes,_Z,Not application,_T,Total,_T,Total,_T,Total,_Z,Not applicable,_Z,Not applicable,V,Current prices,2019,,6.329,,,,,,,,,,,,0,Units,1,One
DATAFLOW,OECD.ELS.HD:DSD_SHA@DF_SHA(1.1),Health expenditure and financing,I,ITA,Italy,A,Annual,EXP_HEALTH,Expenditure,USD_PPP_PS,"US dollars per person, PPP converted",HF23,Enterprise financing schemes,_Z,Not application,_T,Total,_T,Total,_T,Total,_Z,Not applicable,_Z,Not applicable,V,Current prices,2019,,19.647,,,,,,,,,,,,0,Units,1,One
DATAFLOW,OECD.ELS.HD:DSD_SHA@DF_SHA(1.1),Health expenditure and financing,I,ITA,Italy,A,Annual,EXP_HEALTH,Expenditure,USD_PPP_PS,"US dollars per person, PPP converted",HF2HF3,Voluntary schemes/household out-of-pocket payments,_Z,Not application,_T,Total,_T,Total,_T,Total,_Z,Not applicable,_Z,Not applicable,V,Current prices,2019,,1016.224,,,,,,,,,,,,0,Units,1,One
DATAFLOW,OECD.ELS.HD:DSD_SHA@DF_SHA(1.1),Health expenditure and financing,I,ITA,Italy,A,Annual,EXP_HEALTH,Expenditure,USD_PPP_PS,"US dollars per person, PPP converted",HF2,Voluntary healthcare payment schemes,_Z,Not application,_T,Total,_T,Total,_T,Total,_Z,Not applicable,_Z,Not applicable,V,Current prices,2019,,109.449,,,,,,,,,,,,0,Units,1,One
DATAFLOW,OECD.ELS.HD:DSD_SHA@DF_SHA(1.1),Health expenditure and financing,I,ITA,Italy,A,Annual,EXP_HEALTH,Expenditure,USD_PPP_PS,"US dollars per person, PPP converted",HF22,NPISH financing schemes,_Z,Not application,_T,Total,_T,Total,_T,Total,_Z,Not applicable,_Z,Not applicable,V,Current prices,2019,,10.727,,,,,,,,,,,,0,Units,1,One
DATAFLOW,OECD.ELS.HD:DSD_SHA@DF_SHA(1.1),Health expenditure and financing,I,ITA,Italy,A,Annual,EXP_HEALTH,Expenditure,USD_PPP_PS,"US dollars per person, PPP converted",HF22,NPISH financing schemes,_Z,Not application,_T,Total,_T,Total,_T,Total,_Z,Not applicable,_Z,Not applicable,V,Current prices,2020,,11.069,,,,,,,,,,,,0,Units,1,One
DATAFLOW,OECD.ELS.HD:DSD_SHA@DF_SHA(1.1),Health expenditure and financing,I,ITA,Italy,A,Annual,EXP_HEALTH,Expenditure,USD_PPP_PS,"US dollars per person, PPP converted",HF2,Voluntary healthcare payment schemes,_Z,Not application,_T,Total,_T,Total,_T,Total,_Z,Not applicable,_Z,Not applicable,V,Current prices,2020,,108.343,,,,,,,,,,,,0,Units,1,One
DATAFLOW,OECD.ELS.HD:DSD_SHA@DF_SHA(1.1),Health expenditure and financing,I,ITA,Italy,A,Annual,EXP_HEALTH,Expenditure,USD_PPP_PS,"US dollars per person, PPP converted",HF2HF3,Voluntary schemes/household out-of-pocket payments,_Z,Not application,_T,Total,_T,Total,_T,Total,_Z,Not applicable,_Z,Not applicable,V,Current prices,2020,,973.55,,,,,,,,,,,,0,Units,1,One
DATAFLOW,OECD.ELS.HD:DSD_SHA@DF_SHA(1.1),Health expenditure and financing,I,ITA,Italy,A,Annual,EXP_HEALTH,Expenditure,USD_PPP_PS,"US dollars per person, PPP converted",HF23,Enterprise financing schemes,_Z,Not application,_T,Total,_T,Total,_T,Total,_Z,Not applicable,_Z,Not applicable,V,Current prices,2020,,16.969,,,,,,,,,,,,0,Units,1,One
DATAFLOW,OECD.ELS.HD:DSD_SHA@DF_SHA(1.1),Health expenditure and financing,I,ITA,Italy,A,Annual,EXP_HEALTH,Expenditure,USD_PPP_PS,"US dollars per person, PPP converted",HF121,Social health insurance schemes,_Z,Not application,_T,Total,_T,Total,_T,Total,_Z,Not applicable,_Z,Not applicable,V,Current prices,2020,,6.303,,,,,,,,,,,,0,Units,1,One
DATAFLOW,OECD.ELS.HD:DSD_SHA@DF_SHA(1.1),Health expenditure and financing,I,ITA,Italy,A,Annual,EXP_HEALTH,Expenditure,USD_PPP_PS,"US dollars per person, PPP converted",HF12HF13,Compulsory contributory health insurance schemes,_Z,Not application,_T,Total,_T,Total,_T,Total,_Z,Not applicable,_Z,Not applicable,V,Current prices,2020,,6.303,,,,,,,,,,,,0,Units,1,One
DATAFLOW,OECD.ELS.HD:DSD_SHA@DF_SHA(1.1),Health expenditure and financing,I,ITA,Italy,A,Annual,EXP_HEALTH,Expenditure,USD_PPP_PS,"US dollars per person, PPP converted",HF11,Government schemes,_Z,Not application,_T,Total,_T,Total,_T,Total,_Z,Not applicable,_Z,Not applicable,V,Current prices,2020,,3047.398,,,,,,,,,,,,0,Units,1,One
DATAFLOW,OECD.ELS.HD:DSD_SHA@DF_SHA(1.1),Health expenditure and financing,I,ITA,Italy,A,Annual,EXP_HEALTH,Expenditure,USD_PPP_PS,"US dollars per person, PPP converted",HF21,Voluntary health insurance schemes,_Z,Not application,_T,Total,_T,Total,_T,Total,_Z,Not applicable,_Z,Not applicable,V,Current prices,2020,,80.305,,,,,,,,,,,,0,Units,1,One
DATAFLOW,OECD.ELS.HD:DSD_SHA@DF_SHA(1.1),Health expenditure and financing,I,ITA,Italy,A,Annual,EXP_HEALTH,Expenditure,USD_PPP_PS,"US dollars per person, PPP converted",HF3,Household out-of-pocket payments,_Z,Not application,_T,Total,_T,Total,_T,Total,_Z,Not applicable,_Z,Not applicable,V,Current prices,2020,,865.207,,,,,,,,,,,,0,Units,1,One
DATAFLOW,OECD.ELS.HD:DSD_SHA@DF_SHA(1.1),Health expenditure and financing,I,ITA,Italy,A,Annual,EXP_HEALTH,Expenditure,USD_PPP_PS,"US dollars per person, PPP converted",_T,Total,_Z,Not application,_T,Total,_T,Total,_T,Total,_Z,Not applicable,_Z,Not applicable,V,Current prices,2020,,4027.251,,,,,,,,,,,,0,Units,1,One
DATAFLOW,OECD.ELS.HD:DSD_SHA@DF_SHA(1.1),Health expenditure and financing,I,ITA,Italy,A,Annual,EXP_HEALTH,Expenditure,USD_PPP_PS,"US dollars per person, PPP converted",HF1,Government/compulsory schemes,_Z,Not application,_T,Total,_T,Total,_T,Total,_Z,Not applicable,_Z,Not applicable,V,Current prices,2020,,3053.701,,,,,,,,,,,,0,Units,1,One
DATAFLOW,OECD.ELS.HD:DSD_SHA@DF_SHA(1.1),Health expenditure and financing,I,ITA,Italy,A,Annual,EXP_HEALTH,Expenditure,USD_PPP_PS,"US dollars per person, PPP converted",HF1,Government/compulsory schemes,_Z,Not application,_T,Total,_T,Total,_T,Total,_Z,Not applicable,_Z,Not applicable,V,Current prices,2021,,3285.646,,,,,,,,,,,,0,Units,1,One
DATAFLOW,OECD.ELS.HD:DSD_SHA@DF_SHA(1.1),Health expenditure and financing,I,ITA,Italy,A,Annual,EXP_HEALTH,Expenditure,USD_PPP_PS,"US dollars per person, PPP converted",_T,Total,_Z,Not application,_T,Total,_T,Total,_T,Total,_Z,Not applicable,_Z,Not applicable,V,Current prices,2021,,4408.746,,,,,,,,,,,,0,Units,1,One
DATAFLOW,OECD.ELS.HD:DSD_SHA@DF_SHA(1.1),Health expenditure and financing,I,ITA,Italy,A,Annual,EXP_HEALTH,Expenditure,USD_PPP_PS,"US dollars per person, PPP converted",HF3,Household out-of-pocket payments,_Z,Not application,_T,Total,_T,Total,_T,Total,_Z,Not applicable,_Z,Not applicable,V,Current prices,2021,,1005.802,,,,,,,,,,,,0,Units,1,One
DATAFLOW,OECD.ELS.HD:DSD_SHA@DF_SHA(1.1),Health expenditure and financing,I,ITA,Italy,A,Annual,EXP_HEALTH,Expenditure,USD_PPP_PS,"US dollars per person, PPP converted",HF21,Voluntary health insurance schemes,_Z,Not application,_T,Total,_T,Total,_T,Total,_Z,Not applicable,_Z,Not applicable,V,Current prices,2021,,84.661,,,,,,,,,,,,0,Units,1,One
DATAFLOW,OECD.ELS.HD:DSD_SHA@DF_SHA(1.1),Health expenditure and financing,I,ITA,Italy,A,Annual,EXP_HEALTH,Expenditure,USD_PPP_PS,"US dollars per person, PPP converted",HF11,Government schemes,_Z,Not application,_T,Total,_T,Total,_T,Total,_Z,Not applicable,_Z,Not applicable,V,Current prices,2021,,3278.633,,,,,,,,,,,,0,Units,1,One
DATAFLOW,OECD.ELS.HD:DSD_SHA@DF_SHA(1.1),Health expenditure and financing,I,ITA,Italy,A,Annual,EXP_HEALTH,Expenditure,USD_PPP_PS,"US dollars per person, PPP converted",HF12HF13,Compulsory contributory health insurance schemes,_Z,Not application,_T,Total,_T,Total,_T,Total,_Z,Not applicable,_Z,Not applicable,V,Current prices,2021,,7.012,,,,,,,,,,,,0,Units,1,One
DATAFLOW,OECD.ELS.HD:DSD_SHA@DF_SHA(1.1),Health expenditure and financing,I,ITA,Italy,A,Annual,EXP_HEALTH,Expenditure,USD_PPP_PS,"US dollars per person, PPP converted",HF121,Social health insurance schemes,_Z,Not application,_T,Total,_T,Total,_T,Total,_Z,Not applicable,_Z,Not applicable,V,Current prices,2021,,7.012,,,,,,,,,,,,0,Units,1,One
DATAFLOW,OECD.ELS.HD:DSD_SHA@DF_SHA(1.1),Health expenditure and financing,I,ITA,Italy,A,Annual,EXP_HEALTH,Expenditure,USD_PPP_PS,"US dollars per person, PPP converted",HF23,Enterprise financing schemes,_Z,Not application,_T,Total,_T,Total,_T,Total,_Z,Not applicable,_Z,Not applicable,V,Current prices,2021,,19.644,,,,,,,,,,,,0,Units,1,One
DATAFLOW,OECD.ELS.HD:DSD_SHA@DF_SHA(1.1),Health expenditure and financing,I,DEU,Germany,A,Annual,EXP_HEALTH,Expenditure,USD_PPP_PS,"US dollars per person, PPP converted",HF3,Household out-of-pocket payments,_Z,Not application,_T,Total,_T,Total,_T,Total,_Z,Not applicable,_Z,Not applicable,Q,Constant prices,2023,,818.211,,2020,,,,,,,,,,0,Units,1,One
DATAFLOW,OECD.ELS.HD:DSD_SHA@DF_SHA(1.1),Health expenditure and financing,I,DEU,Germany,A,Annual,EXP_HEALTH,Expenditure,USD_PPP_PS,"US dollars per person, PPP converted",HF21,Voluntary health insurance schemes,_Z,Not application,_T,Total,_T,Total,_T,Total,_Z,Not applicable,_Z,Not applicable,Q,Constant prices,2023,,95.653,,2020,,,,,,,,,,0,Units,1,One
DATAFLOW,OECD.ELS.HD:DSD_SHA@DF_SHA(1.1),Health expenditure and financing,I,DEU,Germany,A,Annual,EXP_HEALTH,Expenditure,USD_PPP_PS,"US dollars per person, PPP converted",HF11,Government schemes,_Z,Not application,_T,Total,_T,Total,_T,Total,_Z,Not applicable,_Z,Not applicable,Q,Constant prices,2023,,544.492,,2020,,,,,,,,,,0,Units,1,One
DATAFLOW,OECD.ELS.HD:DSD_SHA@DF_SHA(1.1),Health expenditure and financing,I,DEU,Germany,A,Annual,EXP_HEALTH,Expenditure,USD_PPP_PS,"US dollars per person, PPP converted",HF2HF3,Voluntary schemes/household out-of-pocket payments,_Z,Not application,_T,Total,_T,Total,_T,Total,_Z,Not applicable,_Z,Not applicable,Q,Constant prices,2023,,1036.938,,2020,,,,,,,,,,0,Units,1,One
DATAFLOW,OECD.ELS.HD:DSD_SHA@DF_SHA(1.1),Health expenditure and financing,I,DEU,Germany,A,Annual,EXP_HEALTH,Expenditure,USD_PPP_PS,"US dollars per person, PPP converted",HF12HF13,Compulsory contributory health insurance schemes,_Z,Not application,_T,Total,_T,Total,_T,Total,_Z,Not applicable,_Z,Not applicable,Q,Constant prices,2023,,5649.317,,2020,,,,,,,,,,0,Units,1,One
DATAFLOW,OECD.ELS.HD:DSD_SHA@DF_SHA(1.1),Health expenditure and financing,I,DEU,Germany,A,Annual,EXP_HEALTH,Expenditure,USD_PPP_PS,"US dollars per person, PPP converted",_T,Total,_Z,Not application,_T,Total,_T,Total,_T,Total,_Z,Not applicable,_Z,Not applicable,Q,Constant prices,2023,,7230.747,,2020,,,,,,,,,,0,Units,1,One
DATAFLOW,OECD.ELS.HD:DSD_SHA@DF_SHA(1.1),Health expenditure and financing,I,DEU,Germany,A,Annual,EXP_HEALTH,Expenditure,USD_PPP_PS,"US dollars per person, PPP converted",HF1,Government/compulsory schemes,_Z,Not application,_T,Total,_T,Total,_T,Total,_Z,Not applicable,_Z,Not applicable,Q,Constant prices,2023,,6193.809,,2020,,,,,,,,,,0,Units,1,One
DATAFLOW,OECD.ELS.HD:DSD_SHA@DF_SHA(1.1),Health expenditure and financing,I,DEU,Germany,A,Annual,EXP_HEALTH,Expenditure,USD_PPP_PS,"US dollars per person, PPP converted",HF2,Voluntary healthcare payment schemes,_Z,Not application,_T,Total,_T,Total,_T,Total,_Z,Not applicable,_Z,Not applicable,Q,Constant prices,2023,,218.728,,2020,,,,,,,,,,0,Units,1,One
DATAFLOW,OECD.ELS.HD:DSD_SHA@DF_SHA(1.1),Health expenditure and financing,I,DEU,Germany,A,Annual,EXP_HEALTH,Expenditure,USD_PPP_PS,"US dollars per person, PPP converted",HF23,Enterprise financing schemes,_Z,Not application,_T,Total,_T,Total,_T,Total,_Z,Not applicable,_Z,Not applicable,Q,Constant prices,2023,,33.666,,2020,,,,,,,,,,0,Units,1,One
DATAFLOW,OECD.ELS.HD:DSD_SHA@DF_SHA(1.1),Health expenditure and financing,I,DEU,Germany,A,Annual,EXP_HEALTH,Expenditure,USD_PPP_PS,"US dollars per person, PPP converted",HF121,Social health insurance schemes,_Z,Not application,_T,Total,_T,Total,_T,Total,_Z,Not applicable,_Z,Not applicable,Q,Constant prices,2023,,5143.778,,2020,,,,,,,,,,0,Units,1,One
DATAFLOW,OECD.ELS.HD:DSD_SHA@DF_SHA(1.1),Health expenditure and financing,I,DEU,Germany,A,Annual,EXP_HEALTH,Expenditure,USD_PPP_PS,"US dollars per person, PPP converted",HF121,Social health insurance schemes,_Z,Not application,_T,Total,_T,Total,_T,Total,_Z,Not applicable,_Z,Not applicable,Q,Constant prices,2024,,5420.789,,2020,,,,,,,,,,0,Units,1,One
DATAFLOW,OECD.ELS.HD:DSD_SHA@DF_SHA(1.1),Health expenditure and financing,I,DEU,Germany,A,Annual,EXP_HEALTH,Expenditure,USD_PPP_PS,"US dollars per person, PPP converted",HF23,Enterprise financing schemes,_Z,Not application,_T,Total,_T,Total,_T,Total,_Z,Not applicable,_Z,Not applicable,Q,Constant prices,2024,,34.416,,2020,,,,,,,,,,0,Units,1,One
DATAFLOW,OECD.ELS.HD:DSD_SHA@DF_SHA(1.1),Health expenditure and financing,I,DEU,Germany,A,Annual,EXP_HEALTH,Expenditure,USD_PPP_PS,"US dollars per person, PPP converted",HF2,Voluntary healthcare payment schemes,_Z,Not application,_T,Total,_T,Total,_T,Total,_Z,Not applicable,_Z,Not applicable,Q,Constant prices,2024,,228.105,,2020,,,,,,,,,,0,Units,1,One
DATAFLOW,OECD.ELS.HD:DSD_SHA@DF_SHA(1.1),Health expenditure and financing,I,DEU,Germany,A,Annual,EXP_HEALTH,Expenditure,USD_PPP_PS,"US dollars per person, PPP converted",HF1,Government/compulsory schemes,_Z,Not application,_T,Total,_T,Total,_T,Total,_Z,Not applicable,_Z,Not applicable,Q,Constant prices,2024,,6500.475,,2020,,,,,,,,,,0,Units,1,One
DATAFLOW,OECD.ELS.HD:DSD_SHA@DF_SHA(1.1),Health expenditure and financing,I,DEU,Germany,A,Annual,EXP_HEALTH,Expenditure,USD_PPP_PS,"US dollars per person, PPP converted",_T,Total,_Z,Not application,_T,Total,_T,Total,_T,Total,_Z,Not applicable,_Z,Not applicable,Q,Constant prices,2024,,7569.005,,2020,,,,,,,,,,0,Units,1,One
DATAFLOW,OECD.ELS.HD:DSD_SHA@DF_SHA(1.1),Health expenditure and financing,I,DEU,Germany,A,Annual,EXP_HEALTH,Expenditure,USD_PPP_PS,"US dollars per person, PPP converted",HF12HF13,Compulsory contributory health insurance schemes,_Z,Not application,_T,Total,_T,Total,_T,Total,_Z,Not applicable,_Z,Not applicable,Q,Constant prices,2024,,5958.076,,2020,,,,,,,,,,0,Units,1,One
DATAFLOW,OECD.ELS.HD:DSD_SHA@DF_SHA(1.1),Health expenditure and financing,I,DEU,Germany,A,Annual,EXP_HEALTH,Expenditure,USD_PPP_PS,"US dollars per person, PPP converted",HF2HF3,Voluntary schemes/household out-of-pocket payments,_Z,Not application,_T,Total,_T,Total,_T,Total,_Z,Not applicable,_Z,Not applicable,Q,Constant prices,2024,,1068.53,,2020,,,,,,,,,,0,Units,1,One
DATAFLOW,OECD.ELS.HD:DSD_SHA@DF_SHA(1.1),Health expenditure and financing,I,DEU,Germany,A,Annual,EXP_HEALTH,Expenditure,USD_PPP_PS,"US dollars per person, PPP converted",HF11,Government schemes,_Z,Not application,_T,Total,_T,Total,_T,Total,_Z,Not applicable,_Z,Not applicable,Q,Constant prices,2024,,542.4,,2020,,,,,,,,,,0,Units,1,One
DATAFLOW,OECD.ELS.HD:DSD_SHA@DF_SHA(1.1),Health expenditure and financing,I,DEU,Germany,A,Annual,EXP_HEALTH,Expenditure,USD_PPP_PS,"US dollars per person, PPP converted",HF21,Voluntary health insurance schemes,_Z,Not application,_T,Total,_T,Total,_T,Total,_Z,Not applicable,_Z,Not applicable,Q,Constant prices,2024,,103.82,,2020,,,,,,,,,,0,Units,1,One
DATAFLOW,OECD.ELS.HD:DSD_SHA@DF_SHA(1.1),Health expenditure and financing,I,DEU,Germany,A,Annual,EXP_HEALTH,Expenditure,USD_PPP_PS,"US dollars per person, PPP converted",HF3,Household out-of-pocket payments,_Z,Not application,_T,Total,_T,Total,_T,Total,_Z,Not applicable,_Z,Not applicable,Q,Constant prices,2024,,840.424,,2020,,,,,,,,,,0,Units,1,One
DATAFLOW,OECD.ELS.HD:DSD_SHA@DF_SHA(1.1),Health expenditure and financing,I,DEU,Germany,A,Annual,EXP_HEALTH,Expenditure,USD_PPP_PS,"US dollars per person, PPP converted",HF122,Compulsory private insurance schemes,_Z,Not application,_T,Total,_T,Total,_T,Total,_Z,Not applicable,_Z,Not applicable,Q,Constant prices,2024,,537.287,,2020,,,,,,,,,,0,Units,1,One
DATAFLOW,OECD.ELS.HD:DSD_SHA@DF_SHA(1.1),Health expenditure and financing,I,DEU,Germany,A,Annual,EXP_HEALTH,Expenditure,USD_PPP_PS,"US dollars per person, PPP converted",HF22,NPISH financing schemes,_Z,Not application,_T,Total,_T,Total,_T,Total,_Z,Not applicable,_Z,Not applicable,Q,Constant prices,2024,,89.87,,2020,,,,,,,,,,0,Units,1,One
DATAFLOW,OECD.ELS.HD:DSD_SHA@DF_SHA(1.1),Health expenditure and financing,I,DEU,Germany,A,Annual,EXP_HEALTH,Expenditure,USD_PPP_PS,"US dollars per person, PPP converted",HF2HF3,Voluntary schemes/household out-of-pocket payments,_Z,Not application,_T,Total,_T,Total,_T,Total,_Z,Not applicable,_Z,Not applicable,V,Current prices,2023,,1280.25,,,,,,,,,,,,0,Units,1,One
DATAFLOW,OECD.ELS.HD:DSD_SHA@DF_SHA(1.1),Health expenditure and financing,I,DEU,Germany,A,Annual,EXP_HEALTH,Expenditure,USD_PPP_PS,"US dollars per person, PPP converted",HF22,NPISH financing schemes,_Z,Not application,_T,Total,_T,Total,_T,Total,_Z,Not applicable,_Z,Not applicable,V,Current prices,2023,,110.388,,,,,,,,,,,,0,Units,1,One
DATAFLOW,OECD.ELS.HD:DSD_SHA@DF_SHA(1.1),Health expenditure and financing,I,DEU,Germany,A,Annual,EXP_HEALTH,Expenditure,USD_PPP_PS,"US dollars per person, PPP converted",HF12HF13,Compulsory contributory health insurance schemes,_Z,Not application,_T,Total,_T,Total,_T,Total,_Z,Not applicable,_Z,Not applicable,V,Current prices,2023,,6974.897,,,,,,,,,,,,0,Units,1,One
DATAFLOW,OECD.ELS.HD:DSD_SHA@DF_SHA(1.1),Health expenditure and financing,I,DEU,Germany,A,Annual,EXP_HEALTH,Expenditure,USD_PPP_PS,"US dollars per person, PPP converted",HF3,Household out-of-pocket payments,_Z,Not application,_T,Total,_T,Total,_T,Total,_Z,Not applicable,_Z,Not applicable,V,Current prices,2023,,1010.199,,,,,,,,,,,,0,Units,1,One
DATAFLOW,OECD.ELS.HD:DSD_SHA@DF_SHA(1.1),Health expenditure and financing,I,DEU,Germany,A,Annual,EXP_HEALTH,Expenditure,USD_PPP_PS,"US dollars per person, PPP converted",HF1,Government/compulsory schemes,_Z,Not application,_T,Total,_T,Total,_T,Total,_Z,Not applicable,_Z,Not applicable,V,Current prices,2023,,7647.151,,,,,,,,,,,,0,Units,1,One
DATAFLOW,OECD.ELS.HD:DSD_SHA@DF_SHA(1.1),Health expenditure and financing,I,DEU,Germany,A,Annual,EXP_HEALTH,Expenditure,USD_PPP_PS,"US dollars per person, PPP converted",HF23,Enterprise financing schemes,_Z,Not application,_T,Total,_T,Total,_T,Total,_Z,Not applicable,_Z,Not applicable,V,Current prices,2023,,41.566,,,,,,,,,,,,0,Units,1,One
DATAFLOW,OECD.ELS.HD:DSD_SHA@DF_SHA(1.1),Health expenditure and financing,I,DEU,Germany,A,Annual,EXP_HEALTH,Expenditure,USD_PPP_PS,"US dollars per person, PPP converted",HF11,Government schemes,_Z,Not application,_T,Total,_T,Total,_T,Total,_Z,Not applicable,_Z,Not applicable,V,Current prices,2023,,672.254,,,,,,,,,,,,0,Units,1,One
DATAFLOW,OECD.ELS.HD:DSD_SHA@DF_SHA(1.1),Health expenditure and financing,I,DEU,Germany,A,Annual,EXP_HEALTH,Expenditure,USD_PPP_PS,"US dollars per person, PPP converted",HF122,Compulsory private insurance schemes,_Z,Not application,_T,Total,_T,Total,_T,Total,_Z,Not applicable,_Z,Not applicable,V,Current prices,2023,,624.16,,,,,,,,,,,,0,Units,1,One
DATAFLOW,OECD.ELS.HD:DSD_SHA@DF_SHA(1.1),Health expenditure and financing,I,DEU,Germany,A,Annual,EXP_HEALTH,Expenditure,USD_PPP_PS,"US dollars per person, PPP converted",HF21,Voluntary health insurance schemes,_Z,Not application,_T,Total,_T,Total,_T,Total,_Z,Not applicable,_Z,Not applicable,V,Current prices,2023,,118.097,,,,,,,,,,,,0,Units,1,One
DATAFLOW,OECD.ELS.HD:DSD_SHA@DF_SHA(1.1),Health expenditure and financing,I,DEU,Germany,A,Annual,EXP_HEALTH,Expenditure,USD_PPP_PS,"US dollars per person, PPP converted",_T,Total,_Z,Not application,_T,Total,_T,Total,_T,Total,_Z,Not applicable,_Z,Not applicable,V,Current prices,2023,,8927.4,,,,,,,,,,,,0,Units,1,One
DATAFLOW,OECD.ELS.HD:DSD_SHA@DF_SHA(1.1),Health expenditure and financing,I,DEU,Germany,A,Annual,EXP_HEALTH,Expenditure,USD_PPP_PS,"US dollars per person, PPP converted",HF121,Social health insurance schemes,_Z,Not application,_T,Total,_T,Total,_T,Total,_Z,Not applicable,_Z,Not applicable,V,Current prices,2023,,6350.737,,,,,,,,,,,,0,Units,1,One
DATAFLOW,OECD.ELS.HD:DSD_SHA@DF_SHA(1.1),Health expenditure and financing,I,DEU,Germany,A,Annual,EXP_HEALTH,Expenditure,USD_PPP_PS,"US dollars per person, PPP converted",HF121,Social health insurance schemes,_Z,Not application,_T,Total,_T,Total,_T,Total,_Z,Not applicable,_Z,Not applicable,V,Current prices,2024,,6864.138,,,,,,,,,,,,0,Units,1,One
DATAFLOW,OECD.ELS.HD:DSD_SHA@DF_SHA(1.1),Health expenditure and financing,I,DEU,Germany,A,Annual,EXP_HEALTH,Expenditure,USD_PPP_PS,"US dollars per person, PPP converted",_T,Total,_Z,Not application,_T,Total,_T,Total,_T,Total,_Z,Not applicable,_Z,Not applicable,V,Current prices,2024,,9584.343,,,,,,,,,,,,0,Units,1,One
DATAFLOW,OECD.ELS.HD:DSD_SHA@DF_SHA(1.1),Health expenditure and financing,I,DEU,Germany,A,Annual,EXP_HEALTH,Expenditure,USD_PPP_PS,"US dollars per person, PPP converted",HF21,Voluntary health insurance schemes,_Z,Not application,_T,Total,_T,Total,_T,Total,_Z,Not applicable,_Z,Not applicable,V,Current prices,2024,,131.463,,,,,,,,,,,,0,Units,1,One
DATAFLOW,OECD.ELS.HD:DSD_SHA@DF_SHA(1.1),Health expenditure and financing,I,DEU,Germany,A,Annual,EXP_HEALTH,Expenditure,USD_PPP_PS,"US dollars per person, PPP converted",HF122,Compulsory private insurance schemes,_Z,Not application,_T,Total,_T,Total,_T,Total,_Z,Not applicable,_Z,Not applicable,V,Current prices,2024,,680.346,,,,,,,,,,,,0,Units,1,One
DATAFLOW,OECD.ELS.HD:DSD_SHA@DF_SHA(1.1),Health expenditure and financing,I,DEU,Germany,A,Annual,EXP_HEALTH,Expenditure,USD_PPP_PS,"US dollars per person, PPP converted",HF11,Government schemes,_Z,Not application,_T,Total,_T,Total,_T,Total,_Z,Not applicable,_Z,Not applicable,V,Current prices,2024,,686.82,,,,,,,,,,,,0,Units,1,One
DATAFLOW,OECD.ELS.HD:DSD_SHA@DF_SHA(1.1),Health expenditure and financing,I,DEU,Germany,A,Annual,EXP_HEALTH,Expenditure,USD_PPP_PS,"US dollars per person, PPP converted",HF23,Enterprise financing schemes,_Z,Not application,_T,Total,_T,Total,_T,Total,_Z,Not applicable,_Z,Not applicable,V,Current prices,2024,,43.579,,,,,,,,,,,,0,Units,1,One
DATAFLOW,OECD.ELS.HD:DSD_SHA@DF_SHA(1.1),Health expenditure and financing,I,DEU,Germany,A,Annual,EXP_HEALTH,Expenditure,USD_PPP_PS,"US dollars per person, PPP converted",HF1,Government/compulsory schemes,_Z,Not application,_T,Total,_T,Total,_T,Total,_Z,Not applicable,_Z,Not applicable,V,Current prices,2024,,8231.304,,,,,,,,,,,,0,Units,1,One
DATAFLOW,OECD.ELS.HD:DSD_SHA@DF_SHA(1.1),Health expenditure and financing,I,DEU,Germany,A,Annual,EXP_HEALTH,Expenditure,USD_PPP_PS,"US dollars per person, PPP converted",HF3,Household out-of-pocket payments,_Z,Not application,_T,Total,_T,Total,_T,Total,_Z,Not applicable,_Z,Not applicable,V,Current prices,2024,,1064.198,,,,,,,,,,,,0,Units,1,One
DATAFLOW,OECD.ELS.HD:DSD_SHA@DF_SHA(1.1),Health expenditure and financing,I,DEU,Germany,A,Annual,EXP_HEALTH,Expenditure,USD_PPP_PS,"US dollars per person, PPP converted",HF12HF13,Compulsory contributory health insurance schemes,_Z,Not application,_T,Total,_T,Total,_T,Total,_Z,Not applicable,_Z,Not applicable,V,Current prices,2024,,7544.484,,,,,,,,,,,,0,Units,1,One
DATAFLOW,OECD.ELS.HD:DSD_SHA@DF_SHA(1.1),Health expenditure and financing,I,DEU,Germany,A,Annual,EXP_HEALTH,Expenditure,USD_PPP_PS,"US dollars per person, PPP converted",HF22,NPISH financing schemes,_Z,Not application,_T,Total,_T,Total,_T,Total,_Z,Not applicable,_Z,Not applicable,V,Current prices,2024,,113.799,,,,,,,,,,,,0,Units,1,One
DATAFLOW,OECD.ELS.HD:DSD_SHA@DF_SHA(1.1),Health expenditure and financing,I,DEU,Germany,A,Annual,EXP_HEALTH,Expenditure,USD_PPP_PS,"US dollars per person, PPP converted",HF2HF3,Voluntary schemes/household out-of-pocket payments,_Z,Not application,_T,Total,_T,Total,_T,Total,_Z,Not applicable,_Z,Not applicable,V,Current prices,2024,,1353.038,,,,,,,,,,,,0,Units,1,One
DATAFLOW,OECD.ELS.HD:DSD_SHA@DF_SHA(1.1),Health expenditure and financing,I,DEU,Germany,A,Annual,EXP_HEALTH,Expenditure,USD_PPP_PS,"US dollars per person, PPP converted",HF2,Voluntary healthcare payment schemes,_Z,Not application,_T,Total,_T,Total,_T,Total,_Z,Not applicable,_Z,Not applicable,V,Current prices,2024,,288.841,,,,,,,,,,,,0,Units,1,One
DATAFLOW,OECD.ELS.HD:DSD_SHA@DF_SHA(1.1),Health expenditure and financing,I,AUS,Australia,A,Annual,EXP_HEALTH,Expenditure,USD_PPP_PS,"US dollars per person, PPP converted",_T,Total,_Z,Not application,_T,Total,_T,Total,_T,Total,_Z,Not applicable,_Z,Not applicable,Q,Constant prices,2024,,6246.714,,2020,,,,E,Estimated value,,,,,0,Units,1,One
DATAFLOW,OECD.ELS.HD:DSD_SHA@DF_SHA(1.1),Health expenditure and financing,I,AUS,Australia,A,Annual,EXP_HEALTH,Expenditure,USD_PPP_PS,"US dollars per person, PPP converted",_T,Total,_Z,Not application,_T,Total,_T,Total,_T,Total,_Z,Not applicable,_Z,Not applicable,V,Current prices,2024,,7884.927,,,,,,E,Estimated value,,,,,0,Units,1,One
DATAFLOW,OECD.ELS.HD:DSD_SHA@DF_SHA(1.1),Health expenditure and financing,I,AUS,Australia,A,Annual,EXP_HEALTH,Expenditure,USD_PPP_PS,"US dollars per person, PPP converted",HF2HF3,Voluntary schemes/household out-of-pocket payments,_Z,Not application,_T,Total,_T,Total,_T,Total,_Z,Not applicable,_Z,Not applicable,V,Current prices,2024,,2150.484,,,,,,E,Estimated value,,,,,0,Units,1,One
DATAFLOW,OECD.ELS.HD:DSD_SHA@DF_SHA(1.1),Health expenditure and financing,I,AUS,Australia,A,Annual,EXP_HEALTH,Expenditure,USD_PPP_PS,"US dollars per person, PPP converted",HF1,Government/compulsory schemes,_Z,Not application,_T,Total,_T,Total,_T,Total,_Z,Not applicable,_Z,Not applicable,V,Current prices,2024,,5734.443,,,,,,E,Estimated value,,,,,0,Units,1,One
DATAFLOW,OECD.ELS.HD:DSD_SHA@DF_SHA(1.1),Health expenditure and financing,I,AUS,Australia,A,Annual,EXP_HEALTH,Expenditure,USD_PPP_PS,"US dollars per person, PPP converted",HF2HF3,Voluntary schemes/household out-of-pocket payments,_Z,Not application,_T,Total,_T,Total,_T,Total,_Z,Not applicable,_Z,Not applicable,Q,Constant prices,2024,,1703.689,,2020,,,,E,Estimated value,,,,,0,Units,1,One
DATAFLOW,OECD.ELS.HD:DSD_SHA@DF_SHA(1.1),Health expenditure and financing,I,AUS,Australia,A,Annual,EXP_HEALTH,Expenditure,USD_PPP_PS,"US dollars per person, PPP converted",HF1,Government/compulsory schemes,_Z,Not application,_T,Total,_T,Total,_T,Total,_Z,Not applicable,_Z,Not applicable,Q,Constant prices,2024,,4543.025,,2020,,,,E,Estimated value,,,,,0,Units,1,One
DATAFLOW,OECD.ELS.HD:DSD_SHA@DF_SHA(1.1),Health expenditure and financing,I,AUS,Australia,A,Annual,EXP_HEALTH,Expenditure,USD_PPP_PS,"US dollars per person, PPP converted",HF1,Government/compulsory schemes,_Z,Not application,_T,Total,_T,Total,_T,Total,_Z,Not applicable,_Z,Not applicable,Q,Constant prices,2015,,3490.653,,2020,,,,,,,,,,0,Units,1,One
DATAFLOW,OECD.ELS.HD:DSD_SHA@DF_SHA(1.1),Health expenditure and financing,I,AUS,Australia,A,Annual,EXP_HEALTH,Expenditure,USD_PPP_PS,"US dollars per person, PPP converted",HF1,Government/compulsory schemes,_Z,Not application,_T,Total,_T,Total,_T,Total,_Z,Not applicable,_Z,Not applicable,Q,Constant prices,2016,,3608.627,,2020,,,,,,,,,,0,Units,1,One
DATAFLOW,OECD.ELS.HD:DSD_SHA@DF_SHA(1.1),Health expenditure and financing,I,AUS,Australia,A,Annual,EXP_HEALTH,Expenditure,USD_PPP_PS,"US dollars per person, PPP converted",HF1,Government/compulsory schemes,_Z,Not application,_T,Total,_T,Total,_T,Total,_Z,Not applicable,_Z,Not applicable,Q,Constant prices,2017,,3686.113,,2020,,,,,,,,,,0,Units,1,One
DATAFLOW,OECD.ELS.HD:DSD_SHA@DF_SHA(1.1),Health expenditure and financing,I,AUS,Australia,A,Annual,EXP_HEALTH,Expenditure,USD_PPP_PS,"US dollars per person, PPP converted",HF1,Government/compulsory schemes,_Z,Not application,_T,Total,_T,Total,_T,Total,_Z,Not applicable,_Z,Not applicable,Q,Constant prices,2018,,3761.334,,2020,,,,,,,,,,0,Units,1,One
DATAFLOW,OECD.ELS.HD:DSD_SHA@DF_SHA(1.1),Health expenditure and financing,I,AUS,Australia,A,Annual,EXP_HEALTH,Expenditure,USD_PPP_PS,"US dollars per person, PPP converted",HF1,Government/compulsory schemes,_Z,Not application,_T,Total,_T,Total,_T,Total,_Z,Not applicable,_Z,Not applicable,Q,Constant prices,2019,,3894.764,,2020,,,,,,,,,,0,Units,1,One
DATAFLOW,OECD.ELS.HD:DSD_SHA@DF_SHA(1.1),Health expenditure and financing,I,AUS,Australia,A,Annual,EXP_HEALTH,Expenditure,USD_PPP_PS,"US dollars per person, PPP converted",HF1,Government/compulsory schemes,_Z,Not application,_T,Total,_T,Total,_T,Total,_Z,Not applicable,_Z,Not applicable,Q,Constant prices,2020,,4169.235,,2020,,,,,,,,,,0,Units,1,One
DATAFLOW,OECD.ELS.HD:DSD_SHA@DF_SHA(1.1),Health expenditure and financing,I,AUS,Australia,A,Annual,EXP_HEALTH,Expenditure,USD_PPP_PS,"US dollars per person, PPP converted",HF1,Government/compulsory schemes,_Z,Not application,_T,Total,_T,Total,_T,Total,_Z,Not applicable,_Z,Not applicable,Q,Constant prices,2021,,4573.907,,2020,,,,,,,,,,0,Units,1,One
DATAFLOW,OECD.ELS.HD:DSD_SHA@DF_SHA(1.1),Health expenditure and financing,I,AUS,Australia,A,Annual,EXP_HEALTH,Expenditure,USD_PPP_PS,"US dollars per person, PPP converted",HF1,Government/compulsory schemes,_Z,Not application,_T,Total,_T,Total,_T,Total,_Z,Not applicable,_Z,Not applicable,Q,Constant prices,2022,,4344.636,,2020,,,,,,,,,,0,Units,1,One
DATAFLOW,OECD.ELS.HD:DSD_SHA@DF_SHA(1.1),Health expenditure and financing,I,AUS,Australia,A,Annual,EXP_HEALTH,Expenditure,USD_PPP_PS,"US dollars per person, PPP converted",HF1,Government/compulsory schemes,_Z,Not application,_T,Total,_T,Total,_T,Total,_Z,Not applicable,_Z,Not applicable,Q,Constant prices,2023,,4401.124,,2020,,,,,,,,,,0,Units,1,One
DATAFLOW,OECD.ELS.HD:DSD_SHA@DF_SHA(1.1),Health expenditure and financing,I,AUS,Australia,A,Annual,EXP_HEALTH,Expenditure,USD_PPP_PS,"US dollars per person, PPP converted",HF11,Government schemes,_Z,Not application,_T,Total,_T,Total,_T,Total,_Z,Not applicable,_Z,Not applicable,Q,Constant prices,2015,,3441.623,,2020,,,,,,,,,,0,Units,1,One
DATAFLOW,OECD.ELS.HD:DSD_SHA@DF_SHA(1.1),Health expenditure and financing,I,AUS,Australia,A,Annual,EXP_HEALTH,Expenditure,USD_PPP_PS,"US dollars per person, PPP converted",HF11,Government schemes,_Z,Not application,_T,Total,_T,Total,_T,Total,_Z,Not applicable,_Z,Not applicable,Q,Constant prices,2016,,3556.865,,2020,,,,,,,,,,0,Units,1,One
DATAFLOW,OECD.ELS.HD:DSD_SHA@DF_SHA(1.1),Health expenditure and financing,I,AUS,Australia,A,Annual,EXP_HEALTH,Expenditure,USD_PPP_PS,"US dollars per person, PPP converted",HF11,Government schemes,_Z,Not application,_T,Total,_T,Total,_T,Total,_Z,Not applicable,_Z,Not applicable,Q,Constant prices,2017,,3636.917,,2020,,,,,,,,,,0,Units,1,One
DATAFLOW,OECD.ELS.HD:DSD_SHA@DF_SHA(1.1),Health expenditure and financing,I,AUS,Australia,A,Annual,EXP_HEALTH,Expenditure,USD_PPP_PS,"US dollars per person, PPP converted",HF11,Government schemes,_Z,Not application,_T,Total,_T,Total,_T,Total,_Z,Not applicable,_Z,Not applicable,Q,Constant prices,2018,,3702.455,,2020,,,,,,,,,,0,Units,1,One
DATAFLOW,OECD.ELS.HD:DSD_SHA@DF_SHA(1.1),Health expenditure and financing,I,AUS,Australia,A,Annual,EXP_HEALTH,Expenditure,USD_PPP_PS,"US dollars per person, PPP converted",HF11,Government schemes,_Z,Not application,_T,Total,_T,Total,_T,Total,_Z,Not applicable,_Z,Not applicable,Q,Constant prices,2019,,3832.704,,2020,,,,,,,,,,0,Units,1,One
DATAFLOW,OECD.ELS.HD:DSD_SHA@DF_SHA(1.1),Health expenditure and financing,I,AUS,Australia,A,Annual,EXP_HEALTH,Expenditure,USD_PPP_PS,"US dollars per person, PPP converted",HF11,Government schemes,_Z,Not application,_T,Total,_T,Total,_T,Total,_Z,Not applicable,_Z,Not applicable,Q,Constant prices,2020,,4106.885,,2020,,,,,,,,,,0,Units,1,One
DATAFLOW,OECD.ELS.HD:DSD_SHA@DF_SHA(1.1),Health expenditure and financing,I,AUS,Australia,A,Annual,EXP_HEALTH,Expenditure,USD_PPP_PS,"US dollars per person, PPP converted",HF11,Government schemes,_Z,Not application,_T,Total,_T,Total,_T,Total,_Z,Not applicable,_Z,Not applicable,Q,Constant prices,2021,,4510.882,,2020,,,,,,,,,,0,Units,1,One
DATAFLOW,OECD.ELS.HD:DSD_SHA@DF_SHA(1.1),Health expenditure and financing,I,AUS,Australia,A,Annual,EXP_HEALTH,Expenditure,USD_PPP_PS,"US dollars per person, PPP converted",HF11,Government schemes,_Z,Not application,_T,Total,_T,Total,_T,Total,_Z,Not applicable,_Z,Not applicable,Q,Constant prices,2022,,4281.457,,2020,,,,,,,,,,0,Units,1,One
DATAFLOW,OECD.ELS.HD:DSD_SHA@DF_SHA(1.1),Health expenditure and financing,I,AUS,Australia,A,Annual,EXP_HEALTH,Expenditure,USD_PPP_PS,"US dollars per person, PPP converted",HF11,Government schemes,_Z,Not application,_T,Total,_T,Total,_T,Total,_Z,Not applicable,_Z,Not applicable,Q,Constant prices,2023,,4333.944,,2020,,,,,,,,,,0,Units,1,One
DATAFLOW,OECD.ELS.HD:DSD_SHA@DF_SHA(1.1),Health expenditure and financing,I,AUS,Australia,A,Annual,EXP_HEALTH,Expenditure,USD_PPP_PS,"US dollars per person, PPP converted",HF2HF3,Voluntary schemes/household out-of-pocket payments,_Z,Not application,_T,Total,_T,Total,_T,Total,_Z,Not applicable,_Z,Not applicable,Q,Constant prices,2015,,1582.14,,2020,,,,,,,,,,0,Units,1,One
DATAFLOW,OECD.ELS.HD:DSD_SHA@DF_SHA(1.1),Health expenditure and financing,I,AUS,Australia,A,Annual,EXP_HEALTH,Expenditure,USD_PPP_PS,"US dollars per person, PPP converted",HF2HF3,Voluntary schemes/household out-of-pocket payments,_Z,Not application,_T,Total,_T,Total,_T,Total,_Z,Not applicable,_Z,Not applicable,Q,Constant prices,2016,,1619.478,,2020,,,,,,,,,,0,Units,1,One
DATAFLOW,OECD.ELS.HD:DSD_SHA@DF_SHA(1.1),Health expenditure and financing,I,AUS,Australia,A,Annual,EXP_HEALTH,Expenditure,USD_PPP_PS,"US dollars per person, PPP converted",HF2HF3,Voluntary schemes/household out-of-pocket payments,_Z,Not application,_T,Total,_T,Total,_T,Total,_Z,Not applicable,_Z,Not applicable,Q,Constant prices,2017,,1645.147,,2020,,,,,,,,,,0,Units,1,One
DATAFLOW,OECD.ELS.HD:DSD_SHA@DF_SHA(1.1),Health expenditure and financing,I,AUS,Australia,A,Annual,EXP_HEALTH,Expenditure,USD_PPP_PS,"US dollars per person, PPP converted",HF2HF3,Voluntary schemes/household out-of-pocket payments,_Z,Not application,_T,Total,_T,Total,_T,Total,_Z,Not applicable,_Z,Not applicable,Q,Constant prices,2018,,1681.044,,2020,,,,,,,,,,0,Units,1,One
DATAFLOW,OECD.ELS.HD:DSD_SHA@DF_SHA(1.1),Health expenditure and financing,I,AUS,Australia,A,Annual,EXP_HEALTH,Expenditure,USD_PPP_PS,"US dollars per person, PPP converted",HF2HF3,Voluntary schemes/household out-of-pocket payments,_Z,Not application,_T,Total,_T,Total,_T,Total,_Z,Not applicable,_Z,Not applicable,Q,Constant prices,2019,,1563.628,,2020,,,,,,,,,,0,Units,1,One
DATAFLOW,OECD.ELS.HD:DSD_SHA@DF_SHA(1.1),Health expenditure and financing,I,AUS,Australia,A,Annual,EXP_HEALTH,Expenditure,USD_PPP_PS,"US dollars per person, PPP converted",HF2HF3,Voluntary schemes/household out-of-pocket payments,_Z,Not application,_T,Total,_T,Total,_T,Total,_Z,Not applicable,_Z,Not applicable,Q,Constant prices,2020,,1685.946,,2020,,,,,,,,,,0,Units,1,One
DATAFLOW,OECD.ELS.HD:DSD_SHA@DF_SHA(1.1),Health expenditure and financing,I,AUS,Australia,A,Annual,EXP_HEALTH,Expenditure,USD_PPP_PS,"US dollars per person, PPP converted",HF2HF3,Voluntary schemes/household out-of-pocket payments,_Z,Not application,_T,Total,_T,Total,_T,Total,_Z,Not applicable,_Z,Not applicable,Q,Constant prices,2021,,1655.52,,2020,,,,,,,,,,0,Units,1,One
DATAFLOW,OECD.ELS.HD:DSD_SHA@DF_SHA(1.1),Health expenditure and financing,I,AUS,Australia,A,Annual,EXP_HEALTH,Expenditure,USD_PPP_PS,"US dollars per person, PPP converted",HF2HF3,Voluntary schemes/household out-of-pocket payments,_Z,Not application,_T,Total,_T,Total,_T,Total,_Z,Not applicable,_Z,Not applicable,Q,Constant prices,2022,,1680.76,,2020,,,,,,,,,,0,Units,1,One
DATAFLOW,OECD.ELS.HD:DSD_SHA@DF_SHA(1.1),Health expenditure and financing,I,AUS,Australia,A,Annual,EXP_HEALTH,Expenditure,USD_PPP_PS,"US dollars per person, PPP converted",HF2HF3,Voluntary schemes/household out-of-pocket payments,_Z,Not application,_T,Total,_T,Total,_T,Total,_Z,Not applicable,_Z,Not applicable,Q,Constant prices,2023,,1674.028,,2020,,,,,,,,,,0,Units,1,One
DATAFLOW,OECD.ELS.HD:DSD_SHA@DF_SHA(1.1),Health expenditure and financing,I,AUS,Australia,A,Annual,EXP_HEALTH,Expenditure,USD_PPP_PS,"US dollars per person, PPP converted",HF3,Household out-of-pocket payments,_Z,Not application,_T,Total,_T,Total,_T,Total,_Z,Not applicable,_Z,Not applicable,Q,Constant prices,2015,,858.138,,2020,,,,,,,,,,0,Units,1,One
DATAFLOW,OECD.ELS.HD:DSD_SHA@DF_SHA(1.1),Health expenditure and financing,I,AUS,Australia,A,Annual,EXP_HEALTH,Expenditure,USD_PPP_PS,"US dollars per person, PPP converted",HF3,Household out-of-pocket payments,_Z,Not application,_T,Total,_T,Total,_T,Total,_Z,Not applicable,_Z,Not applicable,Q,Constant prices,2016,,874.075,,2020,,,,,,,,,,0,Units,1,One
DATAFLOW,OECD.ELS.HD:DSD_SHA@DF_SHA(1.1),Health expenditure and financing,I,AUS,Australia,A,Annual,EXP_HEALTH,Expenditure,USD_PPP_PS,"US dollars per person, PPP converted",HF3,Household out-of-pocket payments,_Z,Not application,_T,Total,_T,Total,_T,Total,_Z,Not applicable,_Z,Not applicable,Q,Constant prices,2017,,879.469,,2020,,,,,,,,,,0,Units,1,One
DATAFLOW,OECD.ELS.HD:DSD_SHA@DF_SHA(1.1),Health expenditure and financing,I,AUS,Australia,A,Annual,EXP_HEALTH,Expenditure,USD_PPP_PS,"US dollars per person, PPP converted",HF3,Household out-of-pocket payments,_Z,Not application,_T,Total,_T,Total,_T,Total,_Z,Not applicable,_Z,Not applicable,Q,Constant prices,2018,,912.267,,2020,,,,,,,,,,0,Units,1,One
DATAFLOW,OECD.ELS.HD:DSD_SHA@DF_SHA(1.1),Health expenditure and financing,I,AUS,Australia,A,Annual,EXP_HEALTH,Expenditure,USD_PPP_PS,"US dollars per person, PPP converted",HF3,Household out-of-pocket payments,_Z,Not application,_T,Total,_T,Total,_T,Total,_Z,Not applicable,_Z,Not applicable,Q,Constant prices,2019,,840.063,,2020,,,,,,,,,,0,Units,1,One
DATAFLOW,OECD.ELS.HD:DSD_SHA@DF_SHA(1.1),Health expenditure and financing,I,AUS,Australia,A,Annual,EXP_HEALTH,Expenditure,USD_PPP_PS,"US dollars per person, PPP converted",HF3,Household out-of-pocket payments,_Z,Not application,_T,Total,_T,Total,_T,Total,_Z,Not applicable,_Z,Not applicable,Q,Constant prices,2020,,922.661,,2020,,,,,,,,,,0,Units,1,One
DATAFLOW,OECD.ELS.HD:DSD_SHA@DF_SHA(1.1),Health expenditure and financing,I,AUS,Australia,A,Annual,EXP_HEALTH,Expenditure,USD_PPP_PS,"US dollars per person, PPP converted",HF3,Household out-of-pocket payments,_Z,Not application,_T,Total,_T,Total,_T,Total,_Z,Not applicable,_Z,Not applicable,Q,Constant prices,2021,,938.503,,2020,,,,,,,,,,0,Units,1,One
DATAFLOW,OECD.ELS.HD:DSD_SHA@DF_SHA(1.1),Health expenditure and financing,I,AUS,Australia,A,Annual,EXP_HEALTH,Expenditure,USD_PPP_PS,"US dollars per person, PPP converted",HF3,Household out-of-pocket payments,_Z,Not application,_T,Total,_T,Total,_T,Total,_Z,Not applicable,_Z,Not applicable,Q,Constant prices,2022,,960.505,,2020,,,,,,,,,,0,Units,1,One
DATAFLOW,OECD.ELS.HD:DSD_SHA@DF_SHA(1.1),Health expenditure and financing,I,AUS,Australia,A,Annual,EXP_HEALTH,Expenditure,USD_PPP_PS,"US dollars per person, PPP converted",HF3,Household out-of-pocket payments,_Z,Not application,_T,Total,_T,Total,_T,Total,_Z,Not applicable,_Z,Not applicable,Q,Constant prices,2023,,953.789,,2020,,,,,,,,,,0,Units,1,One
DATAFLOW,OECD.ELS.HD:DSD_SHA@DF_SHA(1.1),Health expenditure and financing,I,AUS,Australia,A,Annual,EXP_HEALTH,Expenditure,USD_PPP_PS,"US dollars per person, PPP converted",HF2,Voluntary healthcare payment schemes,_Z,Not application,_T,Total,_T,Total,_T,Total,_Z,Not applicable,_Z,Not applicable,Q,Constant prices,2015,,724.003,,2020,,,,,,,,,,0,Units,1,One
DATAFLOW,OECD.ELS.HD:DSD_SHA@DF_SHA(1.1),Health expenditure and financing,I,AUS,Australia,A,Annual,EXP_HEALTH,Expenditure,USD_PPP_PS,"US dollars per person, PPP converted",HF2,Voluntary healthcare payment schemes,_Z,Not application,_T,Total,_T,Total,_T,Total,_Z,Not applicable,_Z,Not applicable,Q,Constant prices,2016,,745.404,,2020,,,,,,,,,,0,Units,1,One
DATAFLOW,OECD.ELS.HD:DSD_SHA@DF_SHA(1.1),Health expenditure and financing,I,AUS,Australia,A,Annual,EXP_HEALTH,Expenditure,USD_PPP_PS,"US dollars per person, PPP converted",HF2,Voluntary healthcare payment schemes,_Z,Not application,_T,Total,_T,Total,_T,Total,_Z,Not applicable,_Z,Not applicable,Q,Constant prices,2017,,765.678,,2020,,,,,,,,,,0,Units,1,One
DATAFLOW,OECD.ELS.HD:DSD_SHA@DF_SHA(1.1),Health expenditure and financing,I,AUS,Australia,A,Annual,EXP_HEALTH,Expenditure,USD_PPP_PS,"US dollars per person, PPP converted",HF2,Voluntary healthcare payment schemes,_Z,Not application,_T,Total,_T,Total,_T,Total,_Z,Not applicable,_Z,Not applicable,Q,Constant prices,2018,,768.778,,2020,,,,,,,,,,0,Units,1,One
DATAFLOW,OECD.ELS.HD:DSD_SHA@DF_SHA(1.1),Health expenditure and financing,I,AUS,Australia,A,Annual,EXP_HEALTH,Expenditure,USD_PPP_PS,"US dollars per person, PPP converted",HF2,Voluntary healthcare payment schemes,_Z,Not application,_T,Total,_T,Total,_T,Total,_Z,Not applicable,_Z,Not applicable,Q,Constant prices,2019,,723.566,,2020,,,,,,,,,,0,Units,1,One
DATAFLOW,OECD.ELS.HD:DSD_SHA@DF_SHA(1.1),Health expenditure and financing,I,AUS,Australia,A,Annual,EXP_HEALTH,Expenditure,USD_PPP_PS,"US dollars per person, PPP converted",HF2,Voluntary healthcare payment schemes,_Z,Not application,_T,Total,_T,Total,_T,Total,_Z,Not applicable,_Z,Not applicable,Q,Constant prices,2020,,763.285,,2020,,,,,,,,,,0,Units,1,One
DATAFLOW,OECD.ELS.HD:DSD_SHA@DF_SHA(1.1),Health expenditure and financing,I,AUS,Australia,A,Annual,EXP_HEALTH,Expenditure,USD_PPP_PS,"US dollars per person, PPP converted",HF2,Voluntary healthcare payment schemes,_Z,Not application,_T,Total,_T,Total,_T,Total,_Z,Not applicable,_Z,Not applicable,Q,Constant prices,2021,,717.017,,2020,,,,,,,,,,0,Units,1,One
DATAFLOW,OECD.ELS.HD:DSD_SHA@DF_SHA(1.1),Health expenditure and financing,I,AUS,Australia,A,Annual,EXP_HEALTH,Expenditure,USD_PPP_PS,"US dollars per person, PPP converted",HF2,Voluntary healthcare payment schemes,_Z,Not application,_T,Total,_T,Total,_T,Total,_Z,Not applicable,_Z,Not applicable,Q,Constant prices,2022,,720.255,,2020,,,,,,,,,,0,Units,1,One
DATAFLOW,OECD.ELS.HD:DSD_SHA@DF_SHA(1.1),Health expenditure and financing,I,AUS,Australia,A,Annual,EXP_HEALTH,Expenditure,USD_PPP_PS,"US dollars per person, PPP converted",HF2,Voluntary healthcare payment schemes,_Z,Not application,_T,Total,_T,Total,_T,Total,_Z,Not applicable,_Z,Not applicable,Q,Constant prices,2023,,720.238,,2020,,,,,,,,,,0,Units,1,One
DATAFLOW,OECD.ELS.HD:DSD_SHA@DF_SHA(1.1),Health expenditure and financing,I,AUS,Australia,A,Annual,EXP_HEALTH,Expenditure,USD_PPP_PS,"US dollars per person, PPP converted",HF32,Cost-sharing with third-party payers,_Z,Not application,_T,Total,_T,Total,_T,Total,_Z,Not applicable,_Z,Not applicable,Q,Constant prices,2015,,249.087,,2020,,,,,,,,,,0,Units,1,One
DATAFLOW,OECD.ELS.HD:DSD_SHA@DF_SHA(1.1),Health expenditure and financing,I,AUS,Australia,A,Annual,EXP_HEALTH,Expenditure,USD_PPP_PS,"US dollars per person, PPP converted",HF32,Cost-sharing with third-party payers,_Z,Not application,_T,Total,_T,Total,_T,Total,_Z,Not applicable,_Z,Not applicable,Q,Constant prices,2016,,249.045,,2020,,,,,,,,,,0,Units,1,One
DATAFLOW,OECD.ELS.HD:DSD_SHA@DF_SHA(1.1),Health expenditure and financing,I,AUS,Australia,A,Annual,EXP_HEALTH,Expenditure,USD_PPP_PS,"US dollars per person, PPP converted",HF32,Cost-sharing with third-party payers,_Z,Not application,_T,Total,_T,Total,_T,Total,_Z,Not applicable,_Z,Not applicable,Q,Constant prices,2017,,262.334,,2020,,,,,,,,,,0,Units,1,One
DATAFLOW,OECD.ELS.HD:DSD_SHA@DF_SHA(1.1),Health expenditure and financing,I,AUS,Australia,A,Annual,EXP_HEALTH,Expenditure,USD_PPP_PS,"US dollars per person, PPP converted",HF32,Cost-sharing with third-party payers,_Z,Not application,_T,Total,_T,Total,_T,Total,_Z,Not applicable,_Z,Not applicable,Q,Constant prices,2018,,245.641,,2020,,,,,,,,,,0,Units,1,One
DATAFLOW,OECD.ELS.HD:DSD_SHA@DF_SHA(1.1),Health expenditure and financing,I,AUS,Australia,A,Annual,EXP_HEALTH,Expenditure,USD_PPP_PS,"US dollars per person, PPP converted",HF32,Cost-sharing with third-party payers,_Z,Not application,_T,Total,_T,Total,_T,Total,_Z,Not applicable,_Z,Not applicable,Q,Constant prices,2019,,212.134,,2020,,,,,,,,,,0,Units,1,One
DATAFLOW,OECD.ELS.HD:DSD_SHA@DF_SHA(1.1),Health expenditure and financing,I,AUS,Australia,A,Annual,EXP_HEALTH,Expenditure,USD_PPP_PS,"US dollars per person, PPP converted",HF32,Cost-sharing with third-party payers,_Z,Not application,_T,Total,_T,Total,_T,Total,_Z,Not applicable,_Z,Not applicable,Q,Constant prices,2020,,247.317,,2020,,,,,,,,,,0,Units,1,One
DATAFLOW,OECD.ELS.HD:DSD_SHA@DF_SHA(1.1),Health expenditure and financing,I,AUS,Australia,A,Annual,EXP_HEALTH,Expenditure,USD_PPP_PS,"US dollars per person, PPP converted",HF32,Cost-sharing with third-party payers,_Z,Not application,_T,Total,_T,Total,_T,Total,_Z,Not applicable,_Z,Not applicable,Q,Constant prices,2021,,246.722,,2020,,,,,,,,,,0,Units,1,One
DATAFLOW,OECD.ELS.HD:DSD_SHA@DF_SHA(1.1),Health expenditure and financing,I,AUS,Australia,A,Annual,EXP_HEALTH,Expenditure,USD_PPP_PS,"US dollars per person, PPP converted",HF32,Cost-sharing with third-party payers,_Z,Not application,_T,Total,_T,Total,_T,Total,_Z,Not applicable,_Z,Not applicable,Q,Constant prices,2022,,263.802,,2020,,,,,,,,,,0,Units,1,One
DATAFLOW,OECD.ELS.HD:DSD_SHA@DF_SHA(1.1),Health expenditure and financing,I,AUS,Australia,A,Annual,EXP_HEALTH,Expenditure,USD_PPP_PS,"US dollars per person, PPP converted",HF32,Cost-sharing with third-party payers,_Z,Not application,_T,Total,_T,Total,_T,Total,_Z,Not applicable,_Z,Not applicable,Q,Constant prices,2023,,272.72,,2020,,,,,,,,,,0,Units,1,One
DATAFLOW,OECD.ELS.HD:DSD_SHA@DF_SHA(1.1),Health expenditure and financing,I,AUS,Australia,A,Annual,EXP_HEALTH,Expenditure,USD_PPP_PS,"US dollars per person, PPP converted",HF23,Enterprise financing schemes,_Z,Not application,_T,Total,_T,Total,_T,Total,_Z,Not applicable,_Z,Not applicable,Q,Constant prices,2015,,58.497,,2020,,,,,,,,,,0,Units,1,One
DATAFLOW,OECD.ELS.HD:DSD_SHA@DF_SHA(1.1),Health expenditure and financing,I,AUS,Australia,A,Annual,EXP_HEALTH,Expenditure,USD_PPP_PS,"US dollars per person, PPP converted",HF23,Enterprise financing schemes,_Z,Not application,_T,Total,_T,Total,_T,Total,_Z,Not applicable,_Z,Not applicable,Q,Constant prices,2016,,57.855,,2020,,,,,,,,,,0,Units,1,One
DATAFLOW,OECD.ELS.HD:DSD_SHA@DF_SHA(1.1),Health expenditure and financing,I,AUS,Australia,A,Annual,EXP_HEALTH,Expenditure,USD_PPP_PS,"US dollars per person, PPP converted",HF23,Enterprise financing schemes,_Z,Not application,_T,Total,_T,Total,_T,Total,_Z,Not applicable,_Z,Not applicable,Q,Constant prices,2017,,58.908,,2020,,,,,,,,,,0,Units,1,One
DATAFLOW,OECD.ELS.HD:DSD_SHA@DF_SHA(1.1),Health expenditure and financing,I,AUS,Australia,A,Annual,EXP_HEALTH,Expenditure,USD_PPP_PS,"US dollars per person, PPP converted",HF23,Enterprise financing schemes,_Z,Not application,_T,Total,_T,Total,_T,Total,_Z,Not applicable,_Z,Not applicable,Q,Constant prices,2018,,61.432,,2020,,,,,,,,,,0,Units,1,One
DATAFLOW,OECD.ELS.HD:DSD_SHA@DF_SHA(1.1),Health expenditure and financing,I,AUS,Australia,A,Annual,EXP_HEALTH,Expenditure,USD_PPP_PS,"US dollars per person, PPP converted",HF23,Enterprise financing schemes,_Z,Not application,_T,Total,_T,Total,_T,Total,_Z,Not applicable,_Z,Not applicable,Q,Constant prices,2019,,55.358,,2020,,,,,,,,,,0,Units,1,One
DATAFLOW,OECD.ELS.HD:DSD_SHA@DF_SHA(1.1),Health expenditure and financing,I,AUS,Australia,A,Annual,EXP_HEALTH,Expenditure,USD_PPP_PS,"US dollars per person, PPP converted",HF23,Enterprise financing schemes,_Z,Not application,_T,Total,_T,Total,_T,Total,_Z,Not applicable,_Z,Not applicable,Q,Constant prices,2020,,58.506,,2020,,,,,,,,,,0,Units,1,One
DATAFLOW,OECD.ELS.HD:DSD_SHA@DF_SHA(1.1),Health expenditure and financing,I,AUS,Australia,A,Annual,EXP_HEALTH,Expenditure,USD_PPP_PS,"US dollars per person, PPP converted",HF23,Enterprise financing schemes,_Z,Not application,_T,Total,_T,Total,_T,Total,_Z,Not applicable,_Z,Not applicable,Q,Constant prices,2021,,53.387,,2020,,,,,,,,,,0,Units,1,One
DATAFLOW,OECD.ELS.HD:DSD_SHA@DF_SHA(1.1),Health expenditure and financing,I,AUS,Australia,A,Annual,EXP_HEALTH,Expenditure,USD_PPP_PS,"US dollars per person, PPP converted",HF23,Enterprise financing schemes,_Z,Not application,_T,Total,_T,Total,_T,Total,_Z,Not applicable,_Z,Not applicable,Q,Constant prices,2022,,50.366,,2020,,,,,,,,,,0,Units,1,One
DATAFLOW,OECD.ELS.HD:DSD_SHA@DF_SHA(1.1),Health expenditure and financing,I,AUS,Australia,A,Annual,EXP_HEALTH,Expenditure,USD_PPP_PS,"US dollars per person, PPP converted",HF23,Enterprise financing schemes,_Z,Not application,_T,Total,_T,Total,_T,Total,_Z,Not applicable,_Z,Not applicable,Q,Constant prices,2023,,52.057,,2020,,,,,,,,,,0,Units,1,One
DATAFLOW,OECD.ELS.HD:DSD_SHA@DF_SHA(1.1),Health expenditure and financing,I,AUS,Australia,A,Annual,EXP_HEALTH,Expenditure,USD_PPP_PS,"US dollars per person, PPP converted",HF21,Voluntary health insurance schemes,_Z,Not application,_T,Total,_T,Total,_T,Total,_Z,Not applicable,_Z,Not applicable,Q,Constant prices,2015,,622.738,,2020,,,,,,,,,,0,Units,1,One
DATAFLOW,OECD.ELS.HD:DSD_SHA@DF_SHA(1.1),Health expenditure and financing,I,AUS,Australia,A,Annual,EXP_HEALTH,Expenditure,USD_PPP_PS,"US dollars per person, PPP converted",HF21,Voluntary health insurance schemes,_Z,Not application,_T,Total,_T,Total,_T,Total,_Z,Not applicable,_Z,Not applicable,Q,Constant prices,2016,,639.503,,2020,,,,,,,,,,0,Units,1,One
DATAFLOW,OECD.ELS.HD:DSD_SHA@DF_SHA(1.1),Health expenditure and financing,I,AUS,Australia,A,Annual,EXP_HEALTH,Expenditure,USD_PPP_PS,"US dollars per person, PPP converted",HF21,Voluntary health insurance schemes,_Z,Not application,_T,Total,_T,Total,_T,Total,_Z,Not applicable,_Z,Not applicable,Q,Constant prices,2017,,642.722,,2020,,,,,,,,,,0,Units,1,One
DATAFLOW,OECD.ELS.HD:DSD_SHA@DF_SHA(1.1),Health expenditure and financing,I,AUS,Australia,A,Annual,EXP_HEALTH,Expenditure,USD_PPP_PS,"US dollars per person, PPP converted",HF21,Voluntary health insurance schemes,_Z,Not application,_T,Total,_T,Total,_T,Total,_Z,Not applicable,_Z,Not applicable,Q,Constant prices,2018,,639.234,,2020,,,,,,,,,,0,Units,1,One
DATAFLOW,OECD.ELS.HD:DSD_SHA@DF_SHA(1.1),Health expenditure and financing,I,AUS,Australia,A,Annual,EXP_HEALTH,Expenditure,USD_PPP_PS,"US dollars per person, PPP converted",HF21,Voluntary health insurance schemes,_Z,Not application,_T,Total,_T,Total,_T,Total,_Z,Not applicable,_Z,Not applicable,Q,Constant prices,2019,,607.703,,2020,,,,,,,,,,0,Units,1,One
DATAFLOW,OECD.ELS.HD:DSD_SHA@DF_SHA(1.1),Health expenditure and financing,I,AUS,Australia,A,Annual,EXP_HEALTH,Expenditure,USD_PPP_PS,"US dollars per person, PPP converted",HF21,Voluntary health insurance schemes,_Z,Not application,_T,Total,_T,Total,_T,Total,_Z,Not applicable,_Z,Not applicable,Q,Constant prices,2020,,632.664,,2020,,,,,,,,,,0,Units,1,One
DATAFLOW,OECD.ELS.HD:DSD_SHA@DF_SHA(1.1),Health expenditure and financing,I,AUS,Australia,A,Annual,EXP_HEALTH,Expenditure,USD_PPP_PS,"US dollars per person, PPP converted",HF21,Voluntary health insurance schemes,_Z,Not application,_T,Total,_T,Total,_T,Total,_Z,Not applicable,_Z,Not applicable,Q,Constant prices,2021,,599.677,,2020,,,,,,,,,,0,Units,1,One
DATAFLOW,OECD.ELS.HD:DSD_SHA@DF_SHA(1.1),Health expenditure and financing,I,AUS,Australia,A,Annual,EXP_HEALTH,Expenditure,USD_PPP_PS,"US dollars per person, PPP converted",HF21,Voluntary health insurance schemes,_Z,Not application,_T,Total,_T,Total,_T,Total,_Z,Not applicable,_Z,Not applicable,Q,Constant prices,2022,,606.718,,2020,,,,,,,,,,0,Units,1,One
DATAFLOW,OECD.ELS.HD:DSD_SHA@DF_SHA(1.1),Health expenditure and financing,I,AUS,Australia,A,Annual,EXP_HEALTH,Expenditure,USD_PPP_PS,"US dollars per person, PPP converted",HF21,Voluntary health insurance schemes,_Z,Not application,_T,Total,_T,Total,_T,Total,_Z,Not applicable,_Z,Not applicable,Q,Constant prices,2023,,610.476,,2020,,,,,,,,,,0,Units,1,One
DATAFLOW,OECD.ELS.HD:DSD_SHA@DF_SHA(1.1),Health expenditure and financing,I,AUS,Australia,A,Annual,EXP_HEALTH,Expenditure,USD_PPP_PS,"US dollars per person, PPP converted",HF22,NPISH financing schemes,_Z,Not application,_T,Total,_T,Total,_T,Total,_Z,Not applicable,_Z,Not applicable,Q,Constant prices,2015,,42.768,,2020,,,,,,,,,,0,Units,1,One
DATAFLOW,OECD.ELS.HD:DSD_SHA@DF_SHA(1.1),Health expenditure and financing,I,AUS,Australia,A,Annual,EXP_HEALTH,Expenditure,USD_PPP_PS,"US dollars per person, PPP converted",HF22,NPISH financing schemes,_Z,Not application,_T,Total,_T,Total,_T,Total,_Z,Not applicable,_Z,Not applicable,Q,Constant prices,2016,,48.046,,2020,,,,,,,,,,0,Units,1,One
DATAFLOW,OECD.ELS.HD:DSD_SHA@DF_SHA(1.1),Health expenditure and financing,I,AUS,Australia,A,Annual,EXP_HEALTH,Expenditure,USD_PPP_PS,"US dollars per person, PPP converted",HF22,NPISH financing schemes,_Z,Not application,_T,Total,_T,Total,_T,Total,_Z,Not applicable,_Z,Not applicable,Q,Constant prices,2017,,64.047,,2020,,,,,,,,,,0,Units,1,One
DATAFLOW,OECD.ELS.HD:DSD_SHA@DF_SHA(1.1),Health expenditure and financing,I,AUS,Australia,A,Annual,EXP_HEALTH,Expenditure,USD_PPP_PS,"US dollars per person, PPP converted",HF22,NPISH financing schemes,_Z,Not application,_T,Total,_T,Total,_T,Total,_Z,Not applicable,_Z,Not applicable,Q,Constant prices,2018,,68.112,,2020,,,,,,,,,,0,Units,1,One
DATAFLOW,OECD.ELS.HD:DSD_SHA@DF_SHA(1.1),Health expenditure and financing,I,AUS,Australia,A,Annual,EXP_HEALTH,Expenditure,USD_PPP_PS,"US dollars per person, PPP converted",HF22,NPISH financing schemes,_Z,Not application,_T,Total,_T,Total,_T,Total,_Z,Not applicable,_Z,Not applicable,Q,Constant prices,2019,,60.505,,2020,,,,,,,,,,0,Units,1,One
DATAFLOW,OECD.ELS.HD:DSD_SHA@DF_SHA(1.1),Health expenditure and financing,I,AUS,Australia,A,Annual,EXP_HEALTH,Expenditure,USD_PPP_PS,"US dollars per person, PPP converted",HF22,NPISH financing schemes,_Z,Not application,_T,Total,_T,Total,_T,Total,_Z,Not applicable,_Z,Not applicable,Q,Constant prices,2020,,72.115,,2020,,,,,,,,,,0,Units,1,One
DATAFLOW,OECD.ELS.HD:DSD_SHA@DF_SHA(1.1),Health expenditure and financing,I,AUS,Australia,A,Annual,EXP_HEALTH,Expenditure,USD_PPP_PS,"US dollars per person, PPP converted",HF22,NPISH financing schemes,_Z,Not application,_T,Total,_T,Total,_T,Total,_Z,Not applicable,_Z,Not applicable,Q,Constant prices,2021,,63.954,,2020,,,,,,,,,,0,Units,1,One
DATAFLOW,OECD.ELS.HD:DSD_SHA@DF_SHA(1.1),Health expenditure and financing,I,AUS,Australia,A,Annual,EXP_HEALTH,Expenditure,USD_PPP_PS,"US dollars per person, PPP converted",HF22,NPISH financing schemes,_Z,Not application,_T,Total,_T,Total,_T,Total,_Z,Not applicable,_Z,Not applicable,Q,Constant prices,2022,,63.17,,2020,,,,,,,,,,0,Units,1,One
DATAFLOW,OECD.ELS.HD:DSD_SHA@DF_SHA(1.1),Health expenditure and financing,I,AUS,Australia,A,Annual,EXP_HEALTH,Expenditure,USD_PPP_PS,"US dollars per person, PPP converted",HF22,NPISH financing schemes,_Z,Not application,_T,Total,_T,Total,_T,Total,_Z,Not applicable,_Z,Not applicable,Q,Constant prices,2023,,57.705,,2020,,,,,,,,,,0,Units,1,One
DATAFLOW,OECD.ELS.HD:DSD_SHA@DF_SHA(1.1),Health expenditure and financing,I,AUS,Australia,A,Annual,EXP_HEALTH,Expenditure,USD_PPP_PS,"US dollars per person, PPP converted",HF31,Out-of-pocket excluding cost-sharing,_Z,Not application,_T,Total,_T,Total,_T,Total,_Z,Not applicable,_Z,Not applicable,Q,Constant prices,2015,,609.051,,2020,,,,,,,,,,0,Units,1,One
DATAFLOW,OECD.ELS.HD:DSD_SHA@DF_SHA(1.1),Health expenditure and financing,I,AUS,Australia,A,Annual,EXP_HEALTH,Expenditure,USD_PPP_PS,"US dollars per person, PPP converted",HF31,Out-of-pocket excluding cost-sharing,_Z,Not application,_T,Total,_T,Total,_T,Total,_Z,Not applicable,_Z,Not applicable,Q,Constant prices,2016,,625.029,,2020,,,,,,,,,,0,Units,1,One
DATAFLOW,OECD.ELS.HD:DSD_SHA@DF_SHA(1.1),Health expenditure and financing,I,AUS,Australia,A,Annual,EXP_HEALTH,Expenditure,USD_PPP_PS,"US dollars per person, PPP converted",HF31,Out-of-pocket excluding cost-sharing,_Z,Not application,_T,Total,_T,Total,_T,Total,_Z,Not applicable,_Z,Not applicable,Q,Constant prices,2017,,617.135,,2020,,,,,,,,,,0,Units,1,One
DATAFLOW,OECD.ELS.HD:DSD_SHA@DF_SHA(1.1),Health expenditure and financing,I,AUS,Australia,A,Annual,EXP_HEALTH,Expenditure,USD_PPP_PS,"US dollars per person, PPP converted",HF31,Out-of-pocket excluding cost-sharing,_Z,Not application,_T,Total,_T,Total,_T,Total,_Z,Not applicable,_Z,Not applicable,Q,Constant prices,2018,,666.626,,2020,,,,,,,,,,0,Units,1,One
DATAFLOW,OECD.ELS.HD:DSD_SHA@DF_SHA(1.1),Health expenditure and financing,I,AUS,Australia,A,Annual,EXP_HEALTH,Expenditure,USD_PPP_PS,"US dollars per person, PPP converted",HF31,Out-of-pocket excluding cost-sharing,_Z,Not application,_T,Total,_T,Total,_T,Total,_Z,Not applicable,_Z,Not applicable,Q,Constant prices,2019,,627.928,,2020,,,,,,,,,,0,Units,1,One
DATAFLOW,OECD.ELS.HD:DSD_SHA@DF_SHA(1.1),Health expenditure and financing,I,AUS,Australia,A,Annual,EXP_HEALTH,Expenditure,USD_PPP_PS,"US dollars per person, PPP converted",HF31,Out-of-pocket excluding cost-sharing,_Z,Not application,_T,Total,_T,Total,_T,Total,_Z,Not applicable,_Z,Not applicable,Q,Constant prices,2020,,675.344,,2020,,,,,,,,,,0,Units,1,One
DATAFLOW,OECD.ELS.HD:DSD_SHA@DF_SHA(1.1),Health expenditure and financing,I,AUS,Australia,A,Annual,EXP_HEALTH,Expenditure,USD_PPP_PS,"US dollars per person, PPP converted",HF31,Out-of-pocket excluding cost-sharing,_Z,Not application,_T,Total,_T,Total,_T,Total,_Z,Not applicable,_Z,Not applicable,Q,Constant prices,2021,,691.781,,2020,,,,,,,,,,0,Units,1,One
DATAFLOW,OECD.ELS.HD:DSD_SHA@DF_SHA(1.1),Health expenditure and financing,I,AUS,Australia,A,Annual,EXP_HEALTH,Expenditure,USD_PPP_PS,"US dollars per person, PPP converted",HF31,Out-of-pocket excluding cost-sharing,_Z,Not application,_T,Total,_T,Total,_T,Total,_Z,Not applicable,_Z,Not applicable,Q,Constant prices,2022,,696.704,,2020,,,,,,,,,,0,Units,1,One
DATAFLOW,OECD.ELS.HD:DSD_SHA@DF_SHA(1.1),Health expenditure and financing,I,AUS,Australia,A,Annual,EXP_HEALTH,Expenditure,USD_PPP_PS,"US dollars per person, PPP converted",HF31,Out-of-pocket excluding cost-sharing,_Z,Not application,_T,Total,_T,Total,_T,Total,_Z,Not applicable,_Z,Not applicable,Q,Constant prices,2023,,681.07,,2020,,,,,,,,,,0,Units,1,One
DATAFLOW,OECD.ELS.HD:DSD_SHA@DF_SHA(1.1),Health expenditure and financing,I,AUS,Australia,A,Annual,EXP_HEALTH,Expenditure,USD_PPP_PS,"US dollars per person, PPP converted",HF12HF13,Compulsory contributory health insurance schemes,_Z,Not application,_T,Total,_T,Total,_T,Total,_Z,Not applicable,_Z,Not applicable,Q,Constant prices,2015,,49.03,,2020,,,,,,,,,,0,Units,1,One
DATAFLOW,OECD.ELS.HD:DSD_SHA@DF_SHA(1.1),Health expenditure and financing,I,AUS,Australia,A,Annual,EXP_HEALTH,Expenditure,USD_PPP_PS,"US dollars per person, PPP converted",HF12HF13,Compulsory contributory health insurance schemes,_Z,Not application,_T,Total,_T,Total,_T,Total,_Z,Not applicable,_Z,Not applicable,Q,Constant prices,2016,,51.762,,2020,,,,,,,,,,0,Units,1,One
DATAFLOW,OECD.ELS.HD:DSD_SHA@DF_SHA(1.1),Health expenditure and financing,I,AUS,Australia,A,Annual,EXP_HEALTH,Expenditure,USD_PPP_PS,"US dollars per person, PPP converted",HF12HF13,Compulsory contributory health insurance schemes,_Z,Not application,_T,Total,_T,Total,_T,Total,_Z,Not applicable,_Z,Not applicable,Q,Constant prices,2017,,49.196,,2020,,,,,,,,,,0,Units,1,One
DATAFLOW,OECD.ELS.HD:DSD_SHA@DF_SHA(1.1),Health expenditure and financing,I,AUS,Australia,A,Annual,EXP_HEALTH,Expenditure,USD_PPP_PS,"US dollars per person, PPP converted",HF12HF13,Compulsory contributory health insurance schemes,_Z,Not application,_T,Total,_T,Total,_T,Total,_Z,Not applicable,_Z,Not applicable,Q,Constant prices,2018,,58.879,,2020,,,,,,,,,,0,Units,1,One
DATAFLOW,OECD.ELS.HD:DSD_SHA@DF_SHA(1.1),Health expenditure and financing,I,AUS,Australia,A,Annual,EXP_HEALTH,Expenditure,USD_PPP_PS,"US dollars per person, PPP converted",HF12HF13,Compulsory contributory health insurance schemes,_Z,Not application,_T,Total,_T,Total,_T,Total,_Z,Not applicable,_Z,Not applicable,Q,Constant prices,2019,,62.06,,2020,,,,,,,,,,0,Units,1,One
DATAFLOW,OECD.ELS.HD:DSD_SHA@DF_SHA(1.1),Health expenditure and financing,I,AUS,Australia,A,Annual,EXP_HEALTH,Expenditure,USD_PPP_PS,"US dollars per person, PPP converted",HF12HF13,Compulsory contributory health insurance schemes,_Z,Not application,_T,Total,_T,Total,_T,Total,_Z,Not applicable,_Z,Not applicable,Q,Constant prices,2020,,62.35,,2020,,,,,,,,,,0,Units,1,One
DATAFLOW,OECD.ELS.HD:DSD_SHA@DF_SHA(1.1),Health expenditure and financing,I,AUS,Australia,A,Annual,EXP_HEALTH,Expenditure,USD_PPP_PS,"US dollars per person, PPP converted",HF12HF13,Compulsory contributory health insurance schemes,_Z,Not application,_T,Total,_T,Total,_T,Total,_Z,Not applicable,_Z,Not applicable,Q,Constant prices,2021,,63.024,,2020,,,,,,,,,,0,Units,1,One
DATAFLOW,OECD.ELS.HD:DSD_SHA@DF_SHA(1.1),Health expenditure and financing,I,AUS,Australia,A,Annual,EXP_HEALTH,Expenditure,USD_PPP_PS,"US dollars per person, PPP converted",HF12HF13,Compulsory contributory health insurance schemes,_Z,Not application,_T,Total,_T,Total,_T,Total,_Z,Not applicable,_Z,Not applicable,Q,Constant prices,2022,,63.178,,2020,,,,,,,,,,0,Units,1,One
DATAFLOW,OECD.ELS.HD:DSD_SHA@DF_SHA(1.1),Health expenditure and financing,I,AUS,Australia,A,Annual,EXP_HEALTH,Expenditure,USD_PPP_PS,"US dollars per person, PPP converted",HF12HF13,Compulsory contributory health insurance schemes,_Z,Not application,_T,Total,_T,Total,_T,Total,_Z,Not applicable,_Z,Not applicable,Q,Constant prices,2023,,67.179,,2020,,,,,,,,,,0,Units,1,One
DATAFLOW,OECD.ELS.HD:DSD_SHA@DF_SHA(1.1),Health expenditure and financing,I,AUS,Australia,A,Annual,EXP_HEALTH,Expenditure,USD_PPP_PS,"US dollars per person, PPP converted",HF122,Compulsory private insurance schemes,_Z,Not application,_T,Total,_T,Total,_T,Total,_Z,Not applicable,_Z,Not applicable,Q,Constant prices,2015,,49.03,,2020,,,,,,,,,,0,Units,1,One
DATAFLOW,OECD.ELS.HD:DSD_SHA@DF_SHA(1.1),Health expenditure and financing,I,AUS,Australia,A,Annual,EXP_HEALTH,Expenditure,USD_PPP_PS,"US dollars per person, PPP converted",HF122,Compulsory private insurance schemes,_Z,Not application,_T,Total,_T,Total,_T,Total,_Z,Not applicable,_Z,Not applicable,Q,Constant prices,2016,,51.762,,2020,,,,,,,,,,0,Units,1,One
DATAFLOW,OECD.ELS.HD:DSD_SHA@DF_SHA(1.1),Health expenditure and financing,I,AUS,Australia,A,Annual,EXP_HEALTH,Expenditure,USD_PPP_PS,"US dollars per person, PPP converted",HF122,Compulsory private insurance schemes,_Z,Not application,_T,Total,_T,Total,_T,Total,_Z,Not applicable,_Z,Not applicable,Q,Constant prices,2017,,49.196,,2020,,,,,,,,,,0,Units,1,One
DATAFLOW,OECD.ELS.HD:DSD_SHA@DF_SHA(1.1),Health expenditure and financing,I,AUS,Australia,A,Annual,EXP_HEALTH,Expenditure,USD_PPP_PS,"US dollars per person, PPP converted",HF122,Compulsory private insurance schemes,_Z,Not application,_T,Total,_T,Total,_T,Total,_Z,Not applicable,_Z,Not applicable,Q,Constant prices,2018,,58.879,,2020,,,,,,,,,,0,Units,1,One
DATAFLOW,OECD.ELS.HD:DSD_SHA@DF_SHA(1.1),Health expenditure and financing,I,AUS,Australia,A,Annual,EXP_HEALTH,Expenditure,USD_PPP_PS,"US dollars per person, PPP converted",HF122,Compulsory private insurance schemes,_Z,Not application,_T,Total,_T,Total,_T,Total,_Z,Not applicable,_Z,Not applicable,Q,Constant prices,2019,,62.06,,2020,,,,,,,,,,0,Units,1,One
DATAFLOW,OECD.ELS.HD:DSD_SHA@DF_SHA(1.1),Health expenditure and financing,I,AUS,Australia,A,Annual,EXP_HEALTH,Expenditure,USD_PPP_PS,"US dollars per person, PPP converted",HF122,Compulsory private insurance schemes,_Z,Not application,_T,Total,_T,Total,_T,Total,_Z,Not applicable,_Z,Not applicable,Q,Constant prices,2020,,62.35,,2020,,,,,,,,,,0,Units,1,One
DATAFLOW,OECD.ELS.HD:DSD_SHA@DF_SHA(1.1),Health expenditure and financing,I,AUS,Australia,A,Annual,EXP_HEALTH,Expenditure,USD_PPP_PS,"US dollars per person, PPP converted",HF122,Compulsory private insurance schemes,_Z,Not application,_T,Total,_T,Total,_T,Total,_Z,Not applicable,_Z,Not applicable,Q,Constant prices,2021,,63.024,,2020,,,,,,,,,,0,Units,1,One
DATAFLOW,OECD.ELS.HD:DSD_SHA@DF_SHA(1.1),Health expenditure and financing,I,AUS,Australia,A,Annual,EXP_HEALTH,Expenditure,USD_PPP_PS,"US dollars per person, PPP converted",HF122,Compulsory private insurance schemes,_Z,Not application,_T,Total,_T,Total,_T,Total,_Z,Not applicable,_Z,Not applicable,Q,Constant prices,2022,,63.178,,2020,,,,,,,,,,0,Units,1,One
DATAFLOW,OECD.ELS.HD:DSD_SHA@DF_SHA(1.1),Health expenditure and financing,I,AUS,Australia,A,Annual,EXP_HEALTH,Expenditure,USD_PPP_PS,"US dollars per person, PPP converted",HF122,Compulsory private insurance schemes,_Z,Not application,_T,Total,_T,Total,_T,Total,_Z,Not applicable,_Z,Not applicable,Q,Constant prices,2023,,67.179,,2020,,,,,,,,,,0,Units,1,One
DATAFLOW,OECD.ELS.HD:DSD_SHA@DF_SHA(1.1),Health expenditure and financing,I,AUS,Australia,A,Annual,EXP_HEALTH,Expenditure,USD_PPP_PS,"US dollars per person, PPP converted",_T,Total,_Z,Not application,_T,Total,_T,Total,_T,Total,_Z,Not applicable,_Z,Not applicable,Q,Constant prices,2015,,5072.794,,2020,,,,,,,,,,0,Units,1,One
DATAFLOW,OECD.ELS.HD:DSD_SHA@DF_SHA(1.1),Health expenditure and financing,I,AUS,Australia,A,Annual,EXP_HEALTH,Expenditure,USD_PPP_PS,"US dollars per person, PPP converted",_T,Total,_Z,Not application,_T,Total,_T,Total,_T,Total,_Z,Not applicable,_Z,Not applicable,Q,Constant prices,2016,,5228.105,,2020,,,,,,,,,,0,Units,1,One
DATAFLOW,OECD.ELS.HD:DSD_SHA@DF_SHA(1.1),Health expenditure and financing,I,AUS,Australia,A,Annual,EXP_HEALTH,Expenditure,USD_PPP_PS,"US dollars per person, PPP converted",_T,Total,_Z,Not application,_T,Total,_T,Total,_T,Total,_Z,Not applicable,_Z,Not applicable,Q,Constant prices,2017,,5331.259,,2020,,,,,,,,,,0,Units,1,One
DATAFLOW,OECD.ELS.HD:DSD_SHA@DF_SHA(1.1),Health expenditure and financing,I,AUS,Australia,A,Annual,EXP_HEALTH,Expenditure,USD_PPP_PS,"US dollars per person, PPP converted",_T,Total,_Z,Not application,_T,Total,_T,Total,_T,Total,_Z,Not applicable,_Z,Not applicable,Q,Constant prices,2018,,5442.379,,2020,,,,,,,,,,0,Units,1,One
DATAFLOW,OECD.ELS.HD:DSD_SHA@DF_SHA(1.1),Health expenditure and financing,I,AUS,Australia,A,Annual,EXP_HEALTH,Expenditure,USD_PPP_PS,"US dollars per person, PPP converted",_T,Total,_Z,Not application,_T,Total,_T,Total,_T,Total,_Z,Not applicable,_Z,Not applicable,Q,Constant prices,2019,,5458.392,,2020,,,,,,,,,,0,Units,1,One
DATAFLOW,OECD.ELS.HD:DSD_SHA@DF_SHA(1.1),Health expenditure and financing,I,AUS,Australia,A,Annual,EXP_HEALTH,Expenditure,USD_PPP_PS,"US dollars per person, PPP converted",_T,Total,_Z,Not application,_T,Total,_T,Total,_T,Total,_Z,Not applicable,_Z,Not applicable,Q,Constant prices,2020,,5855.181,,2020,,,,,,,,,,0,Units,1,One
DATAFLOW,OECD.ELS.HD:DSD_SHA@DF_SHA(1.1),Health expenditure and financing,I,AUS,Australia,A,Annual,EXP_HEALTH,Expenditure,USD_PPP_PS,"US dollars per person, PPP converted",_T,Total,_Z,Not application,_T,Total,_T,Total,_T,Total,_Z,Not applicable,_Z,Not applicable,Q,Constant prices,2021,,6229.427,,2020,,,,,,,,,,0,Units,1,One
DATAFLOW,OECD.ELS.HD:DSD_SHA@DF_SHA(1.1),Health expenditure and financing,I,AUS,Australia,A,Annual,EXP_HEALTH,Expenditure,USD_PPP_PS,"US dollars per person, PPP converted",_T,Total,_Z,Not application,_T,Total,_T,Total,_T,Total,_Z,Not applicable,_Z,Not applicable,Q,Constant prices,2022,,6025.396,,2020,,,,,,,,,,0,Units,1,One
DATAFLOW,OECD.ELS.HD:DSD_SHA@DF_SHA(1.1),Health expenditure and financing,I,AUS,Australia,A,Annual,EXP_HEALTH,Expenditure,USD_PPP_PS,"US dollars per person, PPP converted",_T,Total,_Z,Not application,_T,Total,_T,Total,_T,Total,_Z,Not applicable,_Z,Not applicable,Q,Constant prices,2023,,6075.151,,2020,,,,,,,,,,0,Units,1,One
DATAFLOW,OECD.ELS.HD:DSD_SHA@DF_SHA(1.1),Health expenditure and financing,I,AUS,Australia,A,Annual,EXP_HEALTH,Expenditure,USD_PPP_PS,"US dollars per person, PPP converted",HF31,Out-of-pocket excluding cost-sharing,_Z,Not application,_T,Total,_T,Total,_T,Total,_Z,Not applicable,_Z,Not applicable,V,Current prices,2015,,570.984,,,,,,,,,,,,0,Units,1,One
DATAFLOW,OECD.ELS.HD:DSD_SHA@DF_SHA(1.1),Health expenditure and financing,I,AUS,Australia,A,Annual,EXP_HEALTH,Expenditure,USD_PPP_PS,"US dollars per person, PPP converted",HF31,Out-of-pocket excluding cost-sharing,_Z,Not application,_T,Total,_T,Total,_T,Total,_Z,Not applicable,_Z,Not applicable,V,Current prices,2016,,602.231,,,,,,,,,,,,0,Units,1,One
DATAFLOW,OECD.ELS.HD:DSD_SHA@DF_SHA(1.1),Health expenditure and financing,I,AUS,Australia,A,Annual,EXP_HEALTH,Expenditure,USD_PPP_PS,"US dollars per person, PPP converted",HF31,Out-of-pocket excluding cost-sharing,_Z,Not application,_T,Total,_T,Total,_T,Total,_Z,Not applicable,_Z,Not applicable,V,Current prices,2017,,587.754,,,,,,,,,,,,0,Units,1,One
DATAFLOW,OECD.ELS.HD:DSD_SHA@DF_SHA(1.1),Health expenditure and financing,I,AUS,Australia,A,Annual,EXP_HEALTH,Expenditure,USD_PPP_PS,"US dollars per person, PPP converted",HF31,Out-of-pocket excluding cost-sharing,_Z,Not application,_T,Total,_T,Total,_T,Total,_Z,Not applicable,_Z,Not applicable,V,Current prices,2018,,640.136,,,,,,,,,,,,0,Units,1,One
DATAFLOW,OECD.ELS.HD:DSD_SHA@DF_SHA(1.1),Health expenditure and financing,I,AUS,Australia,A,Annual,EXP_HEALTH,Expenditure,USD_PPP_PS,"US dollars per person, PPP converted",HF31,Out-of-pocket excluding cost-sharing,_Z,Not application,_T,Total,_T,Total,_T,Total,_Z,Not applicable,_Z,Not applicable,V,Current prices,2019,,607.511,,,,,,,,,,,,0,Units,1,One
DATAFLOW,OECD.ELS.HD:DSD_SHA@DF_SHA(1.1),Health expenditure and financing,I,AUS,Australia,A,Annual,EXP_HEALTH,Expenditure,USD_PPP_PS,"US dollars per person, PPP converted",HF31,Out-of-pocket excluding cost-sharing,_Z,Not application,_T,Total,_T,Total,_T,Total,_Z,Not applicable,_Z,Not applicable,V,Current prices,2020,,675.344,,,,,,,,,,,,0,Units,1,One
DATAFLOW,OECD.ELS.HD:DSD_SHA@DF_SHA(1.1),Health expenditure and financing,I,AUS,Australia,A,Annual,EXP_HEALTH,Expenditure,USD_PPP_PS,"US dollars per person, PPP converted",HF31,Out-of-pocket excluding cost-sharing,_Z,Not application,_T,Total,_T,Total,_T,Total,_Z,Not applicable,_Z,Not applicable,V,Current prices,2021,,732.073,,,,,,,,,,,,0,Units,1,One
DATAFLOW,OECD.ELS.HD:DSD_SHA@DF_SHA(1.1),Health expenditure and financing,I,AUS,Australia,A,Annual,EXP_HEALTH,Expenditure,USD_PPP_PS,"US dollars per person, PPP converted",HF31,Out-of-pocket excluding cost-sharing,_Z,Not application,_T,Total,_T,Total,_T,Total,_Z,Not applicable,_Z,Not applicable,V,Current prices,2022,,807.347,,,,,,,,,,,,0,Units,1,One
DATAFLOW,OECD.ELS.HD:DSD_SHA@DF_SHA(1.1),Health expenditure and financing,I,AUS,Australia,A,Annual,EXP_HEALTH,Expenditure,USD_PPP_PS,"US dollars per person, PPP converted",HF31,Out-of-pocket excluding cost-sharing,_Z,Not application,_T,Total,_T,Total,_T,Total,_Z,Not applicable,_Z,Not applicable,V,Current prices,2023,,849.11,,,,,,,,,,,,0,Units,1,One
DATAFLOW,OECD.ELS.HD:DSD_SHA@DF_SHA(1.1),Health expenditure and financing,I,AUS,Australia,A,Annual,EXP_HEALTH,Expenditure,USD_PPP_PS,"US dollars per person, PPP converted",HF122,Compulsory private insurance schemes,_Z,Not application,_T,Total,_T,Total,_T,Total,_Z,Not applicable,_Z,Not applicable,V,Current prices,2015,,45.966,,,,,,,,,,,,0,Units,1,One
DATAFLOW,OECD.ELS.HD:DSD_SHA@DF_SHA(1.1),Health expenditure and financing,I,AUS,Australia,A,Annual,EXP_HEALTH,Expenditure,USD_PPP_PS,"US dollars per person, PPP converted",HF122,Compulsory private insurance schemes,_Z,Not application,_T,Total,_T,Total,_T,Total,_Z,Not applicable,_Z,Not applicable,V,Current prices,2016,,49.874,,,,,,,,,,,,0,Units,1,One
DATAFLOW,OECD.ELS.HD:DSD_SHA@DF_SHA(1.1),Health expenditure and financing,I,AUS,Australia,A,Annual,EXP_HEALTH,Expenditure,USD_PPP_PS,"US dollars per person, PPP converted",HF122,Compulsory private insurance schemes,_Z,Not application,_T,Total,_T,Total,_T,Total,_Z,Not applicable,_Z,Not applicable,V,Current prices,2017,,46.854,,,,,,,,,,,,0,Units,1,One
DATAFLOW,OECD.ELS.HD:DSD_SHA@DF_SHA(1.1),Health expenditure and financing,I,AUS,Australia,A,Annual,EXP_HEALTH,Expenditure,USD_PPP_PS,"US dollars per person, PPP converted",HF122,Compulsory private insurance schemes,_Z,Not application,_T,Total,_T,Total,_T,Total,_Z,Not applicable,_Z,Not applicable,V,Current prices,2018,,56.54,,,,,,,,,,,,0,Units,1,One
DATAFLOW,OECD.ELS.HD:DSD_SHA@DF_SHA(1.1),Health expenditure and financing,I,AUS,Australia,A,Annual,EXP_HEALTH,Expenditure,USD_PPP_PS,"US dollars per person, PPP converted",HF122,Compulsory private insurance schemes,_Z,Not application,_T,Total,_T,Total,_T,Total,_Z,Not applicable,_Z,Not applicable,V,Current prices,2019,,60.042,,,,,,,,,,,,0,Units,1,One
DATAFLOW,OECD.ELS.HD:DSD_SHA@DF_SHA(1.1),Health expenditure and financing,I,AUS,Australia,A,Annual,EXP_HEALTH,Expenditure,USD_PPP_PS,"US dollars per person, PPP converted",HF122,Compulsory private insurance schemes,_Z,Not application,_T,Total,_T,Total,_T,Total,_Z,Not applicable,_Z,Not applicable,V,Current prices,2020,,62.35,,,,,,,,,,,,0,Units,1,One
DATAFLOW,OECD.ELS.HD:DSD_SHA@DF_SHA(1.1),Health expenditure and financing,I,AUS,Australia,A,Annual,EXP_HEALTH,Expenditure,USD_PPP_PS,"US dollars per person, PPP converted",HF122,Compulsory private insurance schemes,_Z,Not application,_T,Total,_T,Total,_T,Total,_Z,Not applicable,_Z,Not applicable,V,Current prices,2021,,66.695,,,,,,,,,,,,0,Units,1,One
DATAFLOW,OECD.ELS.HD:DSD_SHA@DF_SHA(1.1),Health expenditure and financing,I,AUS,Australia,A,Annual,EXP_HEALTH,Expenditure,USD_PPP_PS,"US dollars per person, PPP converted",HF122,Compulsory private insurance schemes,_Z,Not application,_T,Total,_T,Total,_T,Total,_Z,Not applicable,_Z,Not applicable,V,Current prices,2022,,73.212,,,,,,,,,,,,0,Units,1,One
DATAFLOW,OECD.ELS.HD:DSD_SHA@DF_SHA(1.1),Health expenditure and financing,I,AUS,Australia,A,Annual,EXP_HEALTH,Expenditure,USD_PPP_PS,"US dollars per person, PPP converted",HF122,Compulsory private insurance schemes,_Z,Not application,_T,Total,_T,Total,_T,Total,_Z,Not applicable,_Z,Not applicable,V,Current prices,2023,,83.755,,,,,,,,,,,,0,Units,1,One
DATAFLOW,OECD.ELS.HD:DSD_SHA@DF_SHA(1.1),Health expenditure and financing,I,AUS,Australia,A,Annual,EXP_HEALTH,Expenditure,USD_PPP_PS,"US dollars per person, PPP converted",HF12HF13,Compulsory contributory health insurance schemes,_Z,Not application,_T,Total,_T,Total,_T,Total,_Z,Not applicable,_Z,Not applicable,V,Current prices,2015,,45.966,,,,,,,,,,,,0,Units,1,One
DATAFLOW,OECD.ELS.HD:DSD_SHA@DF_SHA(1.1),Health expenditure and financing,I,AUS,Australia,A,Annual,EXP_HEALTH,Expenditure,USD_PPP_PS,"US dollars per person, PPP converted",HF12HF13,Compulsory contributory health insurance schemes,_Z,Not application,_T,Total,_T,Total,_T,Total,_Z,Not applicable,_Z,Not applicable,V,Current prices,2016,,49.874,,,,,,,,,,,,0,Units,1,One
DATAFLOW,OECD.ELS.HD:DSD_SHA@DF_SHA(1.1),Health expenditure and financing,I,AUS,Australia,A,Annual,EXP_HEALTH,Expenditure,USD_PPP_PS,"US dollars per person, PPP converted",HF12HF13,Compulsory contributory health insurance schemes,_Z,Not application,_T,Total,_T,Total,_T,Total,_Z,Not applicable,_Z,Not applicable,V,Current prices,2017,,46.854,,,,,,,,,,,,0,Units,1,One
DATAFLOW,OECD.ELS.HD:DSD_SHA@DF_SHA(1.1),Health expenditure and financing,I,AUS,Australia,A,Annual,EXP_HEALTH,Expenditure,USD_PPP_PS,"US dollars per person, PPP converted",HF12HF13,Compulsory contributory health insurance schemes,_Z,Not application,_T,Total,_T,Total,_T,Total,_Z,Not applicable,_Z,Not applicable,V,Current prices,2018,,56.54,,,,,,,,,,,,0,Units,1,One
DATAFLOW,OECD.ELS.HD:DSD_SHA@DF_SHA(1.1),Health expenditure and financing,I,AUS,Australia,A,Annual,EXP_HEALTH,Expenditure,USD_PPP_PS,"US dollars per person, PPP converted",HF12HF13,Compulsory contributory health insurance schemes,_Z,Not application,_T,Total,_T,Total,_T,Total,_Z,Not applicable,_Z,Not applicable,V,Current prices,2019,,60.042,,,,,,,,,,,,0,Units,1,One
DATAFLOW,OECD.ELS.HD:DSD_SHA@DF_SHA(1.1),Health expenditure and financing,I,AUS,Australia,A,Annual,EXP_HEALTH,Expenditure,USD_PPP_PS,"US dollars per person, PPP converted",HF12HF13,Compulsory contributory health insurance schemes,_Z,Not application,_T,Total,_T,Total,_T,Total,_Z,Not applicable,_Z,Not applicable,V,Current prices,2020,,62.35,,,,,,,,,,,,0,Units,1,One
DATAFLOW,OECD.ELS.HD:DSD_SHA@DF_SHA(1.1),Health expenditure and financing,I,AUS,Australia,A,Annual,EXP_HEALTH,Expenditure,USD_PPP_PS,"US dollars per person, PPP converted",HF12HF13,Compulsory contributory health insurance schemes,_Z,Not application,_T,Total,_T,Total,_T,Total,_Z,Not applicable,_Z,Not applicable,V,Current prices,2021,,66.695,,,,,,,,,,,,0,Units,1,One
DATAFLOW,OECD.ELS.HD:DSD_SHA@DF_SHA(1.1),Health expenditure and financing,I,AUS,Australia,A,Annual,EXP_HEALTH,Expenditure,USD_PPP_PS,"US dollars per person, PPP converted",HF12HF13,Compulsory contributory health insurance schemes,_Z,Not application,_T,Total,_T,Total,_T,Total,_Z,Not applicable,_Z,Not applicable,V,Current prices,2022,,73.212,,,,,,,,,,,,0,Units,1,One
DATAFLOW,OECD.ELS.HD:DSD_SHA@DF_SHA(1.1),Health expenditure and financing,I,AUS,Australia,A,Annual,EXP_HEALTH,Expenditure,USD_PPP_PS,"US dollars per person, PPP converted",HF12HF13,Compulsory contributory health insurance schemes,_Z,Not application,_T,Total,_T,Total,_T,Total,_Z,Not applicable,_Z,Not applicable,V,Current prices,2023,,83.755,,,,,,,,,,,,0,Units,1,One
DATAFLOW,OECD.ELS.HD:DSD_SHA@DF_SHA(1.1),Health expenditure and financing,I,AUS,Australia,A,Annual,EXP_HEALTH,Expenditure,USD_PPP_PS,"US dollars per person, PPP converted",HF22,NPISH financing schemes,_Z,Not application,_T,Total,_T,Total,_T,Total,_Z,Not applicable,_Z,Not applicable,V,Current prices,2015,,40.095,,,,,,,,,,,,0,Units,1,One
DATAFLOW,OECD.ELS.HD:DSD_SHA@DF_SHA(1.1),Health expenditure and financing,I,AUS,Australia,A,Annual,EXP_HEALTH,Expenditure,USD_PPP_PS,"US dollars per person, PPP converted",HF22,NPISH financing schemes,_Z,Not application,_T,Total,_T,Total,_T,Total,_Z,Not applicable,_Z,Not applicable,V,Current prices,2016,,46.293,,,,,,,,,,,,0,Units,1,One
DATAFLOW,OECD.ELS.HD:DSD_SHA@DF_SHA(1.1),Health expenditure and financing,I,AUS,Australia,A,Annual,EXP_HEALTH,Expenditure,USD_PPP_PS,"US dollars per person, PPP converted",HF22,NPISH financing schemes,_Z,Not application,_T,Total,_T,Total,_T,Total,_Z,Not applicable,_Z,Not applicable,V,Current prices,2017,,60.998,,,,,,,,,,,,0,Units,1,One
DATAFLOW,OECD.ELS.HD:DSD_SHA@DF_SHA(1.1),Health expenditure and financing,I,AUS,Australia,A,Annual,EXP_HEALTH,Expenditure,USD_PPP_PS,"US dollars per person, PPP converted",HF22,NPISH financing schemes,_Z,Not application,_T,Total,_T,Total,_T,Total,_Z,Not applicable,_Z,Not applicable,V,Current prices,2018,,65.405,,,,,,,,,,,,0,Units,1,One
DATAFLOW,OECD.ELS.HD:DSD_SHA@DF_SHA(1.1),Health expenditure and financing,I,AUS,Australia,A,Annual,EXP_HEALTH,Expenditure,USD_PPP_PS,"US dollars per person, PPP converted",HF22,NPISH financing schemes,_Z,Not application,_T,Total,_T,Total,_T,Total,_Z,Not applicable,_Z,Not applicable,V,Current prices,2019,,58.537,,,,,,,,,,,,0,Units,1,One
DATAFLOW,OECD.ELS.HD:DSD_SHA@DF_SHA(1.1),Health expenditure and financing,I,AUS,Australia,A,Annual,EXP_HEALTH,Expenditure,USD_PPP_PS,"US dollars per person, PPP converted",HF22,NPISH financing schemes,_Z,Not application,_T,Total,_T,Total,_T,Total,_Z,Not applicable,_Z,Not applicable,V,Current prices,2020,,72.115,,,,,,,,,,,,0,Units,1,One
DATAFLOW,OECD.ELS.HD:DSD_SHA@DF_SHA(1.1),Health expenditure and financing,I,AUS,Australia,A,Annual,EXP_HEALTH,Expenditure,USD_PPP_PS,"US dollars per person, PPP converted",HF22,NPISH financing schemes,_Z,Not application,_T,Total,_T,Total,_T,Total,_Z,Not applicable,_Z,Not applicable,V,Current prices,2021,,67.679,,,,,,,,,,,,0,Units,1,One
DATAFLOW,OECD.ELS.HD:DSD_SHA@DF_SHA(1.1),Health expenditure and financing,I,AUS,Australia,A,Annual,EXP_HEALTH,Expenditure,USD_PPP_PS,"US dollars per person, PPP converted",HF22,NPISH financing schemes,_Z,Not application,_T,Total,_T,Total,_T,Total,_Z,Not applicable,_Z,Not applicable,V,Current prices,2022,,73.202,,,,,,,,,,,,0,Units,1,One
DATAFLOW,OECD.ELS.HD:DSD_SHA@DF_SHA(1.1),Health expenditure and financing,I,AUS,Australia,A,Annual,EXP_HEALTH,Expenditure,USD_PPP_PS,"US dollars per person, PPP converted",HF22,NPISH financing schemes,_Z,Not application,_T,Total,_T,Total,_T,Total,_Z,Not applicable,_Z,Not applicable,V,Current prices,2023,,71.943,,,,,,,,,,,,0,Units,1,One
DATAFLOW,OECD.ELS.HD:DSD_SHA@DF_SHA(1.1),Health expenditure and financing,I,AUS,Australia,A,Annual,EXP_HEALTH,Expenditure,USD_PPP_PS,"US dollars per person, PPP converted",HF21,Voluntary health insurance schemes,_Z,Not application,_T,Total,_T,Total,_T,Total,_Z,Not applicable,_Z,Not applicable,V,Current prices,2015,,583.816,,,,,,,,,,,,0,Units,1,One
DATAFLOW,OECD.ELS.HD:DSD_SHA@DF_SHA(1.1),Health expenditure and financing,I,AUS,Australia,A,Annual,EXP_HEALTH,Expenditure,USD_PPP_PS,"US dollars per person, PPP converted",HF21,Voluntary health insurance schemes,_Z,Not application,_T,Total,_T,Total,_T,Total,_Z,Not applicable,_Z,Not applicable,V,Current prices,2016,,616.177,,,,,,,,,,,,0,Units,1,One
DATAFLOW,OECD.ELS.HD:DSD_SHA@DF_SHA(1.1),Health expenditure and financing,I,AUS,Australia,A,Annual,EXP_HEALTH,Expenditure,USD_PPP_PS,"US dollars per person, PPP converted",HF21,Voluntary health insurance schemes,_Z,Not application,_T,Total,_T,Total,_T,Total,_Z,Not applicable,_Z,Not applicable,V,Current prices,2017,,612.124,,,,,,,,,,,,0,Units,1,One
DATAFLOW,OECD.ELS.HD:DSD_SHA@DF_SHA(1.1),Health expenditure and financing,I,AUS,Australia,A,Annual,EXP_HEALTH,Expenditure,USD_PPP_PS,"US dollars per person, PPP converted",HF21,Voluntary health insurance schemes,_Z,Not application,_T,Total,_T,Total,_T,Total,_Z,Not applicable,_Z,Not applicable,V,Current prices,2018,,613.833,,,,,,,,,,,,0,Units,1,One
DATAFLOW,OECD.ELS.HD:DSD_SHA@DF_SHA(1.1),Health expenditure and financing,I,AUS,Australia,A,Annual,EXP_HEALTH,Expenditure,USD_PPP_PS,"US dollars per person, PPP converted",HF21,Voluntary health insurance schemes,_Z,Not application,_T,Total,_T,Total,_T,Total,_Z,Not applicable,_Z,Not applicable,V,Current prices,2019,,587.943,,,,,,,,,,,,0,Units,1,One
DATAFLOW,OECD.ELS.HD:DSD_SHA@DF_SHA(1.1),Health expenditure and financing,I,AUS,Australia,A,Annual,EXP_HEALTH,Expenditure,USD_PPP_PS,"US dollars per person, PPP converted",HF21,Voluntary health insurance schemes,_Z,Not application,_T,Total,_T,Total,_T,Total,_Z,Not applicable,_Z,Not applicable,V,Current prices,2020,,632.664,,,,,,,,,,,,0,Units,1,One
DATAFLOW,OECD.ELS.HD:DSD_SHA@DF_SHA(1.1),Health expenditure and financing,I,AUS,Australia,A,Annual,EXP_HEALTH,Expenditure,USD_PPP_PS,"US dollars per person, PPP converted",HF21,Voluntary health insurance schemes,_Z,Not application,_T,Total,_T,Total,_T,Total,_Z,Not applicable,_Z,Not applicable,V,Current prices,2021,,634.605,,,,,,,,,,,,0,Units,1,One
DATAFLOW,OECD.ELS.HD:DSD_SHA@DF_SHA(1.1),Health expenditure and financing,I,AUS,Australia,A,Annual,EXP_HEALTH,Expenditure,USD_PPP_PS,"US dollars per person, PPP converted",HF21,Voluntary health insurance schemes,_Z,Not application,_T,Total,_T,Total,_T,Total,_Z,Not applicable,_Z,Not applicable,V,Current prices,2022,,703.071,,,,,,,,,,,,0,Units,1,One
DATAFLOW,OECD.ELS.HD:DSD_SHA@DF_SHA(1.1),Health expenditure and financing,I,AUS,Australia,A,Annual,EXP_HEALTH,Expenditure,USD_PPP_PS,"US dollars per person, PPP converted",HF21,Voluntary health insurance schemes,_Z,Not application,_T,Total,_T,Total,_T,Total,_Z,Not applicable,_Z,Not applicable,V,Current prices,2023,,761.099,,,,,,,,,,,,0,Units,1,One
DATAFLOW,OECD.ELS.HD:DSD_SHA@DF_SHA(1.1),Health expenditure and financing,I,AUS,Australia,A,Annual,EXP_HEALTH,Expenditure,USD_PPP_PS,"US dollars per person, PPP converted",HF23,Enterprise financing schemes,_Z,Not application,_T,Total,_T,Total,_T,Total,_Z,Not applicable,_Z,Not applicable,V,Current prices,2015,,54.841,,,,,,,,,,,,0,Units,1,One
DATAFLOW,OECD.ELS.HD:DSD_SHA@DF_SHA(1.1),Health expenditure and financing,I,AUS,Australia,A,Annual,EXP_HEALTH,Expenditure,USD_PPP_PS,"US dollars per person, PPP converted",HF23,Enterprise financing schemes,_Z,Not application,_T,Total,_T,Total,_T,Total,_Z,Not applicable,_Z,Not applicable,V,Current prices,2016,,55.745,,,,,,,,,,,,0,Units,1,One
DATAFLOW,OECD.ELS.HD:DSD_SHA@DF_SHA(1.1),Health expenditure and financing,I,AUS,Australia,A,Annual,EXP_HEALTH,Expenditure,USD_PPP_PS,"US dollars per person, PPP converted",HF23,Enterprise financing schemes,_Z,Not application,_T,Total,_T,Total,_T,Total,_Z,Not applicable,_Z,Not applicable,V,Current prices,2017,,56.104,,,,,,,,,,,,0,Units,1,One
DATAFLOW,OECD.ELS.HD:DSD_SHA@DF_SHA(1.1),Health expenditure and financing,I,AUS,Australia,A,Annual,EXP_HEALTH,Expenditure,USD_PPP_PS,"US dollars per person, PPP converted",HF23,Enterprise financing schemes,_Z,Not application,_T,Total,_T,Total,_T,Total,_Z,Not applicable,_Z,Not applicable,V,Current prices,2018,,58.991,,,,,,,,,,,,0,Units,1,One
DATAFLOW,OECD.ELS.HD:DSD_SHA@DF_SHA(1.1),Health expenditure and financing,I,AUS,Australia,A,Annual,EXP_HEALTH,Expenditure,USD_PPP_PS,"US dollars per person, PPP converted",HF23,Enterprise financing schemes,_Z,Not application,_T,Total,_T,Total,_T,Total,_Z,Not applicable,_Z,Not applicable,V,Current prices,2019,,53.558,,,,,,,,,,,,0,Units,1,One
DATAFLOW,OECD.ELS.HD:DSD_SHA@DF_SHA(1.1),Health expenditure and financing,I,AUS,Australia,A,Annual,EXP_HEALTH,Expenditure,USD_PPP_PS,"US dollars per person, PPP converted",HF23,Enterprise financing schemes,_Z,Not application,_T,Total,_T,Total,_T,Total,_Z,Not applicable,_Z,Not applicable,V,Current prices,2020,,58.506,,,,,,,,,,,,0,Units,1,One
DATAFLOW,OECD.ELS.HD:DSD_SHA@DF_SHA(1.1),Health expenditure and financing,I,AUS,Australia,A,Annual,EXP_HEALTH,Expenditure,USD_PPP_PS,"US dollars per person, PPP converted",HF23,Enterprise financing schemes,_Z,Not application,_T,Total,_T,Total,_T,Total,_Z,Not applicable,_Z,Not applicable,V,Current prices,2021,,56.496,,,,,,,,,,,,0,Units,1,One
DATAFLOW,OECD.ELS.HD:DSD_SHA@DF_SHA(1.1),Health expenditure and financing,I,AUS,Australia,A,Annual,EXP_HEALTH,Expenditure,USD_PPP_PS,"US dollars per person, PPP converted",HF23,Enterprise financing schemes,_Z,Not application,_T,Total,_T,Total,_T,Total,_Z,Not applicable,_Z,Not applicable,V,Current prices,2022,,58.365,,,,,,,,,,,,0,Units,1,One
DATAFLOW,OECD.ELS.HD:DSD_SHA@DF_SHA(1.1),Health expenditure and financing,I,AUS,Australia,A,Annual,EXP_HEALTH,Expenditure,USD_PPP_PS,"US dollars per person, PPP converted",HF23,Enterprise financing schemes,_Z,Not application,_T,Total,_T,Total,_T,Total,_Z,Not applicable,_Z,Not applicable,V,Current prices,2023,,64.901,,,,,,,,,,,,0,Units,1,One
DATAFLOW,OECD.ELS.HD:DSD_SHA@DF_SHA(1.1),Health expenditure and financing,I,AUS,Australia,A,Annual,EXP_HEALTH,Expenditure,USD_PPP_PS,"US dollars per person, PPP converted",HF32,Cost-sharing with third-party payers,_Z,Not application,_T,Total,_T,Total,_T,Total,_Z,Not applicable,_Z,Not applicable,V,Current prices,2015,,233.519,,,,,,,,,,,,0,Units,1,One
DATAFLOW,OECD.ELS.HD:DSD_SHA@DF_SHA(1.1),Health expenditure and financing,I,AUS,Australia,A,Annual,EXP_HEALTH,Expenditure,USD_PPP_PS,"US dollars per person, PPP converted",HF32,Cost-sharing with third-party payers,_Z,Not application,_T,Total,_T,Total,_T,Total,_Z,Not applicable,_Z,Not applicable,V,Current prices,2016,,239.962,,,,,,,,,,,,0,Units,1,One
DATAFLOW,OECD.ELS.HD:DSD_SHA@DF_SHA(1.1),Health expenditure and financing,I,AUS,Australia,A,Annual,EXP_HEALTH,Expenditure,USD_PPP_PS,"US dollars per person, PPP converted",HF32,Cost-sharing with third-party payers,_Z,Not application,_T,Total,_T,Total,_T,Total,_Z,Not applicable,_Z,Not applicable,V,Current prices,2017,,249.845,,,,,,,,,,,,0,Units,1,One
DATAFLOW,OECD.ELS.HD:DSD_SHA@DF_SHA(1.1),Health expenditure and financing,I,AUS,Australia,A,Annual,EXP_HEALTH,Expenditure,USD_PPP_PS,"US dollars per person, PPP converted",HF32,Cost-sharing with third-party payers,_Z,Not application,_T,Total,_T,Total,_T,Total,_Z,Not applicable,_Z,Not applicable,V,Current prices,2018,,235.88,,,,,,,,,,,,0,Units,1,One
DATAFLOW,OECD.ELS.HD:DSD_SHA@DF_SHA(1.1),Health expenditure and financing,I,AUS,Australia,A,Annual,EXP_HEALTH,Expenditure,USD_PPP_PS,"US dollars per person, PPP converted",HF32,Cost-sharing with third-party payers,_Z,Not application,_T,Total,_T,Total,_T,Total,_Z,Not applicable,_Z,Not applicable,V,Current prices,2019,,205.236,,,,,,,,,,,,0,Units,1,One
DATAFLOW,OECD.ELS.HD:DSD_SHA@DF_SHA(1.1),Health expenditure and financing,I,AUS,Australia,A,Annual,EXP_HEALTH,Expenditure,USD_PPP_PS,"US dollars per person, PPP converted",HF32,Cost-sharing with third-party payers,_Z,Not application,_T,Total,_T,Total,_T,Total,_Z,Not applicable,_Z,Not applicable,V,Current prices,2020,,247.317,,,,,,,,,,,,0,Units,1,One
DATAFLOW,OECD.ELS.HD:DSD_SHA@DF_SHA(1.1),Health expenditure and financing,I,AUS,Australia,A,Annual,EXP_HEALTH,Expenditure,USD_PPP_PS,"US dollars per person, PPP converted",HF32,Cost-sharing with third-party payers,_Z,Not application,_T,Total,_T,Total,_T,Total,_Z,Not applicable,_Z,Not applicable,V,Current prices,2021,,261.092,,,,,,,,,,,,0,Units,1,One
DATAFLOW,OECD.ELS.HD:DSD_SHA@DF_SHA(1.1),Health expenditure and financing,I,AUS,Australia,A,Annual,EXP_HEALTH,Expenditure,USD_PPP_PS,"US dollars per person, PPP converted",HF32,Cost-sharing with third-party payers,_Z,Not application,_T,Total,_T,Total,_T,Total,_Z,Not applicable,_Z,Not applicable,V,Current prices,2022,,305.696,,,,,,,,,,,,0,Units,1,One
DATAFLOW,OECD.ELS.HD:DSD_SHA@DF_SHA(1.1),Health expenditure and financing,I,AUS,Australia,A,Annual,EXP_HEALTH,Expenditure,USD_PPP_PS,"US dollars per person, PPP converted",HF32,Cost-sharing with third-party payers,_Z,Not application,_T,Total,_T,Total,_T,Total,_Z,Not applicable,_Z,Not applicable,V,Current prices,2023,,340.008,,,,,,,,,,,,0,Units,1,One
DATAFLOW,OECD.ELS.HD:DSD_SHA@DF_SHA(1.1),Health expenditure and financing,I,AUS,Australia,A,Annual,EXP_HEALTH,Expenditure,USD_PPP_PS,"US dollars per person, PPP converted",HF2,Voluntary healthcare payment schemes,_Z,Not application,_T,Total,_T,Total,_T,Total,_Z,Not applicable,_Z,Not applicable,V,Current prices,2015,,678.752,,,,,,,,,,,,0,Units,1,One
DATAFLOW,OECD.ELS.HD:DSD_SHA@DF_SHA(1.1),Health expenditure and financing,I,AUS,Australia,A,Annual,EXP_HEALTH,Expenditure,USD_PPP_PS,"US dollars per person, PPP converted",HF2,Voluntary healthcare payment schemes,_Z,Not application,_T,Total,_T,Total,_T,Total,_Z,Not applicable,_Z,Not applicable,V,Current prices,2016,,718.215,,,,,,,,,,,,0,Units,1,One
DATAFLOW,OECD.ELS.HD:DSD_SHA@DF_SHA(1.1),Health expenditure and financing,I,AUS,Australia,A,Annual,EXP_HEALTH,Expenditure,USD_PPP_PS,"US dollars per person, PPP converted",HF2,Voluntary healthcare payment schemes,_Z,Not application,_T,Total,_T,Total,_T,Total,_Z,Not applicable,_Z,Not applicable,V,Current prices,2017,,729.226,,,,,,,,,,,,0,Units,1,One
DATAFLOW,OECD.ELS.HD:DSD_SHA@DF_SHA(1.1),Health expenditure and financing,I,AUS,Australia,A,Annual,EXP_HEALTH,Expenditure,USD_PPP_PS,"US dollars per person, PPP converted",HF2,Voluntary healthcare payment schemes,_Z,Not application,_T,Total,_T,Total,_T,Total,_Z,Not applicable,_Z,Not applicable,V,Current prices,2018,,738.229,,,,,,,,,,,,0,Units,1,One
DATAFLOW,OECD.ELS.HD:DSD_SHA@DF_SHA(1.1),Health expenditure and financing,I,AUS,Australia,A,Annual,EXP_HEALTH,Expenditure,USD_PPP_PS,"US dollars per person, PPP converted",HF2,Voluntary healthcare payment schemes,_Z,Not application,_T,Total,_T,Total,_T,Total,_Z,Not applicable,_Z,Not applicable,V,Current prices,2019,,700.038,,,,,,,,,,,,0,Units,1,One
DATAFLOW,OECD.ELS.HD:DSD_SHA@DF_SHA(1.1),Health expenditure and financing,I,AUS,Australia,A,Annual,EXP_HEALTH,Expenditure,USD_PPP_PS,"US dollars per person, PPP converted",HF2,Voluntary healthcare payment schemes,_Z,Not application,_T,Total,_T,Total,_T,Total,_Z,Not applicable,_Z,Not applicable,V,Current prices,2020,,763.285,,,,,,,,,,,,0,Units,1,One
DATAFLOW,OECD.ELS.HD:DSD_SHA@DF_SHA(1.1),Health expenditure and financing,I,AUS,Australia,A,Annual,EXP_HEALTH,Expenditure,USD_PPP_PS,"US dollars per person, PPP converted",HF2,Voluntary healthcare payment schemes,_Z,Not application,_T,Total,_T,Total,_T,Total,_Z,Not applicable,_Z,Not applicable,V,Current prices,2021,,758.78,,,,,,,,,,,,0,Units,1,One
DATAFLOW,OECD.ELS.HD:DSD_SHA@DF_SHA(1.1),Health expenditure and financing,I,AUS,Australia,A,Annual,EXP_HEALTH,Expenditure,USD_PPP_PS,"US dollars per person, PPP converted",HF2,Voluntary healthcare payment schemes,_Z,Not application,_T,Total,_T,Total,_T,Total,_Z,Not applicable,_Z,Not applicable,V,Current prices,2022,,834.639,,,,,,,,,,,,0,Units,1,One
DATAFLOW,OECD.ELS.HD:DSD_SHA@DF_SHA(1.1),Health expenditure and financing,I,AUS,Australia,A,Annual,EXP_HEALTH,Expenditure,USD_PPP_PS,"US dollars per person, PPP converted",HF2,Voluntary healthcare payment schemes,_Z,Not application,_T,Total,_T,Total,_T,Total,_Z,Not applicable,_Z,Not applicable,V,Current prices,2023,,897.943,,,,,,,,,,,,0,Units,1,One
DATAFLOW,OECD.ELS.HD:DSD_SHA@DF_SHA(1.1),Health expenditure and financing,I,AUS,Australia,A,Annual,EXP_HEALTH,Expenditure,USD_PPP_PS,"US dollars per person, PPP converted",HF3,Household out-of-pocket payments,_Z,Not application,_T,Total,_T,Total,_T,Total,_Z,Not applicable,_Z,Not applicable,V,Current prices,2015,,804.503,,,,,,,,,,,,0,Units,1,One
DATAFLOW,OECD.ELS.HD:DSD_SHA@DF_SHA(1.1),Health expenditure and financing,I,AUS,Australia,A,Annual,EXP_HEALTH,Expenditure,USD_PPP_PS,"US dollars per person, PPP converted",HF3,Household out-of-pocket payments,_Z,Not application,_T,Total,_T,Total,_T,Total,_Z,Not applicable,_Z,Not applicable,V,Current prices,2016,,842.193,,,,,,,,,,,,0,Units,1,One
DATAFLOW,OECD.ELS.HD:DSD_SHA@DF_SHA(1.1),Health expenditure and financing,I,AUS,Australia,A,Annual,EXP_HEALTH,Expenditure,USD_PPP_PS,"US dollars per person, PPP converted",HF3,Household out-of-pocket payments,_Z,Not application,_T,Total,_T,Total,_T,Total,_Z,Not applicable,_Z,Not applicable,V,Current prices,2017,,837.599,,,,,,,,,,,,0,Units,1,One
DATAFLOW,OECD.ELS.HD:DSD_SHA@DF_SHA(1.1),Health expenditure and financing,I,AUS,Australia,A,Annual,EXP_HEALTH,Expenditure,USD_PPP_PS,"US dollars per person, PPP converted",HF3,Household out-of-pocket payments,_Z,Not application,_T,Total,_T,Total,_T,Total,_Z,Not applicable,_Z,Not applicable,V,Current prices,2018,,876.016,,,,,,,,,,,,0,Units,1,One
DATAFLOW,OECD.ELS.HD:DSD_SHA@DF_SHA(1.1),Health expenditure and financing,I,AUS,Australia,A,Annual,EXP_HEALTH,Expenditure,USD_PPP_PS,"US dollars per person, PPP converted",HF3,Household out-of-pocket payments,_Z,Not application,_T,Total,_T,Total,_T,Total,_Z,Not applicable,_Z,Not applicable,V,Current prices,2019,,812.747,,,,,,,,,,,,0,Units,1,One
DATAFLOW,OECD.ELS.HD:DSD_SHA@DF_SHA(1.1),Health expenditure and financing,I,AUS,Australia,A,Annual,EXP_HEALTH,Expenditure,USD_PPP_PS,"US dollars per person, PPP converted",HF3,Household out-of-pocket payments,_Z,Not application,_T,Total,_T,Total,_T,Total,_Z,Not applicable,_Z,Not applicable,V,Current prices,2020,,922.661,,,,,,,,,,,,0,Units,1,One
DATAFLOW,OECD.ELS.HD:DSD_SHA@DF_SHA(1.1),Health expenditure and financing,I,AUS,Australia,A,Annual,EXP_HEALTH,Expenditure,USD_PPP_PS,"US dollars per person, PPP converted",HF3,Household out-of-pocket payments,_Z,Not application,_T,Total,_T,Total,_T,Total,_Z,Not applicable,_Z,Not applicable,V,Current prices,2021,,993.166,,,,,,,,,,,,0,Units,1,One
DATAFLOW,OECD.ELS.HD:DSD_SHA@DF_SHA(1.1),Health expenditure and financing,I,AUS,Australia,A,Annual,EXP_HEALTH,Expenditure,USD_PPP_PS,"US dollars per person, PPP converted",HF3,Household out-of-pocket payments,_Z,Not application,_T,Total,_T,Total,_T,Total,_Z,Not applicable,_Z,Not applicable,V,Current prices,2022,,1113.044,,,,,,,,,,,,0,Units,1,One
DATAFLOW,OECD.ELS.HD:DSD_SHA@DF_SHA(1.1),Health expenditure and financing,I,AUS,Australia,A,Annual,EXP_HEALTH,Expenditure,USD_PPP_PS,"US dollars per person, PPP converted",HF3,Household out-of-pocket payments,_Z,Not application,_T,Total,_T,Total,_T,Total,_Z,Not applicable,_Z,Not applicable,V,Current prices,2023,,1189.118,,,,,,,,,,,,0,Units,1,One
DATAFLOW,OECD.ELS.HD:DSD_SHA@DF_SHA(1.1),Health expenditure and financing,I,AUS,Australia,A,Annual,EXP_HEALTH,Expenditure,USD_PPP_PS,"US dollars per person, PPP converted",HF2HF3,Voluntary schemes/household out-of-pocket payments,_Z,Not application,_T,Total,_T,Total,_T,Total,_Z,Not applicable,_Z,Not applicable,V,Current prices,2015,,1483.254,,,,,,,,,,,,0,Units,1,One
DATAFLOW,OECD.ELS.HD:DSD_SHA@DF_SHA(1.1),Health expenditure and financing,I,AUS,Australia,A,Annual,EXP_HEALTH,Expenditure,USD_PPP_PS,"US dollars per person, PPP converted",HF2HF3,Voluntary schemes/household out-of-pocket payments,_Z,Not application,_T,Total,_T,Total,_T,Total,_Z,Not applicable,_Z,Not applicable,V,Current prices,2016,,1560.408,,,,,,,,,,,,0,Units,1,One
DATAFLOW,OECD.ELS.HD:DSD_SHA@DF_SHA(1.1),Health expenditure and financing,I,AUS,Australia,A,Annual,EXP_HEALTH,Expenditure,USD_PPP_PS,"US dollars per person, PPP converted",HF2HF3,Voluntary schemes/household out-of-pocket payments,_Z,Not application,_T,Total,_T,Total,_T,Total,_Z,Not applicable,_Z,Not applicable,V,Current prices,2017,,1566.825,,,,,,,,,,,,0,Units,1,One
DATAFLOW,OECD.ELS.HD:DSD_SHA@DF_SHA(1.1),Health expenditure and financing,I,AUS,Australia,A,Annual,EXP_HEALTH,Expenditure,USD_PPP_PS,"US dollars per person, PPP converted",HF2HF3,Voluntary schemes/household out-of-pocket payments,_Z,Not application,_T,Total,_T,Total,_T,Total,_Z,Not applicable,_Z,Not applicable,V,Current prices,2018,,1614.245,,,,,,,,,,,,0,Units,1,One
DATAFLOW,OECD.ELS.HD:DSD_SHA@DF_SHA(1.1),Health expenditure and financing,I,AUS,Australia,A,Annual,EXP_HEALTH,Expenditure,USD_PPP_PS,"US dollars per person, PPP converted",HF2HF3,Voluntary schemes/household out-of-pocket payments,_Z,Not application,_T,Total,_T,Total,_T,Total,_Z,Not applicable,_Z,Not applicable,V,Current prices,2019,,1512.786,,,,,,,,,,,,0,Units,1,One
DATAFLOW,OECD.ELS.HD:DSD_SHA@DF_SHA(1.1),Health expenditure and financing,I,AUS,Australia,A,Annual,EXP_HEALTH,Expenditure,USD_PPP_PS,"US dollars per person, PPP converted",HF2HF3,Voluntary schemes/household out-of-pocket payments,_Z,Not application,_T,Total,_T,Total,_T,Total,_Z,Not applicable,_Z,Not applicable,V,Current prices,2020,,1685.946,,,,,,,,,,,,0,Units,1,One
DATAFLOW,OECD.ELS.HD:DSD_SHA@DF_SHA(1.1),Health expenditure and financing,I,AUS,Australia,A,Annual,EXP_HEALTH,Expenditure,USD_PPP_PS,"US dollars per person, PPP converted",HF2HF3,Voluntary schemes/household out-of-pocket payments,_Z,Not application,_T,Total,_T,Total,_T,Total,_Z,Not applicable,_Z,Not applicable,V,Current prices,2021,,1751.946,,,,,,,,,,,,0,Units,1,One
DATAFLOW,OECD.ELS.HD:DSD_SHA@DF_SHA(1.1),Health expenditure and financing,I,AUS,Australia,A,Annual,EXP_HEALTH,Expenditure,USD_PPP_PS,"US dollars per person, PPP converted",HF2HF3,Voluntary schemes/household out-of-pocket payments,_Z,Not application,_T,Total,_T,Total,_T,Total,_Z,Not applicable,_Z,Not applicable,V,Current prices,2022,,1947.682,,,,,,,,,,,,0,Units,1,One
DATAFLOW,OECD.ELS.HD:DSD_SHA@DF_SHA(1.1),Health expenditure and financing,I,AUS,Australia,A,Annual,EXP_HEALTH,Expenditure,USD_PPP_PS,"US dollars per person, PPP converted",HF2HF3,Voluntary schemes/household out-of-pocket payments,_Z,Not application,_T,Total,_T,Total,_T,Total,_Z,Not applicable,_Z,Not applicable,V,Current prices,2023,,2087.061,,,,,,,,,,,,0,Units,1,One
DATAFLOW,OECD.ELS.HD:DSD_SHA@DF_SHA(1.1),Health expenditure and financing,I,AUS,Australia,A,Annual,EXP_HEALTH,Expenditure,USD_PPP_PS,"US dollars per person, PPP converted",HF11,Government schemes,_Z,Not application,_T,Total,_T,Total,_T,Total,_Z,Not applicable,_Z,Not applicable,V,Current prices,2015,,3226.516,,,,,,,,,,,,0,Units,1,One
DATAFLOW,OECD.ELS.HD:DSD_SHA@DF_SHA(1.1),Health expenditure and financing,I,AUS,Australia,A,Annual,EXP_HEALTH,Expenditure,USD_PPP_PS,"US dollars per person, PPP converted",HF11,Government schemes,_Z,Not application,_T,Total,_T,Total,_T,Total,_Z,Not applicable,_Z,Not applicable,V,Current prices,2016,,3427.13,,,,,,,,,,,,0,Units,1,One
DATAFLOW,OECD.ELS.HD:DSD_SHA@DF_SHA(1.1),Health expenditure and financing,I,AUS,Australia,A,Annual,EXP_HEALTH,Expenditure,USD_PPP_PS,"US dollars per person, PPP converted",HF11,Government schemes,_Z,Not application,_T,Total,_T,Total,_T,Total,_Z,Not applicable,_Z,Not applicable,V,Current prices,2017,,3463.772,,,,,,,,,,,,0,Units,1,One
DATAFLOW,OECD.ELS.HD:DSD_SHA@DF_SHA(1.1),Health expenditure and financing,I,AUS,Australia,A,Annual,EXP_HEALTH,Expenditure,USD_PPP_PS,"US dollars per person, PPP converted",HF11,Government schemes,_Z,Not application,_T,Total,_T,Total,_T,Total,_Z,Not applicable,_Z,Not applicable,V,Current prices,2018,,3555.332,,,,,,,,,,,,0,Units,1,One
DATAFLOW,OECD.ELS.HD:DSD_SHA@DF_SHA(1.1),Health expenditure and financing,I,AUS,Australia,A,Annual,EXP_HEALTH,Expenditure,USD_PPP_PS,"US dollars per person, PPP converted",HF11,Government schemes,_Z,Not application,_T,Total,_T,Total,_T,Total,_Z,Not applicable,_Z,Not applicable,V,Current prices,2019,,3708.081,,,,,,,,,,,,0,Units,1,One
DATAFLOW,OECD.ELS.HD:DSD_SHA@DF_SHA(1.1),Health expenditure and financing,I,AUS,Australia,A,Annual,EXP_HEALTH,Expenditure,USD_PPP_PS,"US dollars per person, PPP converted",HF11,Government schemes,_Z,Not application,_T,Total,_T,Total,_T,Total,_Z,Not applicable,_Z,Not applicable,V,Current prices,2020,,4106.885,,,,,,,,,,,,0,Units,1,One
DATAFLOW,OECD.ELS.HD:DSD_SHA@DF_SHA(1.1),Health expenditure and financing,I,AUS,Australia,A,Annual,EXP_HEALTH,Expenditure,USD_PPP_PS,"US dollars per person, PPP converted",HF11,Government schemes,_Z,Not application,_T,Total,_T,Total,_T,Total,_Z,Not applicable,_Z,Not applicable,V,Current prices,2021,,4773.618,,,,,,,,,,,,0,Units,1,One
DATAFLOW,OECD.ELS.HD:DSD_SHA@DF_SHA(1.1),Health expenditure and financing,I,AUS,Australia,A,Annual,EXP_HEALTH,Expenditure,USD_PPP_PS,"US dollars per person, PPP converted",HF11,Government schemes,_Z,Not application,_T,Total,_T,Total,_T,Total,_Z,Not applicable,_Z,Not applicable,V,Current prices,2022,,4961.398,,,,,,,,,,,,0,Units,1,One
DATAFLOW,OECD.ELS.HD:DSD_SHA@DF_SHA(1.1),Health expenditure and financing,I,AUS,Australia,A,Annual,EXP_HEALTH,Expenditure,USD_PPP_PS,"US dollars per person, PPP converted",HF11,Government schemes,_Z,Not application,_T,Total,_T,Total,_T,Total,_Z,Not applicable,_Z,Not applicable,V,Current prices,2023,,5403.258,,,,,,,,,,,,0,Units,1,One
DATAFLOW,OECD.ELS.HD:DSD_SHA@DF_SHA(1.1),Health expenditure and financing,I,AUS,Australia,A,Annual,EXP_HEALTH,Expenditure,USD_PPP_PS,"US dollars per person, PPP converted",HF1,Government/compulsory schemes,_Z,Not application,_T,Total,_T,Total,_T,Total,_Z,Not applicable,_Z,Not applicable,V,Current prices,2015,,3272.482,,,,,,,,,,,,0,Units,1,One
DATAFLOW,OECD.ELS.HD:DSD_SHA@DF_SHA(1.1),Health expenditure and financing,I,AUS,Australia,A,Annual,EXP_HEALTH,Expenditure,USD_PPP_PS,"US dollars per person, PPP converted",HF1,Government/compulsory schemes,_Z,Not application,_T,Total,_T,Total,_T,Total,_Z,Not applicable,_Z,Not applicable,V,Current prices,2016,,3477.004,,,,,,,,,,,,0,Units,1,One
DATAFLOW,OECD.ELS.HD:DSD_SHA@DF_SHA(1.1),Health expenditure and financing,I,AUS,Australia,A,Annual,EXP_HEALTH,Expenditure,USD_PPP_PS,"US dollars per person, PPP converted",HF1,Government/compulsory schemes,_Z,Not application,_T,Total,_T,Total,_T,Total,_Z,Not applicable,_Z,Not applicable,V,Current prices,2017,,3510.626,,,,,,,,,,,,0,Units,1,One
DATAFLOW,OECD.ELS.HD:DSD_SHA@DF_SHA(1.1),Health expenditure and financing,I,AUS,Australia,A,Annual,EXP_HEALTH,Expenditure,USD_PPP_PS,"US dollars per person, PPP converted",HF1,Government/compulsory schemes,_Z,Not application,_T,Total,_T,Total,_T,Total,_Z,Not applicable,_Z,Not applicable,V,Current prices,2018,,3611.872,,,,,,,,,,,,0,Units,1,One
DATAFLOW,OECD.ELS.HD:DSD_SHA@DF_SHA(1.1),Health expenditure and financing,I,AUS,Australia,A,Annual,EXP_HEALTH,Expenditure,USD_PPP_PS,"US dollars per person, PPP converted",HF1,Government/compulsory schemes,_Z,Not application,_T,Total,_T,Total,_T,Total,_Z,Not applicable,_Z,Not applicable,V,Current prices,2019,,3768.123,,,,,,,,,,,,0,Units,1,One
DATAFLOW,OECD.ELS.HD:DSD_SHA@DF_SHA(1.1),Health expenditure and financing,I,AUS,Australia,A,Annual,EXP_HEALTH,Expenditure,USD_PPP_PS,"US dollars per person, PPP converted",HF1,Government/compulsory schemes,_Z,Not application,_T,Total,_T,Total,_T,Total,_Z,Not applicable,_Z,Not applicable,V,Current prices,2020,,4169.235,,,,,,,,,,,,0,Units,1,One
DATAFLOW,OECD.ELS.HD:DSD_SHA@DF_SHA(1.1),Health expenditure and financing,I,AUS,Australia,A,Annual,EXP_HEALTH,Expenditure,USD_PPP_PS,"US dollars per person, PPP converted",HF1,Government/compulsory schemes,_Z,Not application,_T,Total,_T,Total,_T,Total,_Z,Not applicable,_Z,Not applicable,V,Current prices,2021,,4840.313,,,,,,,,,,,,0,Units,1,One
DATAFLOW,OECD.ELS.HD:DSD_SHA@DF_SHA(1.1),Health expenditure and financing,I,AUS,Australia,A,Annual,EXP_HEALTH,Expenditure,USD_PPP_PS,"US dollars per person, PPP converted",HF1,Government/compulsory schemes,_Z,Not application,_T,Total,_T,Total,_T,Total,_Z,Not applicable,_Z,Not applicable,V,Current prices,2022,,5034.61,,,,,,,,,,,,0,Units,1,One
DATAFLOW,OECD.ELS.HD:DSD_SHA@DF_SHA(1.1),Health expenditure and financing,I,AUS,Australia,A,Annual,EXP_HEALTH,Expenditure,USD_PPP_PS,"US dollars per person, PPP converted",HF1,Government/compulsory schemes,_Z,Not application,_T,Total,_T,Total,_T,Total,_Z,Not applicable,_Z,Not applicable,V,Current prices,2023,,5487.012,,,,,,,,,,,,0,Units,1,One
DATAFLOW,OECD.ELS.HD:DSD_SHA@DF_SHA(1.1),Health expenditure and financing,I,AUS,Australia,A,Annual,EXP_HEALTH,Expenditure,USD_PPP_PS,"US dollars per person, PPP converted",_T,Total,_Z,Not application,_T,Total,_T,Total,_T,Total,_Z,Not applicable,_Z,Not applicable,V,Current prices,2015,,4755.736,,,,,,,,,,,,0,Units,1,One
DATAFLOW,OECD.ELS.HD:DSD_SHA@DF_SHA(1.1),Health expenditure and financing,I,AUS,Australia,A,Annual,EXP_HEALTH,Expenditure,USD_PPP_PS,"US dollars per person, PPP converted",_T,Total,_Z,Not application,_T,Total,_T,Total,_T,Total,_Z,Not applicable,_Z,Not applicable,V,Current prices,2016,,5037.412,,,,,,,,,,,,0,Units,1,One
DATAFLOW,OECD.ELS.HD:DSD_SHA@DF_SHA(1.1),Health expenditure and financing,I,AUS,Australia,A,Annual,EXP_HEALTH,Expenditure,USD_PPP_PS,"US dollars per person, PPP converted",_T,Total,_Z,Not application,_T,Total,_T,Total,_T,Total,_Z,Not applicable,_Z,Not applicable,V,Current prices,2017,,5077.451,,,,,,,,,,,,0,Units,1,One
DATAFLOW,OECD.ELS.HD:DSD_SHA@DF_SHA(1.1),Health expenditure and financing,I,AUS,Australia,A,Annual,EXP_HEALTH,Expenditure,USD_PPP_PS,"US dollars per person, PPP converted",_T,Total,_Z,Not application,_T,Total,_T,Total,_T,Total,_Z,Not applicable,_Z,Not applicable,V,Current prices,2018,,5226.117,,,,,,,,,,,,0,Units,1,One
DATAFLOW,OECD.ELS.HD:DSD_SHA@DF_SHA(1.1),Health expenditure and financing,I,AUS,Australia,A,Annual,EXP_HEALTH,Expenditure,USD_PPP_PS,"US dollars per person, PPP converted",_T,Total,_Z,Not application,_T,Total,_T,Total,_T,Total,_Z,Not applicable,_Z,Not applicable,V,Current prices,2019,,5280.909,,,,,,,,,,,,0,Units,1,One
DATAFLOW,OECD.ELS.HD:DSD_SHA@DF_SHA(1.1),Health expenditure and financing,I,AUS,Australia,A,Annual,EXP_HEALTH,Expenditure,USD_PPP_PS,"US dollars per person, PPP converted",_T,Total,_Z,Not application,_T,Total,_T,Total,_T,Total,_Z,Not applicable,_Z,Not applicable,V,Current prices,2020,,5855.181,,,,,,,,,,,,0,Units,1,One
DATAFLOW,OECD.ELS.HD:DSD_SHA@DF_SHA(1.1),Health expenditure and financing,I,AUS,Australia,A,Annual,EXP_HEALTH,Expenditure,USD_PPP_PS,"US dollars per person, PPP converted",_T,Total,_Z,Not application,_T,Total,_T,Total,_T,Total,_Z,Not applicable,_Z,Not applicable,V,Current prices,2021,,6592.259,,,,,,,,,,,,0,Units,1,One
DATAFLOW,OECD.ELS.HD:DSD_SHA@DF_SHA(1.1),Health expenditure and financing,I,AUS,Australia,A,Annual,EXP_HEALTH,Expenditure,USD_PPP_PS,"US dollars per person, PPP converted",_T,Total,_Z,Not application,_T,Total,_T,Total,_T,Total,_Z,Not applicable,_Z,Not applicable,V,Current prices,2022,,6982.292,,,,,,,,,,,,0,Units,1,One
DATAFLOW,OECD.ELS.HD:DSD_SHA@DF_SHA(1.1),Health expenditure and financing,I,AUS,Australia,A,Annual,EXP_HEALTH,Expenditure,USD_PPP_PS,"US dollars per person, PPP converted",_T,Total,_Z,Not application,_T,Total,_T,Total,_T,Total,_Z,Not applicable,_Z,Not applicable,V,Current prices,2023,,7574.073,,,,,,,,,,,,0,Units,1,One
